STUDY (ASN),PRIOR ASN,STATUS,DETERMINATION,ENTERED DATE,RECEIVED DATE,COMPLETION DATE,EXPIRATION DATE,LATITUDE,LONGITUDE,SURVEY_ACCURACY,MARKING LIGHTING TYPE,MARKING LIGHTING TYPE OTHER,STRUCTURE NAME,STRUCTURE CITY,STRUCTURE COUNTY NAME,STRUCTURE COUNTY ID,STRUCTURE STATE,NEAREST AIRPORT,DISTANCE FROM AIRPORT,DIRECTION FROM AIRPORT,ON AIRPORT,PROPOSAL DESCRIPTION,LOCATION DESCRIPTION,NOTICE OF,DURATION,DURATION DAYS,DURATION MONTHS,WORK SCHEDULE BEGINNING DATE,WORK SCHEDULE ENDING DATE,DATE BUILT,FCC NUMBER,STRUCTURE TYPE,AGL HEIGHT DET,AGL HEIGHT DNE,AGL HEIGHT PROPOSED,ELEVATION,AMSL HEIGHT DET,AMSL HEIGHT DNE,AMSL HEIGHT PROPOSED,"REPRESENTATIVE NAME ","SPONSOR NAME ","SIGNATURE CONTROL NUMBER ","FREQUENCY_JSON "
2025-AAL-1-NRA,2024-AAL-53-NRA,Determined - No Hazard,To Proponent,2025-01-03,2025-01-03,2025-02-26,,70.19859722,-148.48376944,4D,,,,DEADHORSE,North Slope,185,AK,DEADHORSE,0,,Y,"Request the use of temporary equipment to improve Deadhorse Airport. Closures and outages according to the CSPP. Submitted cases outline the entire work area. \r\nQAP will be working on a fence and embankment surrounding Deadhorse Airport. QAP will also be working on TWY A  TWY B  TWY D  TWY E  TWY F  the ARFF TWY  the Alaska Airlines TWY  the gravel TWY connecting to TWY F from the East  and placing fill in the infield areas of these taxiways including work within the ROFA. QAP will also be construction a temporary TWY between TWY A and the Alaska Airlines apron. QAP will also be working on Deadhorse Drive.\r\n\r\nWork on airport will last 28 months. Form will be renewed after 18 months.",,New Construction,Temporary,0,18,2025-06-01,2027-10-31,,,CONSTRUCTION$VEHICLE,,,25,68,,,93,QAP,Colaska dba QAP,,
2025-AAL-1-OE,,Determined - No Hazard,No Hazard,2025-01-03,2025-01-03,2025-01-29,2026-07-29,70.17278056,-148.58138889,4D,Red lights and flags,,P&A Rig,Deadhorse,North Slope,185,AK,DEADHORSE,16522,240.9,,Use of ice road for transportation between Deadhorse and wellsite for well plug and abandon (P&amp;amp;amp;amp;A) activities. A 108 foot coil unit will be used for P&amp;amp;A operations. See Project Summary page for more.,2.8 miles SW of SCC,New Construction,Temporary,0,3,2025-02-01,2025-04-30,,,CRANE$MOBILE,108,,108,66,174,,174,ASRC Consulting & Environmental,"ASRC Consulting and Environmental Services, LLC",643220104-645638838,
2025-AAL-2-NRA,2024-AAL-53-NRA,Determined - No Hazard,To Proponent,2025-01-03,2025-01-03,2025-02-26,,70.20355,-148.43050278,4D,,,,DEADHORSE,North Slope,185,AK,DEADHORSE,0,,Y,"Request the use of temporary equipment to improve Deadhorse Airport. Closures and outages according to the CSPP. Submitted cases outline the entire work area. \r\nQAP will be working on a fence and embankment surrounding Deadhorse Airport. QAP will also be working on TWY A  TWY B  TWY D  TWY E  TWY F  the ARFF TWY  the Alaska Airlines TWY  the gravel TWY connecting to TWY F from the East  and placing fill in the infield areas of these taxiways including work within the ROFA. QAP will also be construction a temporary TWY between TWY A and the Alaska Airlines apron. QAP will also be working on Deadhorse Drive.\r\n\r\nWork on airport will last 28 months. Form will be renewed after 18 months.",,New Construction,Temporary,0,18,2025-06-01,2027-10-31,,,CONSTRUCTION$VEHICLE,,,25,68,,,93,QAP,Colaska dba QAP,,
2025-AAL-2-OE,,Determined - No Hazard,No Hazard,2025-01-03,2025-01-03,2025-01-29,2026-07-29,70.20681667,-148.47683611,4D,None,,P&A access ice road,Deadhorse,North Slope,185,AK,DEADHORSE,4647,341.8,,Construction of a 4 mi ice road for winter access to an orphan well and pad site  to carry out plug and abandon activities.,4 mile ice road beginning from Airport Way road on Lake Colleen  just north of SCC. Runs west 2 mi  turns SW for 2 mi to work site.,New Construction,Temporary,0,3,2025-02-01,2025-04-30,,,TRAVERSE_WAY$PRIVATE_ROAD,12,,12,52,64,,64,ASRC Consulting & Environmental,"ASRC Consulting and Environmental Services, LLC",643220105-645639540,
2025-AAL-3-NRA,2024-AAL-53-NRA,Determined - No Hazard,To Proponent,2025-01-03,2025-01-03,2025-02-26,,70.20151667,-148.42068889,4D,,,,DEADHORSE,North Slope,185,AK,DEADHORSE,0,,Y,"Request the use of temporary equipment to improve Deadhorse Airport. Closures and outages according to the CSPP. Submitted cases outline the entire work area. \r\nQAP will be working on a fence and embankment surrounding Deadhorse Airport. QAP will also be working on TWY A  TWY B  TWY D  TWY E  TWY F  the ARFF TWY  the Alaska Airlines TWY  the gravel TWY connecting to TWY F from the East  and placing fill in the infield areas of these taxiways including work within the ROFA. QAP will also be construction a temporary TWY between TWY A and the Alaska Airlines apron. QAP will also be working on Deadhorse Drive.\r\n\r\nWork on airport will last 28 months. Form will be renewed after 18 months.",,New Construction,Temporary,0,18,2025-06-01,2027-10-31,,,CONSTRUCTION$VEHICLE,,,25,68,,,93,QAP,Colaska dba QAP,,
2025-AAL-3-OE,,Determined - No Hazard,No Hazard,2025-01-07,2025-01-07,2025-03-04,2026-09-04,61.26091667,-149.77857222,4D,None,,Soil gas monitoring well,Anchorage,Anchorage,20,AK,ELMENDORF AFB,6038,54.6,,This project will install  survey  and sample soil gas monitoring wells as 15 locations north of Hangar 15. The most demanding location is entered above.,The location is on JBER  Anchorage  AK. The site is in the NE quadrant of the field  north of Hangar 15.,New Construction,Temporary,0,6,2025-04-15,2025-10-15,,,CONSTRUCTION$VEHICLE,12,,12,224,236,,236,673 CIVIL ENGINEER SQ,673 CIVIL ENGINEER SQ,643479111-649251114,
2025-AAL-4-NRA,2024-AAL-53-NRA,Determined - No Hazard,To Proponent,2025-01-03,2025-01-03,2025-02-26,,70.19372778,-148.42824167,4D,,,,DEADHORSE,North Slope,185,AK,DEADHORSE,0,,Y,"Request the use of temporary equipment to improve Deadhorse Airport. Closures and outages according to the CSPP. Submitted cases outline the entire work area. \r\nQAP will be working on a fence and embankment surrounding Deadhorse Airport. QAP will also be working on TWY A  TWY B  TWY D  TWY E  TWY F  the ARFF TWY  the Alaska Airlines TWY  the gravel TWY connecting to TWY F from the East  and placing fill in the infield areas of these taxiways including work within the ROFA. QAP will also be construction a temporary TWY between TWY A and the Alaska Airlines apron. QAP will also be working on Deadhorse Drive.\r\n\r\nWork on airport will last 28 months. Form will be renewed after 18 months.",,New Construction,Temporary,0,18,2025-06-01,2027-10-31,,,CONSTRUCTION$VEHICLE,,,25,68,,,93,QAP,Colaska dba QAP,,
2025-AAL-4-OE,,Determined - No Hazard,No Hazard,2025-01-07,2025-01-07,2025-03-04,2026-09-04,61.26221111,-149.8015,4D,None,,OCR groundwater monitoring,Anchorage,Anchorage,20,AK,ELMENDORF AFB,4067,12.6,,This project drills and installs ground water monitoring wells on the airfield at two locations adjacent to hangar 21.,The site is located on JBER  Anchorage  AK. Work is adjacent to a hangar that is significantly taller than equipment.,New Construction,Temporary,0,6,2025-04-15,2025-10-15,,,CONSTRUCTION$OTHER,12,,12,210,222,,222,673 CIVIL ENGINEER SQ,673 CIVIL ENGINEER SQ,643479213-649251112,
2025-AAL-5-NRA,2024-AAL-53-NRA,Determined - No Hazard,To Proponent,2025-01-03,2025-01-03,2025-02-26,,70.18673889,-148.50362222,4D,,,,DEADHORSE,North Slope,185,AK,DEADHORSE,0,,Y,"Request the use of temporary equipment to improve Deadhorse Airport. Closures and outages according to the CSPP. Submitted cases outline the entire work area. \r\nQAP will be working on a fence and embankment surrounding Deadhorse Airport. QAP will also be working on TWY A  TWY B  TWY D  TWY E  TWY F  the ARFF TWY  the Alaska Airlines TWY  the gravel TWY connecting to TWY F from the East  and placing fill in the infield areas of these taxiways including work within the ROFA. QAP will also be construction a temporary TWY between TWY A and the Alaska Airlines apron. QAP will also be working on Deadhorse Drive.\r\n\r\nWork on airport will last 28 months. Form will be renewed after 18 months.",,New Construction,Temporary,0,18,2025-06-01,2027-10-31,,,CONSTRUCTION$VEHICLE,,,25,68,,,93,QAP,Colaska dba QAP,,
2025-AAL-5-OE,,Determined - No Hazard,No Hazard,2025-01-07,2025-01-07,2025-03-04,2026-09-04,61.26324167,-149.80928889,4D,None,,OCR groundwater monitoring,Anchorage,Anchorage,20,AK,ELMENDORF AFB,4374,353.6,,This project drills and installs ground water monitoring wells on the airfield at two locations adjacent to hangar 21.,The site is located on JBER  Anchorage  AK. Work is adjacent to a hangar that is significantly taller than equipment.,New Construction,Temporary,0,6,2025-04-15,2025-10-15,,,CONSTRUCTION$OTHER,12,,12,207,219,,219,673 CIVIL ENGINEER SQ,673 CIVIL ENGINEER SQ,643479214-649251120,
2025-AAL-6-NRA,2024-AAL-53-NRA,Determined - No Hazard,To Proponent,2025-01-03,2025-01-03,2025-02-26,,70.19365278,-148.50902778,4D,,,,DEADHORSE,North Slope,185,AK,DEADHORSE,0,,Y,"Request the use of temporary equipment to improve Deadhorse Airport. Closures and outages according to the CSPP. Submitted cases outline the entire work area. \r\nQAP will be working on a fence and embankment surrounding Deadhorse Airport. QAP will also be working on TWY A  TWY B  TWY D  TWY E  TWY F  the ARFF TWY  the Alaska Airlines TWY  the gravel TWY connecting to TWY F from the East  and placing fill in the infield areas of these taxiways including work within the ROFA. QAP will also be construction a temporary TWY between TWY A and the Alaska Airlines apron. QAP will also be working on Deadhorse Drive.\r\n\r\nWork on airport will last 28 months. Form will be renewed after 18 months.",,New Construction,Temporary,0,18,2025-06-01,2027-10-31,,,CONSTRUCTION$VEHICLE,,,25,68,,,93,QAP,Colaska dba QAP,,
2025-AAL-6-OE,,Determined - No Hazard,No Hazard,2025-01-07,2025-01-07,2025-03-04,2026-09-04,61.25436111,-149.81258333,4D,Red lights and flags,,HS 27 repairs,Anchorage,Anchorage,20,AK,ELMENDORF AFB,1532,315.9,,This project removes an old fuel pit and repairs a concrete hardstand.,The project site is located on JBER  in the northwest quadrant of the Elmendorf airfield. the project site is north of Taxiway M.,New Construction,Temporary,0,6,2025-04-15,2025-10-15,,,CONSTRUCTION$VEHICLE,80,,80,184,264,,264,673 CIVIL ENGINEER SQ,673 CIVIL ENGINEER SQ,643482293-649248795,
2025-AAL-7-OE,,Determined - No Hazard,No Hazard,2025-01-07,2025-01-08,2025-03-04,2026-09-04,61.25838889,-149.79947222,4D,Red lights and flags,,HS 20,Anchorage,Anchorage,20,AK,ELMENDORF AFB,2856,25.8,,Thir project includes removal of buried fuel tank and repairs to a concrete hardstand on the east ramp.,The project site is located on JBER  in the northwest quadrant of the Elmendorf Field. The project is located on the East Ramp.,New Construction,Temporary,0,6,2025-04-15,2025-10-15,,,CONSTRUCTION$VEHICLE,80,,80,209,289,,289,673 CIVIL ENGINEER SQ,673 CIVIL ENGINEER SQ,643483278-649248794,
2025-AAL-8-OE,,Determined - No Hazard,No Hazard,2025-01-07,2025-01-08,2025-03-04,2026-09-04,61.25644444,-149.78330556,4D,Red lights and flags,,Hangar 16 Asphalt Removal,Anchorage,Anchorage,20,AK,ELMENDORF AFB,4493,65.5,,This project converts a portion of paved infield to grass between Hangar 16 and Taxiway F.,The project site is on JBER  Anchorage  AK  in the northeast quadrant of the Elmendorf Airfield and east of Hangar 16.,New Construction,Temporary,0,6,2025-04-15,2025-10-15,,,CONSTRUCTION$VEHICLE,20,,20,208,228,,228,673 CIVIL ENGINEER SQ,673 CIVIL ENGINEER SQ,643483371-649248793,
2025-AAL-9-OE,,Determined - No Hazard,No Hazard,2025-01-07,2025-01-08,2025-02-19,2026-08-19,58.67230278,-156.6307,4D,Red lights and flags,,Sonic Drill Rig,King Salmon,Bristol Bay,60,AK,KING SALMON,3751,114.1,,Environmental Sampling at multiple sites on Air Force Side of King salmon airport and a few on ADOT airport property. Drilling rig will be used  and drill work could take up to 12-24 hours at each site. Temporary equipment used will not exceed 26ft AGL.,The location under this submission is to the north of King Salmon Airport and is marked on attached map (FT004-MW2504A),New Construction,Temporary,0,2,2025-05-01,2025-06-30,,,RIG$DRILLING,26,,26,74,100,,100,"Jacobs Engineering Group, Inc.",AFCEC/CZOP,643483460-647860861,
2025-AAL-10-NRA,,Determined - No Hazard,To Proponent,2025-01-08,2025-01-08,2025-03-19,,58.67870556,-156.64697222,4D,,,,KING SALMON,Bristol Bay,60,AK,KING SALMON,0,,Y,Request for use of temporary equipment. This notice is for proposed environmental sampling of soil and groundwater and monitoring well installation at Former Fire Training Areas FT001/FT001P and FT002/FT002P at the King Salmon Airport  AK. Boreholes will be drilled using a sonic drill rig. See attached figures for locations. Locations will be staked and geophysical clearance for utility avoidance will be performed prior to drilling. Monitoring wells will be developed after installation. The aforementioned activities are anticipated to take approximately 10 to 15 days to complete.,,New Construction,Temporary,0,2,2025-05-01,2025-06-30,,,RIG$DRILLING,,,26,45,,,71,"Jacobs Engineering Group, Inc.",AFCEC/CZOP,,
2025-AAL-10-OE,,Determined - No Hazard,No Hazard,2025-01-07,2025-01-08,2025-02-19,2026-08-19,58.69216111,-156.67509444,4D,None,,Sonic Drill Rig,King Salmon,Bristol Bay,60,AK,KING SALMON,7618,318.7,,Environmental Sampling at multiple sites on Air Force Side of King salmon airport and a few on ADOT airport property. Drilling rig will be used  and drill work could take up to 12-24 hours at each site. Temporary equipment used will not exceed 26ft AGL.,The location under this submission is to the north west of King Salmon Airport and are marked on attached map (OT027-MW2502B),New Construction,Temporary,0,2,2025-05-01,2025-06-30,,,RIG$DRILLING,26,,26,77,103,,103,"Jacobs Engineering Group, Inc.",AFCEC/CZOP,643483469-647859616,
2025-AAL-11-NRA,,Determined - No Hazard,To Proponent,2025-01-08,2025-01-08,2025-03-19,,58.67771667,-156.64541667,4D,,,,KING SALMON,Bristol Bay,60,AK,KING SALMON,0,,Y,Request for use of temporary equipment. This notice is for proposed environmental sampling of soil and groundwater and monitoring well installation at Former Fire Training Areas FT001/FT001P and FT002/FT002P at the King Salmon Airport  AK. Boreholes will be drilled using a sonic drill rig. See attached figures for locations. Locations will be staked and geophysical clearance for utility avoidance will be performed prior to drilling. Monitoring wells will be developed after installation. The aforementioned activities are anticipated to take approximately 10 to 15 days to complete.,,New Construction,Temporary,0,2,2025-05-01,2025-06-30,,,RIG$DRILLING,,,26,45,,,71,"Jacobs Engineering Group, Inc.",AFCEC/CZOP,,
2025-AAL-11-OE,,Determined - No Hazard,No Hazard,2025-01-07,2025-01-08,2025-03-04,2026-09-04,61.25122222,-149.80669444,4D,Red lights and flags,,Taxiway N infield,Anchorage,Anchorage,20,AK,ELMENDORF AFB,56,211.8,,This project converts an infield area between Runway 06/24 and Taxiway N. The project removes the asphalt pavement and plants grass.,The project site is located on JBER  Anchorage  AK in the southwest quadrant of the Elmendorf Airfield. The site is located between Runway 06/24 and Taxiway N.,New Construction,Temporary,0,6,2025-04-15,2025-10-15,,,CONSTRUCTION$VEHICLE,20,,20,183,203,,203,673 CIVIL ENGINEER SQ,673 CIVIL ENGINEER SQ,643483471-649248797,
2025-AAL-12-NRA,,Determined - No Hazard,To Proponent,2025-01-08,2025-01-08,2025-03-19,,58.67391111,-156.63836667,4D,,,,KING SALMON,Bristol Bay,60,AK,KING SALMON,0,,Y,Request for use of temporary equipment. This notice is for proposed environmental sampling of soil and groundwater and monitoring well installation at Former Fire Training Areas FT001/FT001P and FT002/FT002P at the King Salmon Airport  AK. Boreholes will be drilled using a sonic drill rig. See attached figures for locations. Locations will be staked and geophysical clearance for utility avoidance will be performed prior to drilling. Monitoring wells will be developed after installation. The aforementioned activities are anticipated to take approximately 10 to 15 days to complete.,,New Construction,Temporary,0,2,2025-05-01,2025-06-30,,,RIG$DRILLING,,,26,55,,,81,"Jacobs Engineering Group, Inc.",AFCEC/CZOP,,
2025-AAL-12-OE,,Determined - No Hazard,No Hazard,2025-01-07,2025-01-08,2025-03-04,2026-09-04,61.25706944,-149.77793056,4D,Red lights and flags,,Tree removal,Anchorage,Anchorage,20,AK,ELMENDORF AFB,5452,67.4,,This project includes clearing of vegetation and harvesting of mature trees of re-planting. There are three work areas  as shown on the attached map. The most demanding locations are entered as the three locations for this submittal.,This project is located on JBER  Anchorage  AK. The site is east of the Elmendorf Airfield  below the approach-departure surface,New Construction,Temporary,0,6,2025-04-15,2025-10-15,,,CONSTRUCTION$VEHICLE,15,,15,227,242,,242,673 CIVIL ENGINEER SQ,673 CIVIL ENGINEER SQ,643483558-649248789,
2025-AAL-13-NRA,,Determined - No Hazard,To Proponent,2025-01-08,2025-01-08,2025-03-19,,58.67512222,-156.63939444,4D,,,,KING SALMON,Bristol Bay,60,AK,KING SALMON,0,,Y,Request for use of temporary equipment. This notice is for proposed environmental sampling of soil and groundwater and monitoring well installation at Former Fire Training Areas FT001/FT001P and FT002/FT002P at the King Salmon Airport  AK. Boreholes will be drilled using a sonic drill rig. See attached figures for locations. Locations will be staked and geophysical clearance for utility avoidance will be performed prior to drilling. Monitoring wells will be developed after installation. The aforementioned activities are anticipated to take approximately 10 to 15 days to complete.,,New Construction,Temporary,0,2,2025-05-01,2025-06-30,,,RIG$DRILLING,,,26,50,,,76,"Jacobs Engineering Group, Inc.",AFCEC/CZOP,,
2025-AAL-13-OE,,Determined - No Hazard,No Hazard,2025-01-07,2025-01-08,2025-03-04,2026-09-04,61.25163611,-149.77793056,4D,Red lights and flags,,Tree removal,Anchorage,Anchorage,20,AK,ELMENDORF AFB,5037,88.8,,This project includes clearing of vegetation and harvesting of mature trees of re-planting. There are three work areas  as shown on the attached map. The most demanding locations are entered as the three locations for this submittal.,This project is located on JBER  Anchorage  AK. The site is east of the Elmendorf Airfield  below the approach-departure surface,New Construction,Temporary,0,6,2025-04-15,2025-10-15,,,CONSTRUCTION$VEHICLE,15,,15,218,233,,233,673 CIVIL ENGINEER SQ,673 CIVIL ENGINEER SQ,643483559-649248791,
2025-AAL-14-NRA,,Determined - No Hazard,To Proponent,2025-01-08,2025-01-08,2025-03-19,,58.67433333,-156.63915,4D,,,,KING SALMON,Bristol Bay,60,AK,KING SALMON,0,,Y,Request for use of temporary equipment. This notice is for proposed environmental sampling of soil and groundwater and monitoring well installation at Former Fire Training Areas FT001/FT001P and FT002/FT002P at the King Salmon Airport  AK. Boreholes will be drilled using a sonic drill rig. See attached figures for locations. Locations will be staked and geophysical clearance for utility avoidance will be performed prior to drilling. Monitoring wells will be developed after installation. The aforementioned activities are anticipated to take approximately 10 to 15 days to complete.,,New Construction,Temporary,0,2,2025-05-01,2025-06-30,,,RIG$DRILLING,,,26,55,,,81,"Jacobs Engineering Group, Inc.",AFCEC/CZOP,,
2025-AAL-14-OE,,Determined - No Hazard,No Hazard,2025-01-07,2025-01-08,2025-03-04,2026-09-04,61.25258056,-149.77004167,4D,None,,Tree removal,Anchorage,Anchorage,20,AK,ELMENDORF AFB,6441,86,,This project includes clearing of vegetation and harvesting of mature trees of re-planting. There are three work areas  as shown on the attached map. The most demanding locations are entered as the three locations for this submittal.,This project is located on JBER  Anchorage  AK. The site is east of the Elmendorf Airfield  below the approach-departure surface,New Construction,Temporary,0,6,2025-04-15,2025-10-15,,,CONSTRUCTION$VEHICLE,15,,15,228,243,,243,673 CIVIL ENGINEER SQ,673 CIVIL ENGINEER SQ,643483560-649251119,
2025-AAL-15-NRA,,Determined - No Hazard,To Proponent,2025-01-08,2025-01-08,2025-03-19,,58.67215,-156.64128611,4D,,,,KING SALMON,Bristol Bay,60,AK,KING SALMON,0,,Y,Request for use of temporary equipment. This request is in addition to the 5 cases previously submitted (2025-AAL-10-NRA to 2025-AAL-14-NRA).  This notice is for proposed environmental sampling of soil and groundwater and monitoring well installation at Former Fire Training Areas FT002/FT002P and FT004/FT004P at the King Salmon Airport  AK. Boreholes will be drilled using a sonic drill rig. See attached figures for locations. Locations will be staked and geophysical clearance for utility avoidance will be performed prior to drilling. Monitoring wells will be developed after installation. The aforementioned activities are anticipated to take approximately 10 to 15 days to complete.,,New Construction,Temporary,0,2,2025-05-01,2025-06-30,,,RIG$DRILLING,,,26,40,,,66,"Jacobs Engineering Group, Inc.",AFCEC/CZOP,,
2025-AAL-15-OE,,Determined - No Hazard,No Hazard,2025-01-07,2025-01-08,2025-03-04,2026-09-04,61.25440278,-149.83098889,4D,None,,Relocate Fire hydrants,Anchorage,Anchorage,20,AK,ELMENDORF AFB,4450,284.5,,This project will replace three fire hydrants that are located to close to apron edge  new fire hydrants will be installed further back from the apron edge.,The project is located on JBER  Anchorage  AK. The work area is located in the northwest quadrant adjacent to the Bravo Loop.,New Construction,Temporary,0,6,2025-04-15,2025-10-15,,,CONSTRUCTION$VEHICLE,30,,30,181,211,,211,673 CIVIL ENGINEER SQ,673 CIVIL ENGINEER SQ,643484057-649251111,
2025-AAL-16-NRA,,Determined - No Hazard,To Proponent,2025-01-08,2025-01-08,2025-03-19,,58.67216111,-156.64130278,4D,,,,KING SALMON,Bristol Bay,60,AK,KING SALMON,0,,Y,Request for use of temporary equipment. This request is in addition to the 5 cases previously submitted (2025-AAL-10-NRA to 2025-AAL-14-NRA). This notice is for proposed environmental sampling of soil and groundwater and monitoring well installation at Former Fire Training Areas FT002/FT002P and FT004/FT004P at the King Salmon Airport  AK. Boreholes will be drilled using a sonic drill rig. See attached figures for locations. Locations will be staked and geophysical clearance for utility avoidance will be performed prior to drilling. Monitoring wells will be developed after installation. The aforementioned activities are anticipated to take approximately 10 to 15 days to complete.,,New Construction,Temporary,0,2,2025-05-01,2025-06-30,,,RIG$DRILLING,,,26,40,,,66,"Jacobs Engineering Group, Inc.",AFCEC/CZOP,,
2025-AAL-16-OE,,Determined - No Hazard,No Hazard,2025-01-07,2025-01-08,2025-03-04,2026-09-04,61.25508056,-149.8295,4D,None,,Relocate Fire hydrants,Anchorage,Anchorage,20,AK,ELMENDORF AFB,4269,288.6,,This project will replace three fire hydrants that are located to close to apron edge  new fire hydrants will be installed further back from the apron edge.,The project is located on JBER  Anchorage  AK. The work area is located in the northwest quadrant adjacent to Bravo Loop.,New Construction,Temporary,0,6,2025-04-15,2025-10-15,,,CONSTRUCTION$VEHICLE,30,,30,182,212,,212,673 CIVIL ENGINEER SQ,673 CIVIL ENGINEER SQ,643484058-649251118,
2025-AAL-17-NRA,,Determined - No Hazard,To Proponent,2025-01-08,2025-01-08,2025-03-19,,58.67156944,-156.63580556,4D,,,,KING SALMON,Bristol Bay,60,AK,KING SALMON,0,,Y,Request for use of temporary equipment. This request is in addition to the 5 cases previously submitted (2025-AAL-10-NRA to 2025-AAL-14-NRA). This notice is for proposed environmental sampling of soil and groundwater and monitoring well installation at Former Fire Training Areas FT002/FT002P and FT004/FT004P at the King Salmon Airport  AK. Boreholes will be drilled using a sonic drill rig. See attached figures for locations. Locations will be staked and geophysical clearance for utility avoidance will be performed prior to drilling. Monitoring wells will be developed after installation. The aforementioned activities are anticipated to take approximately 10 to 15 days to complete.,,New Construction,Temporary,0,2,2025-05-01,2025-06-30,,,RIG$DRILLING,,,26,50,,,76,"Jacobs Engineering Group, Inc.",AFCEC/CZOP,,
2025-AAL-17-OE,,Determined - No Hazard,No Hazard,2025-01-07,2025-01-08,2025-03-04,2026-09-04,61.259625,-149.81133333,4D,None,,Relocate Fire hydrants,Anchorage,Anchorage,20,AK,ELMENDORF AFB,3140,344.4,,This project will replace three fire hydrants that are located to close to apron edge  new fire hydrants will be installed further back from the apron edge.,The project is located on JBER  Anchorage  AK. The work area is located in the northwest quadrant adjacent to the East Ramp.,New Construction,Temporary,0,6,2025-04-15,2025-10-15,,,CONSTRUCTION$VEHICLE,30,,30,199,229,,229,673 CIVIL ENGINEER SQ,673 CIVIL ENGINEER SQ,643484059-649251115,
2025-AAL-18-NRA,,Determined - No Hazard,To Proponent,2025-01-08,2025-01-08,2025-03-19,,58.67159722,-156.63588889,4D,,,,KING SALMON,Bristol Bay,60,AK,KING SALMON,0,,Y,Request for use of temporary equipment. This request is in addition to the 5 cases previously submitted (2025-AAL-10-NRA to 2025-AAL-14-NRA). This notice is for proposed environmental sampling of soil and groundwater and monitoring well installation at Former Fire Training Areas FT002/FT002P and FT004/FT004P at the King Salmon Airport  AK. Boreholes will be drilled using a sonic drill rig. See attached figures for locations. Locations will be staked and geophysical clearance for utility avoidance will be performed prior to drilling. Monitoring wells will be developed after installation. The aforementioned activities are anticipated to take approximately 10 to 15 days to complete.,,New Construction,Temporary,0,2,2025-05-01,2025-06-30,,,RIG$DRILLING,,,26,50,,,76,"Jacobs Engineering Group, Inc.",AFCEC/CZOP,,
2025-AAL-18-OE,,Determined - No Hazard,No Hazard,2025-01-07,2025-01-08,2025-03-04,2026-09-04,61.25875833,-149.81063333,4D,None,,Relocate Fuel shut-off,Anchorage,Anchorage,20,AK,ELMENDORF AFB,2802,345,,This project relocates a fuel shut-of to provide lateral clearance from Taxiway K.,The project site is located on JBER  Anchorage  AK. The project is located in the northwest quadrant of the Elmendorf airfield  adjacent to Taxiway K and Herc Ramp.,New Construction,Temporary,0,6,2025-04-15,2025-10-15,,,CONSTRUCTION$VEHICLE,30,,30,197,227,,227,673 CIVIL ENGINEER SQ,673 CIVIL ENGINEER SQ,643484064-649251116,
2025-AAL-19-NRA,,Determined - No Hazard,To Proponent,2025-01-09,2025-01-09,2025-03-10,,64.73888889,-156.94722222,4D,,,,GALENA,Yukon-Koyukuk,290,AK,EDWARD G PITKA SR,0,,Y,"Erecting a 40x45 ATCO \"Fold-A-Way\" building on the existing concrete slab (Lot 11B)  the height of the final structure will be 22 feet AGL at its roof crest. A 40x60 area will be utilized for the erection of the structure/building. The maximum height of the crane used for the assembly will be less than 35 feet AGL. Two PDF&apos;s will be added to illustrate; one (1) for the construction area  and one (1) for the structure footprint. Eight (8) corner locations will be added to this case  four (4) for the structure and four(4) for the construction area.",,New Construction,Permanent,,,2025-04-01,2025-05-01,,,BUILDING,,,22,154,,,176,YUKON GAL LLC,YUKON GAL LLC,,
2025-AAL-19-OE,,Determined - No Hazard,No Hazard,2025-01-08,2025-01-08,2025-03-04,2026-09-04,61.24533611,-149.83710556,4D,None,,Remove fuel dispenser and underground tank,Anchorage,Anchorage,20,AK,ELMENDORF AFB,5818,247.8,,This project removes a fuel dispensing system from the Hangar 7 ramp area. The project may also include the removal of a underground fuel storage tank. The two points given defines the work area limits closest to Runway 06/24,The project is located on JBER  Anchorage  AK. The project site is in the southwest quadrant of the airfield  adjacent to Hangar 7 and the west ramp.,New Construction,Temporary,0,6,2025-04-15,2025-10-15,,,CONSTRUCTION$VEHICLE,30,,30,160,190,,190,673 CIVIL ENGINEER SQ,673 CIVIL ENGINEER SQ,643521673-649251113,
2025-AAL-20-NRA,2024-AAL-1766-NRA,Determined - No Hazard,To Proponent,2025-01-09,2025-01-09,2025-03-10,,64.73911667,-156.94745,4D,,,,GALENA,Yukon-Koyukuk,290,AK,EDWARD G PITKA SR,0,,Y,"Erecting a 40x45 ATCO \"Fold-A-Way\" building on the existing concrete slab (Lot 11B)  the height of the final structure will be 22 feet AGL at its roof crest. A 40x60 area will be utilized for the erection of the structure/buildig. The maximum height of the crane used for the assembly will be less than 35 feet AGL. Two PDF's will be added to illustrate; one (1) for the construction area  and one (1) for the structure footprint. Eight (8) corner locations will be added to this case  four (4) for the structure and four(4) for the construction area.",,New Construction,Permanent,,,2025-04-01,2025-05-01,,,BUILDING,,,35,154,,,189,YUKON GAL LLC,YUKON GAL LLC,,
2025-AAL-20-OE,,Determined - No Hazard,No Hazard,2025-01-08,2025-01-08,2025-03-04,2026-09-04,61.24535,-149.83692778,4D,None,,Remove fuel dispenser and underground tank,Anchorage,Anchorage,20,AK,ELMENDORF AFB,5787,247.7,,This project removes a fuel dispensing system from the Hangar 7 ramp area. The project may also include the removal of a underground fuel storage tank. The two points given defines the work area limits closest to Runway 06/24,The project is located on JBER  Anchorage  AK. The project site is in the southwest quadrant of the airfield  adjacent to Hangar 7 and the west ramp.,New Construction,Temporary,0,6,2025-04-15,2025-10-15,,,CONSTRUCTION$VEHICLE,30,,30,161,191,,191,673 CIVIL ENGINEER SQ,673 CIVIL ENGINEER SQ,643521674-649251121,
2025-AAL-21-NRA,2024-AAL-1766-NRA,Determined - No Hazard,To Proponent,2025-01-09,2025-01-09,2025-03-10,,64.73912222,-156.94718056,4D,,,,GALENA,Yukon-Koyukuk,290,AK,EDWARD G PITKA SR,0,,Y,"Erecting a 40x45 ATCO \"Fold-A-Way\" building on the existing concrete slab (Lot 11B)  the height of the final structure will be 22 feet AGL at its roof crest. A 40x60 area will be utilized for the erection of the structure/buildig. The maximum height of the crane used for the assembly will be less than 35 feet AGL. Two PDF's will be added to illustrate; one (1) for the construction area  and one (1) for the structure footprint. Eight (8) corner locations will be added to this case  four (4) for the structure and four(4) for the construction area.",,New Construction,Permanent,,,2025-04-01,2025-05-01,,,BUILDING,,,35,154,,,189,YUKON GAL LLC,YUKON GAL LLC,,
2025-AAL-21-OE,2023-AAL-153-OE,Determined - No Hazard,No Hazard,2025-01-08,2025-01-08,2025-03-04,2026-09-04,61.25294444,-149.79344444,4D,Red lights and flags,,Runway 16/34 Extension - rwy intersection,Anchorage,Anchorage,20,AK,ELMENDORF AFB,2376,75.8,,The Runway 16/34 Extension project included an intersection closure in 2024  but work remains. Work inside 280 feet form 06/24 CL anticipated in 2026  work in area indicated as Stage 3b will commence this summer. Work includes airfield electrical and repaving.,This project is located on JBER. The work area is the portion of Runway 16/34 extension from Taxiway N to 280 feet north of runway 06/24 centerline.,New Construction,Temporary,0,6,2025-04-15,2025-10-15,,,CONSTRUCTION$VEHICLE,17,,17,202,219,,219,673 CIVIL ENGINEER SQ,673 CIVIL ENGINEER SQ,643528427-649248790,
2025-AAL-22-NRA,2024-AAL-1766-NRA,Determined - No Hazard,To Proponent,2025-01-09,2025-01-09,2025-03-10,,64.73896389,-156.94715278,4D,,,,GALENA,Yukon-Koyukuk,290,AK,EDWARD G PITKA SR,0,,Y,"Erecting a 40x45 ATCO \"Fold-A-Way\" building on the existing concrete slab (Lot 11B)  the height of the final structure will be 22 feet AGL at its roof crest. A 40x60 area will be utilized for the erection of the structure/buildig. The maximum height of the crane used for the assembly will be less than 35 feet AGL. Two PDF's will be added to illustrate; one (1) for the construction area  and one (1) for the structure footprint. Eight (8) corner locations will be added to this case  four (4) for the structure and four(4) for the construction area.",,New Construction,Permanent,,,2025-04-01,2025-05-01,,,BUILDING,,,35,154,,,189,YUKON GAL LLC,YUKON GAL LLC,,
2025-AAL-22-OE,,Determined - No Hazard,No Hazard,2025-01-08,2025-01-08,2025-03-04,2026-09-04,61.24852778,-149.84540278,4D,Red lights and flags,,Transfer pipeline study,Anchorage,Anchorage,20,AK,ELMENDORF AFB,6925,261.4,,This project includes field investigations of the underground line using utility locator and GPD equipment. Work will be done during period of no operations in the field. No ground disturbance is expected under this project.,The project site is on JBER  on the west half of the Elmendorf airfield. The project traces an underground line from Hangar 1 along aprons and Taxiway N  routed around Runway 06. The location given above is the most demanding location.,New Construction,Temporary,0,6,2025-04-15,2025-10-15,,,CONSTRUCTION$VEHICLE,6,,6,181,187,,187,673 CIVIL ENGINEER SQ,673 CIVIL ENGINEER SQ,643535097-649248788,
2025-AAL-23-NRA,2024-AAL-1766-NRA,Determined - No Hazard,To Proponent,2025-01-09,2025-01-09,2025-03-10,,64.73895278,-156.94741389,4D,,,,GALENA,Yukon-Koyukuk,290,AK,EDWARD G PITKA SR,0,,Y,"Erecting a 40x45 ATCO \"Fold-A-Way\" building on the existing concrete slab (Lot 11B)  the height of the final structure will be 22 feet AGL at its roof crest. A 40x60 area will be utilized for the erection of the structure/buildig. The maximum height of the crane used for the assembly will be less than 35 feet AGL. Two PDF's will be added to illustrate; one (1) for the construction area  and one (1) for the structure footprint. Eight (8) corner locations will be added to this case  four (4) for the structure and four(4) for the construction area.",,New Construction,Permanent,,,2025-04-01,2025-05-01,,,BUILDING,,,35,154,,,189,YUKON GAL LLC,YUKON GAL LLC,,
2025-AAL-23-OE,,Determined - No Hazard,No Hazard,2025-01-08,2025-01-08,2025-03-04,2026-09-04,61.25841944,-149.77859444,4D,Red lights and flags,,90th AGE Canopy,Anchorage,Anchorage,20,AK,ELMENDORF AFB,5556,62.3,,This project uses a crane to install a canopy over an Equipment storage area. The work is below the transitional surface of Runway 06/24.,The project site is located on JBER  Anchorage  AK. The site is in the northeast quadrant of the Elmendorf airfield  south of Hangar 15.,New Construction,Temporary,0,6,2025-04-15,2025-10-15,,,CRANE$MOBILE,65,,65,222,287,,287,673 CIVIL ENGINEER SQ,673 CIVIL ENGINEER SQ,643538138-649248798,
2025-AAL-24-NRA,2024-AAL-1766-NRA,Determined - No Hazard,To Proponent,2025-01-09,2025-01-09,2025-03-10,,64.73911667,-156.94745,4D,,,,GALENA,Yukon-Koyukuk,290,AK,EDWARD G PITKA SR,0,,Y,"Erecting a 40x45 ATCO \"Fold-A-Way\" building on the existing concrete slab (Lot 11B)  the height of the final structure will be 22 feet AGL at its roof crest. A 40x60 area will be utilized for the erection of the structure/buildig. The maximum height of the crane used for the assembly will be less than 35 feet AGL. Two PDF's will be added to illustrate; one (1) for the construction area  and one (1) for the structure footprint. Eight (8) corner locations will be added to this case  four (4) for the structure and four(4) for the construction area.",,New Construction,Permanent,,,2025-04-01,2025-05-01,,,BUILDING,,,22,154,,,176,YUKON GAL LLC,YUKON GAL LLC,,
2025-AAL-24-OE,,Determined - No Hazard,No Hazard,2025-01-08,2025-01-08,2025-03-04,2026-09-04,61.25645556,-149.81875278,4D,None,,MAC Age Service Station,Anchorage,Anchorage,20,AK,ELMENDORF AFB,2849,310.9,,This project uses a 65-foot crane to install a canopy over an equipment service station. The site is accessible from landside without impact on airfield operations.,The project site is located on JBER  in Anchorage  AK. The project is in the northwest quadrant of the airfield  more than 2 000 from Runway 06/24 Centerline.,New Construction,Temporary,0,6,2025-04-15,2025-10-15,,,CRANE$MOBILE,65,,65,191,256,,256,673 CIVIL ENGINEER SQ,673 CIVIL ENGINEER SQ,643544711-649251117,
2025-AAL-25-NRA,2024-AAL-1766-NRA,Determined - No Hazard,To Proponent,2025-01-09,2025-01-09,2025-03-10,,64.73912222,-156.94718056,4D,,,,GALENA,Yukon-Koyukuk,290,AK,EDWARD G PITKA SR,0,,Y,"Erecting a 40x45 ATCO \"Fold-A-Way\" building on the existing concrete slab (Lot 11B)  the height of the final structure will be 22 feet AGL at its roof crest. A 40x60 area will be utilized for the erection of the structure/buildig. The maximum height of the crane used for the assembly will be less than 35 feet AGL. Two PDF's will be added to illustrate; one (1) for the construction area  and one (1) for the structure footprint. Eight (8) corner locations will be added to this case  four (4) for the structure and four(4) for the construction area.",,New Construction,Permanent,,,2025-04-01,2025-05-01,,,BUILDING,,,22,154,,,176,YUKON GAL LLC,YUKON GAL LLC,,
2025-AAL-25-OE,,Determined - No Hazard,No Hazard,2025-01-08,2025-01-08,2025-03-04,2026-09-04,61.24947222,-149.80816389,4D,Red lights and flags,,Fillstand upgrade Fuel Farm 4,Anchorge,Anchorage,20,AK,ELMENDORF AFB,746,202.8,,Thsi project constructs new concrete vehicle containment area  equipment islands and fillstand equipment at Tank Farm 4. Some installation will require use of crane.,This project is located on JBER in Anchorage  AK. The project work area is in the southwest quadrant of the Elmendorf Field. The project site is adjacent to the Gold Ramp.,New Construction,Temporary,0,6,2025-04-15,2025-10-15,,,CRANE$MOBILE,65,,65,189,254,,254,673 CIVIL ENGINEER SQ,673 CIVIL ENGINEER SQ,643555033-649248799,
2025-AAL-26-NRA,2024-AAL-1766-NRA,Determined - No Hazard,To Proponent,2025-01-09,2025-01-09,2025-03-10,,64.739,-156.94716111,4D,,,,GALENA,Yukon-Koyukuk,290,AK,EDWARD G PITKA SR,0,,Y,"Erecting a 40x45 ATCO \"Fold-A-Way\" building on the existing concrete slab (Lot 11B)  the height of the final structure will be 22 feet AGL at its roof crest. A 40x60 area will be utilized for the erection of the structure/buildig. The maximum height of the crane used for the assembly will be less than 35 feet AGL. Two PDF's will be added to illustrate; one (1) for the construction area  and one (1) for the structure footprint. Eight (8) corner locations will be added to this case  four (4) for the structure and four(4) for the construction area.",,New Construction,Permanent,,,2025-04-01,2025-05-01,,,BUILDING,,,22,154,,,176,YUKON GAL LLC,YUKON GAL LLC,,
2025-AAL-26-OE,,Determined - No Hazard,No Hazard,2025-01-08,2025-01-08,2025-03-24,2026-09-24,61.59277778,-149.80388889,4D,None,,Houston Phase 2 Solar Farm,Houston,Matanuska-Susitna,170,AK,BIG LAKE,21294,4.1,,25-50 MW Utility scale solar farm.  The solar array height across the property will be 10-15' tall. The overhead electrical height is estimated to be 40ft. A proposed layout drawing is attached,Township 17N Range 3W Section 3 Lot B1,New Construction,Permanent,,,2026-07-15,2029-12-31,,,ELECTRICAL_SYSTEM$SOLAR_PANEL,40,,40,208,248,,248,Renewable IPP,Renewable IPP,,
2025-AAL-27-NRA,2024-AAL-1766-NRA,Determined - No Hazard,To Proponent,2025-01-09,2025-01-09,2025-03-10,,64.73899722,-156.94741944,4D,,,,GALENA,Yukon-Koyukuk,290,AK,EDWARD G PITKA SR,0,,Y,"Erecting a 40x45 ATCO \"Fold-A-Way\" building on the existing concrete slab (Lot 11B)  the height of the final structure will be 22 feet AGL at its roof crest. A 40x60 area will be utilized for the erection of the structure/buildig. The maximum height of the crane used for the assembly will be less than 35 feet AGL. Two PDF's will be added to illustrate; one (1) for the construction area  and one (1) for the structure footprint. Eight (8) corner locations will be added to this case  four (4) for the structure and four(4) for the construction area.",,New Construction,Permanent,,,2025-04-01,2025-05-01,,,BUILDING,,,22,154,,,176,YUKON GAL LLC,YUKON GAL LLC,,
2025-AAL-27-OE,2009-AAL-169-OE,Determined - No Hazard,No Hazard,2025-01-08,2025-01-08,2025-02-07,,63.64337222,-148.78691667,2C,None,,US-AK-5172 McKinley Village,Denali,Denali,68,AK,MC KINLEY NTL PARK,38317,148.3,,Adding frequencies - MB,Mile 229.4 Parks Highway,Existing,Permanent,,,,,,,TOWER$ANTENNA,183,,183,2152,2335,,2335,Vertical Bridge,"Vertical Bridge S3 Assets, LLC",643585120-646770051,"{\"frequencies\":[{\"band\":{\"value\":[806,824],\"uom\":\"MHz\"},\"erp\":{\"value\":500,\"uom\":\"W\"},\"standard\":1,\"purpose\":\"colo_void\"},{\"band\":{\"value\":[824,849],\"uom\":\"MHz\"},\"erp\":{\"value\":500,\"uom\":\"W\"},\"standard\":2,\"purpose\":\"colo_void\"},{\"band\":{\"value\":[851,866],\"uom\":\"MHz\"},\"erp\":{\"value\":500,\"uom\":\"W\"},\"standard\":3,\"purpose\":\"colo_void\"},{\"band\":{\"value\":[869,894],\"uom\":\"MHz\"},\"erp\":{\"value\":500,\"uom\":\"W\"},\"standard\":4,\"purpose\":\"colo_void\"},{\"band\":{\"value\":[896,901],\"uom\":\"MHz\"},\"erp\":{\"value\":500,\"uom\":\"W\"},\"standard\":5,\"purpose\":\"colo_void\"},{\"band\":{\"value\":[901,902],\"uom\":\"MHz\"},\"erp\":{\"value\":7,\"uom\":\"W\"},\"standard\":6,\"purpose\":\"colo_void\"},{\"band\":{\"value\":[930,931],\"uom\":\"MHz\"},\"erp\":{\"value\":3500,\"uom\":\"W\"},\"standard\":7,\"purpose\":\"colo_void\"},{\"band\":{\"value\":[931,932],\"uom\":\"MHz\"},\"erp\":{\"value\":3500,\"uom\":\"W\"},\"standard\":8,\"purpose\":\"colo_void\"},{\"band\":{\"value\":[932,932.5],\"uom\":\"MHz\"},\"erp\":{\"value\":17,\"uom\":\"dBW\"},\"standard\":9,\"purpose\":\"colo_void\"},{\"band\":{\"value\":[935,940],\"uom\":\"MHz\"},\"erp\":{\"value\":1000,\"uom\":\"W\"},\"standard\":10,\"purpose\":\"colo_void\"},{\"band\":{\"value\":[940,941],\"uom\":\"MHz\"},\"erp\":{\"value\":3500,\"uom\":\"W\"},\"standard\":11,\"purpose\":\"colo_void\"},{\"band\":{\"value\":[1850,1910],\"uom\":\"MHz\"},\"erp\":{\"value\":1640,\"uom\":\"W\"},\"standard\":12,\"purpose\":\"colo_void\"},{\"band\":{\"value\":[1930,1990],\"uom\":\"MHz\"},\"erp\":{\"value\":1640,\"uom\":\"W\"},\"standard\":13,\"purpose\":\"colo_void\"},{\"band\":{\"value\":[2305,2310],\"uom\":\"MHz\"},\"erp\":{\"value\":2000,\"uom\":\"W\"},\"standard\":14,\"purpose\":\"colo_void\"},{\"band\":{\"value\":[2345,2360],\"uom\":\"MHz\"},\"erp\":{\"value\":2000,\"uom\":\"W\"},\"standard\":15,\"purpose\":\"colo_void\"},{\"band\":{\"value\":[698,806],\"uom\":\"MHz\"},\"erp\":{\"value\":1000,\"uom\":\"W\"},\"standard\":16,\"purpose\":\"colo_void\"},{\"band\":{\"value\":[6,7],\"uom\":\"GHz\"},\"erp\":{\"value\":42,\"uom\":\"dBW\"},\"standard\":76,\"purpose\":\"colo_void\"},{\"band\":{\"value\":[10,11.7],\"uom\":\"GHz\"},\"erp\":{\"value\":42,\"uom\":\"dBW\"},\"standard\":77,\"purpose\":\"colo_void\"},{\"band\":{\"value\":[17.7,19.7],\"uom\":\"GHz\"},\"erp\":{\"value\":42,\"uom\":\"dBW\"},\"standard\":78,\"purpose\":\"colo_void\"},{\"band\":{\"value\":[21.2,23.6],\"uom\":\"GHz\"},\"erp\":{\"value\":42,\"uom\":\"dBW\"},\"standard\":79,\"purpose\":\"colo_void\"},{\"band\":{\"value\":[806,901],\"uom\":\"MHz\"},\"erp\":{\"value\":500,\"uom\":\"W\"},\"standard\":80,\"purpose\":\"colo_void\"},{\"band\":{\"value\":[929,932],\"uom\":\"MHz\"},\"erp\":{\"value\":3500,\"uom\":\"W\"},\"standard\":81,\"purpose\":\"colo_void\"},{\"band\":{\"value\":[1670,1675],\"uom\":\"MHz\"},\"erp\":{\"value\":500,\"uom\":\"W\"},\"standard\":82,\"purpose\":\"colo_void\"},{\"band\":{\"value\":[1710,1755],\"uom\":\"MHz\"},\"erp\":{\"value\":500,\"uom\":\"W\"},\"standard\":83,\"purpose\":\"colo_void\"},{\"band\":{\"value\":[1850,1990],\"uom\":\"MHz\"},\"erp\":{\"value\":1640,\"uom\":\"W\"},\"standard\":84,\"purpose\":\"colo_void\"},{\"band\":{\"value\":[1990,2025],\"uom\":\"MHz\"},\"erp\":{\"value\":500,\"uom\":\"W\"},\"standard\":85,\"purpose\":\"colo_void\"},{\"band\":{\"value\":[2110,2200],\"uom\":\"MHz\"},\"erp\":{\"value\":500,\"uom\":\"W\"},\"standard\":86,\"purpose\":\"colo_void\"},{\"band\":{\"value\":[2305,2360],\"uom\":\"MHz\"},\"erp\":{\"value\":2000,\"uom\":\"W\"},\"standard\":87,\"purpose\":\"colo_void\"},{\"band\":{\"value\":[2496,2690],\"uom\":\"MHz\"},\"erp\":{\"value\":500,\"uom\":\"W\"},\"standard\":88,\"purpose\":\"colo_void\"},{\"band\":{\"value\":[6,7],\"uom\":\"GHz\"},\"erp\":{\"value\":55,\"uom\":\"dBW\"},\"standard\":89,\"purpose\":\"colo_void\"},{\"band\":{\"value\":[10,11.7],\"uom\":\"GHz\"},\"erp\":{\"value\":55,\"uom\":\"dBW\"},\"standard\":90,\"purpose\":\"colo_void\"},{\"band\":{\"value\":[17.7,19.7],\"uom\":\"GHz\"},\"erp\":{\"value\":55,\"uom\":\"dBW\"},\"standard\":91,\"purpose\":\"colo_void\"},{\"band\":{\"value\":[21.2,23.6],\"uom\":\"GHz\"},\"erp\":{\"value\":55,\"uom\":\"dBW\"},\"standard\":92,\"purpose\":\"colo_void\"},{\"band\":{\"value\":[614,698],\"uom\":\"MHz\"},\"erp\":{\"value\":1000,\"uom\":\"W\"},\"standard\":93,\"purpose\":\"data_entry\"},{\"band\":{\"value\":[614,698],\"uom\":\"MHz\"},\"erp\":{\"value\":2000,\"uom\":\"W\"},\"standard\":94,\"purpose\":\"data_entry\"}]}"
2025-AAL-28-OE,,Determined - No Hazard,No Hazard,2025-01-15,2025-01-15,2025-02-07,,60.86156389,-162.27965556,4D,None,,SIDE MOUTN: Atmautluak - School 4454,Atmautuak,Bethel,50,AK,ATMAUTLUAK,2498,202.6,,The overall height of the StarLink antenna will be 33 feet AGL.  The antenna will protrude above the rooftop by approximately 1-2 feet.  The building height at its highest point is 43 feet.,101 Village Road  rooftop,Existing,Permanent,,,,,,,BUILDING$SCHOOL,43,,43,3,46,,46,GCI,GCI Communication Corp,644338479-646769714,"{\"frequencies\":[{\"band\":{\"value\":[14000,14500],\"uom\":\"MHz\"},\"erp\":{\"value\":6,\"uom\":\"W\"},\"standard\":false}],\"overlaps\":[{\"recorded\":\"2025-01-15T20:34:42Z\",\"reason\":\"StarLink (SpaceX) Over-the-Counter antenna operating in the Ku-Band, 47 CFR Part 25\"}]}"
2025-AAL-29-OE,,Determined - No Hazard,No Hazard,2025-01-15,2025-01-15,2025-02-07,,60.15739722,-164.28174444,4D,None,,SIDE MOUNT: Chefornak School 4625,Chefornak,Bethel,50,AK,CHEFORNAK,7314,353.9,,The overall height of the StarLink antenna will be 48 feet AGL.  The antenna will protrude above the rooftop by approximately 1-2 feet.  The building height at its highest point is 50 feet.,102 Village Road rooftop,Existing,Permanent,,,,,,,BUILDING$SCHOOL,50,,50,6,56,,56,GCI,GCI Communication Corp,644338813-646769411,"{\"frequencies\":[{\"band\":{\"value\":[14000,14500],\"uom\":\"MHz\"},\"erp\":{\"value\":6,\"uom\":\"W\"},\"standard\":false}],\"overlaps\":[{\"recorded\":\"2025-01-15T20:43:23Z\",\"reason\":\"StarLink (SpaceX) Over-the-Counter antenna operating in the Ku-Band, 47 CFR Part 25\"}]}"
2025-AAL-30-OE,,Determined - No Hazard,No Hazard,2025-01-15,2025-01-15,2025-02-07,,59.93620833,-164.0374,4D,None,,SIDE MOUNT: Kipnuk School 4474,Kipnuk,Bethel,50,AK,KIPNUK,2393,314.6,,The overall height of the StarLink antenna will be 35 feet AGL.  The antenna will protrude above the rooftop by approximately 1-2 feet.  The building height at its highest point is 40 feet.,Kipnuk School rooftop,Existing,Permanent,,,,,,,BUILDING$SCHOOL,50,,50,13,63,,63,GCI,GCI Communication Corp,644339301-646769163,"{\"frequencies\":[{\"band\":{\"value\":[14000,14500],\"uom\":\"kHz\"},\"erp\":{\"value\":6,\"uom\":\"W\"},\"standard\":false}],\"overlaps\":[{\"recorded\":\"2025-01-15T20:50:43Z\",\"reason\":\"StarLink (SpaceX) Over-the-Counter antenna operating in the Ku-Band, 47 CFR Part 25\"}]}"
2025-AAL-31-NRA,,Determined - No Hazard,To Proponent,2025-01-21,2025-01-21,2025-03-21,,58.0962,-135.40875556,4D,,,Geotechnical Drilling,HOONAH,Hoonah-Angoon,105,AK,HOONAH,0,,Y,"Request use of temporary equipment. Work schedule start and end dates are approximate.\r\n\r\nThe Alaska Department of Transportation &amp; Public Facilities (DOT&PF) proposes to rehabilitate the Hoonah Airport (HNH)  in Hoonah Alaska. The work proposed here is for subsurface exploration to support the rehabilitation project in accordance with Federal Aviation Administration (FAA) Advisory Circular (AC) 150/5320-6G.\r\n\r\nThe following borings will be performed based on this guidance:\r\nEighteen four-foot-deep borings along the runway at 200 foot spacing. Dynamic cone penetration (DCP) tests will be conducted at each location.\r\n\r\nFour  four-foot-deep boring completed on each taxiway with DCP tests at each location.\r\n\r\nSeven  four-foot-deep boring",,New Construction,Temporary,8,0,2025-06-02,2025-06-10,,,RIG$DRILLING,,,30,21,,,51,AK DOT&PF,Alaska Department of Transportation,,
2025-AAL-31-OE,,Determined - No Hazard,No Hazard,2025-01-15,2025-01-15,2025-02-07,,60.87301944,-162.516225,4D,None,,SIDE MOUNT: LKSD Akula School 4628,Kasigluk,Bethel,50,AK,KASIGLUK,1445,94.6,,The overall height of the StarLink antenna will be 32 feet AGL.  The antenna will protrude above the rooftop by approximately 1-2 feet.  The building height at its highest point is 36 feet.,Akula Elitnaurvik School rooftop,Existing,Permanent,,,,,,,BUILDING$SCHOOL,36,,36,26,62,,62,GCI,GCI Communication Corp,644340100-646768727,"{\"frequencies\":[{\"band\":{\"value\":[14000,14500],\"uom\":\"MHz\"},\"erp\":{\"value\":6,\"uom\":\"W\"},\"standard\":false}],\"overlaps\":[{\"recorded\":\"2025-01-15T21:01:10Z\",\"reason\":\"StarLink (SpaceX) Over-the-Counter antenna operating in the Ku-Band, 47 CFR Part 25\"}]}"
2025-AAL-33-NRA,,Determined - No Hazard,To Proponent,2025-01-22,2025-01-22,2025-03-31,,60.78500833,-161.82769167,4D,,,Culvert Installation,BETHEL,Bethel,50,AK,BETHEL,0,,Y,Request of use of temporary equipment. CWP Project Name:  REFURBISH Glide Slope 850-LF with failed culvert Road - threatens site access to GS and WEF.  Note:  New primary power cable was installed on this section of road and a layer of gravel was added afterwards.  In the process of the new primary power cable being installed the existing culverts were removed and not replaced with a new culverts.  This project is to install two new 18-inch HDPE culverts to there original location.,,New Construction,Temporary,3,0,2025-07-07,2025-07-11,,,CONSTRUCTION$VEHICLE,,,18,90,,,108,FAA,FAA,,
2025-AAL-34-NRA,,Determined - No Hazard,To Proponent,2025-01-22,2025-01-22,2025-03-21,,55.20345556,-162.71970833,4D,,,,COLD BAY,Aleutians East,13,AK,COLD BAY,0,,Y,"Request for use of temporary equipment to Replace entry mandoors on front and rear of building.\r\nEnclose Arctic entryway on upper level and install waterproof roofing and siding material (metal).\r\nInstall exterior fuel tank for furnance.\r\nRepair or replace large bay door and motor on ramp-side of building.\r\nInstall garage door on add-on portion of building on ramp-side of building.\r\nEnclose wall/remove large double door and replace mandoor on east side of building.\r\nRepair/replace insulation and enclose with plywood or sheetrock in add-on portion of building.",,New Construction,Permanent,,,2025-03-09,2025-07-31,,,CONSTRUCTION$VEHICLE,,,26,91,,,117,Aleut Enterprise,Aleut Enterprise,,
2025-AAL-34-OE,,Determined - No Hazard,No Hazard,2025-01-21,2025-01-21,2025-02-10,2026-08-10,61.79763889,-150.09422222,4D,None,,WILLOW - JONROWE,WILLOW,Matanuska-Susitna,170,AK,WILLOW,17421,335,,A 125 foot lattice tower  129 with lightning rod  located within a 50x50 foot compound.,"36596 W Parks Hwy\r\nWillow AK 99688\r\nMat-Su Burrough",New Construction,Permanent,,,,,,,TOWER$ANTENNA,129,,129,193,322,,322,Atlas Tower Group,"ATLAS TOWER 1, LLC",644730003-646983088,"{\"frequencies\":[{\"band\":{\"value\":[806,824],\"uom\":\"MHz\"},\"erp\":{\"value\":500,\"uom\":\"W\"},\"standard\":1,\"purpose\":\"colo_void\"},{\"band\":{\"value\":[824,849],\"uom\":\"MHz\"},\"erp\":{\"value\":500,\"uom\":\"W\"},\"standard\":2,\"purpose\":\"colo_void\"},{\"band\":{\"value\":[851,866],\"uom\":\"MHz\"},\"erp\":{\"value\":500,\"uom\":\"W\"},\"standard\":3,\"purpose\":\"colo_void\"},{\"band\":{\"value\":[869,894],\"uom\":\"MHz\"},\"erp\":{\"value\":500,\"uom\":\"W\"},\"standard\":4,\"purpose\":\"colo_void\"},{\"band\":{\"value\":[896,901],\"uom\":\"MHz\"},\"erp\":{\"value\":500,\"uom\":\"W\"},\"standard\":5,\"purpose\":\"colo_void\"},{\"band\":{\"value\":[901,902],\"uom\":\"MHz\"},\"erp\":{\"value\":7,\"uom\":\"W\"},\"standard\":6,\"purpose\":\"colo_void\"},{\"band\":{\"value\":[930,931],\"uom\":\"MHz\"},\"erp\":{\"value\":3500,\"uom\":\"W\"},\"standard\":7,\"purpose\":\"colo_void\"},{\"band\":{\"value\":[931,932],\"uom\":\"MHz\"},\"erp\":{\"value\":3500,\"uom\":\"W\"},\"standard\":8,\"purpose\":\"colo_void\"},{\"band\":{\"value\":[932,932.5],\"uom\":\"MHz\"},\"erp\":{\"value\":17,\"uom\":\"dBW\"},\"standard\":9,\"purpose\":\"colo_void\"},{\"band\":{\"value\":[935,940],\"uom\":\"MHz\"},\"erp\":{\"value\":1000,\"uom\":\"W\"},\"standard\":10,\"purpose\":\"colo_void\"},{\"band\":{\"value\":[940,941],\"uom\":\"MHz\"},\"erp\":{\"value\":3500,\"uom\":\"W\"},\"standard\":11,\"purpose\":\"colo_void\"},{\"band\":{\"value\":[1850,1910],\"uom\":\"MHz\"},\"erp\":{\"value\":1640,\"uom\":\"W\"},\"standard\":12,\"purpose\":\"colo_void\"},{\"band\":{\"value\":[1930,1990],\"uom\":\"MHz\"},\"erp\":{\"value\":1640,\"uom\":\"W\"},\"standard\":13,\"purpose\":\"colo_void\"},{\"band\":{\"value\":[2305,2310],\"uom\":\"MHz\"},\"erp\":{\"value\":2000,\"uom\":\"W\"},\"standard\":14,\"purpose\":\"colo_void\"},{\"band\":{\"value\":[2345,2360],\"uom\":\"MHz\"},\"erp\":{\"value\":2000,\"uom\":\"W\"},\"standard\":15,\"purpose\":\"colo_void\"},{\"band\":{\"value\":[698,806],\"uom\":\"MHz\"},\"erp\":{\"value\":1000,\"uom\":\"W\"},\"standard\":16,\"purpose\":\"colo_void\"},{\"band\":{\"value\":[6,7],\"uom\":\"GHz\"},\"erp\":{\"value\":42,\"uom\":\"dBW\"},\"standard\":76,\"purpose\":\"colo_void\"},{\"band\":{\"value\":[10,11.7],\"uom\":\"GHz\"},\"erp\":{\"value\":42,\"uom\":\"dBW\"},\"standard\":77,\"purpose\":\"colo_void\"},{\"band\":{\"value\":[17.7,19.7],\"uom\":\"GHz\"},\"erp\":{\"value\":42,\"uom\":\"dBW\"},\"standard\":78,\"purpose\":\"colo_void\"},{\"band\":{\"value\":[21.2,23.6],\"uom\":\"GHz\"},\"erp\":{\"value\":42,\"uom\":\"dBW\"},\"standard\":79,\"purpose\":\"colo_void\"},{\"band\":{\"value\":[806,901],\"uom\":\"MHz\"},\"erp\":{\"value\":500,\"uom\":\"W\"},\"standard\":80,\"purpose\":\"colo_void\"},{\"band\":{\"value\":[929,932],\"uom\":\"MHz\"},\"erp\":{\"value\":3500,\"uom\":\"W\"},\"standard\":81,\"purpose\":\"colo_void\"},{\"band\":{\"value\":[1670,1675],\"uom\":\"MHz\"},\"erp\":{\"value\":500,\"uom\":\"W\"},\"standard\":82,\"purpose\":\"colo_void\"},{\"band\":{\"value\":[1710,1755],\"uom\":\"MHz\"},\"erp\":{\"value\":500,\"uom\":\"W\"},\"standard\":83,\"purpose\":\"colo_void\"},{\"band\":{\"value\":[1850,1990],\"uom\":\"MHz\"},\"erp\":{\"value\":1640,\"uom\":\"W\"},\"standard\":84,\"purpose\":\"colo_void\"},{\"band\":{\"value\":[1990,2025],\"uom\":\"MHz\"},\"erp\":{\"value\":500,\"uom\":\"W\"},\"standard\":85,\"purpose\":\"colo_void\"},{\"band\":{\"value\":[2110,2200],\"uom\":\"MHz\"},\"erp\":{\"value\":500,\"uom\":\"W\"},\"standard\":86,\"purpose\":\"colo_void\"},{\"band\":{\"value\":[2305,2360],\"uom\":\"MHz\"},\"erp\":{\"value\":2000,\"uom\":\"W\"},\"standard\":87,\"purpose\":\"colo_void\"},{\"band\":{\"value\":[2496,2690],\"uom\":\"MHz\"},\"erp\":{\"value\":500,\"uom\":\"W\"},\"standard\":88,\"purpose\":\"colo_void\"},{\"band\":{\"value\":[6,7],\"uom\":\"GHz\"},\"erp\":{\"value\":55,\"uom\":\"dBW\"},\"standard\":89,\"purpose\":\"colo_void\"},{\"band\":{\"value\":[10,11.7],\"uom\":\"GHz\"},\"erp\":{\"value\":55,\"uom\":\"dBW\"},\"standard\":90,\"purpose\":\"colo_void\"},{\"band\":{\"value\":[17.7,19.7],\"uom\":\"GHz\"},\"erp\":{\"value\":55,\"uom\":\"dBW\"},\"standard\":91,\"purpose\":\"colo_void\"},{\"band\":{\"value\":[21.2,23.6],\"uom\":\"GHz\"},\"erp\":{\"value\":55,\"uom\":\"dBW\"},\"standard\":92,\"purpose\":\"colo_void\"},{\"band\":{\"value\":[614,698],\"uom\":\"MHz\"},\"erp\":{\"value\":1000,\"uom\":\"W\"},\"standard\":93,\"purpose\":\"data_entry\"},{\"band\":{\"value\":[614,698],\"uom\":\"MHz\"},\"erp\":{\"value\":2000,\"uom\":\"W\"},\"standard\":94,\"purpose\":\"data_entry\"}]}"
2025-AAL-35-NRA,,Determined - No Hazard,To Proponent,2025-01-22,2025-01-22,2025-03-31,,60.78494167,-161.82667222,4D,,,Culvert Installation-A,BETHEL,Bethel,50,AK,BETHEL,0,,Y,Request of use of temporary equipment. CWP Project Name:  REFURBISH Glide Slope 850-LF with failed culvert Road - threatens site access to GS and WEF.  Note:  New primary power cable was installed on this section of road and a layer of gravel was added afterwards.  In the process of the new primary power cable being installed the existing culverts were removed and not replaced with a new culverts.  This project is to install two new 18-inch HDPE culverts to there original location.,,New Construction,Temporary,3,0,2025-07-07,2025-07-11,,,CONSTRUCTION$VEHICLE,,,18,90,,,108,FAA,FAA,,
2025-AAL-35-OE,,Determined - No Hazard,No Hazard,2025-01-21,2025-01-21,2025-02-19,2026-08-19,58.68627778,-156.67612222,4D,None,,Sonic Drill Rig,King Salmon,Bristol Bay,60,AK,KING SALMON,6328,304.4,,Environmental Sampling at multiple sites on Air Force Side of King salmon airport and a few on ADOT airport property. Drilling rig will be used  and drill work could take up to 12-24 hours at each site. Temporary equipment used will not exceed 26ft AGL.,The locations under this submission are to the north-west of King Salmon Airport and marked (OT027-MW2508B  OT027-MW2509B  and OT027-MW2505A) on attached map.,New Construction,Temporary,0,2,2025-05-01,2025-06-30,,,RIG$DRILLING,26,,26,56,82,,82,"Jacobs Engineering Group, Inc.",AFCEC/CZOP,644804751-647859614,
2025-AAL-36-NRA,,Determined - No Hazard,To Proponent,2025-01-22,2025-01-22,2025-03-31,,60.785075,-161.82871667,4D,,,Culvert Installation-B,BETHEL,Bethel,50,AK,BETHEL,0,,Y,Request of use of temporary equipment. CWP Project Name:  REFURBISH Glide Slope 850-LF with failed culvert Road - threatens site access to GS and WEF.  Note:  New primary power cable was installed on this section of road and a layer of gravel was added afterwards.  In the process of the new primary power cable being installed the existing culverts were removed and not replaced with a new culverts.  This project is to install two new 18-inch HDPE culverts to there original location.,,New Construction,Temporary,3,0,2025-07-07,2025-07-11,,,CONSTRUCTION$VEHICLE,,,18,90,,,108,FAA,FAA,,
2025-AAL-36-OE,,Determined - No Hazard,No Hazard,2025-01-21,2025-01-21,2025-02-19,2026-08-19,58.68545833,-156.674875,4D,None,,Sonic Drill Rig,King Salmon,Bristol Bay,60,AK,KING SALMON,5964,303.3,,Environmental Sampling at multiple sites on Air Force Side of King salmon airport and a few on ADOT airport property. Drilling rig will be used  and drill work could take up to 12-24 hours at each site. Temporary equipment used will not exceed 26ft AGL.,The locations under this submission are to the north-west of King Salmon Airport and marked (OT027-MW2508B  OT027-MW2509B  and OT027-MW2505A) on attached map.,New Construction,Temporary,0,2,2025-05-01,2025-06-30,,,RIG$DRILLING,26,,26,57,83,,83,"Jacobs Engineering Group, Inc.",AFCEC/CZOP,644804757-647859615,
2025-AAL-37-OE,,Determined - No Hazard,No Hazard,2025-01-21,2025-01-21,2025-02-19,2026-08-19,58.68535833,-156.67214444,4D,None,,Sonic Drill Rig,King Salmon,Bristol Bay,60,AK,KING SALMON,5515,306,,Environmental Sampling at multiple sites on Air Force Side of King salmon airport and a few on ADOT airport property. Drilling rig will be used  and drill work could take up to 12-24 hours at each site. Temporary equipment used will not exceed 26ft AGL.,The locations under this submission are to the north-west of King Salmon Airport and marked (OT027-MW2508B  OT027-MW2509B  and OT027-MW2505A) on attached map.,New Construction,Temporary,0,2,2025-05-01,2025-06-30,,,RIG$DRILLING,26,,26,56,82,,82,"Jacobs Engineering Group, Inc.",AFCEC/CZOP,644804758-647859613,
2025-AAL-38-NRA,,Determined - No Hazard,To Proponent,2025-01-29,2025-01-29,2025-03-19,,61.17293611,-149.98357778,4D,,,,ANCHORAGE,Anchorage,20,AK,TED STEVENS ANCHORAGE INTL,0,,Y,"Project is on airport property. Crane will be placed approximately 25ft North of B Concourse to remove and install a passenger Boarding Bridge\r\n\r\nCase represents the NE corner of the work area",,New Construction,Temporary,0,2,2025-03-01,2025-04-30,,,CRANE,,,75,88,,,163,"Consolidated Contracting and Engineering, LLC","Consolidated Contracting and Engineering, LLC",,
2025-AAL-38-OE,2016-AAL-213-OE,Determined - No Hazard,No Hazard,2025-01-22,2025-01-22,2025-03-05,,61.25435833,-149.68991111,1A,None,,US-AK-5013 59th Signal Battalion,Fort Richardson,Anchorage,20,AK,BRYANT AAF,7703,236.8,,Extending height from 122' to 124' - MB,5th Street and Richardson Dr.,Existing,Permanent,,,,,,,TOWER$ANTENNA,124,,124,313,437,,437,Vertical Bridge,"Vertical Bridge S3 Assets, LLC",644904889-649332123,"{\"frequencies\":[{\"band\":{\"value\":[806,824],\"uom\":\"MHz\"},\"erp\":{\"value\":500,\"uom\":\"W\"},\"standard\":1,\"purpose\":\"colo_void\"},{\"band\":{\"value\":[824,849],\"uom\":\"MHz\"},\"erp\":{\"value\":500,\"uom\":\"W\"},\"standard\":2,\"purpose\":\"colo_void\"},{\"band\":{\"value\":[851,866],\"uom\":\"MHz\"},\"erp\":{\"value\":500,\"uom\":\"W\"},\"standard\":3,\"purpose\":\"colo_void\"},{\"band\":{\"value\":[869,894],\"uom\":\"MHz\"},\"erp\":{\"value\":500,\"uom\":\"W\"},\"standard\":4,\"purpose\":\"colo_void\"},{\"band\":{\"value\":[896,901],\"uom\":\"MHz\"},\"erp\":{\"value\":500,\"uom\":\"W\"},\"standard\":5,\"purpose\":\"colo_void\"},{\"band\":{\"value\":[901,902],\"uom\":\"MHz\"},\"erp\":{\"value\":7,\"uom\":\"W\"},\"standard\":6,\"purpose\":\"colo_void\"},{\"band\":{\"value\":[930,931],\"uom\":\"MHz\"},\"erp\":{\"value\":3500,\"uom\":\"W\"},\"standard\":7,\"purpose\":\"colo_void\"},{\"band\":{\"value\":[931,932],\"uom\":\"MHz\"},\"erp\":{\"value\":3500,\"uom\":\"W\"},\"standard\":8,\"purpose\":\"colo_void\"},{\"band\":{\"value\":[932,932.5],\"uom\":\"MHz\"},\"erp\":{\"value\":17,\"uom\":\"dBW\"},\"standard\":9,\"purpose\":\"colo_void\"},{\"band\":{\"value\":[935,940],\"uom\":\"MHz\"},\"erp\":{\"value\":1000,\"uom\":\"W\"},\"standard\":10,\"purpose\":\"colo_void\"},{\"band\":{\"value\":[940,941],\"uom\":\"MHz\"},\"erp\":{\"value\":3500,\"uom\":\"W\"},\"standard\":11,\"purpose\":\"colo_void\"},{\"band\":{\"value\":[1850,1910],\"uom\":\"MHz\"},\"erp\":{\"value\":1640,\"uom\":\"W\"},\"standard\":12,\"purpose\":\"colo_void\"},{\"band\":{\"value\":[1930,1990],\"uom\":\"MHz\"},\"erp\":{\"value\":1640,\"uom\":\"W\"},\"standard\":13,\"purpose\":\"colo_void\"},{\"band\":{\"value\":[2305,2310],\"uom\":\"MHz\"},\"erp\":{\"value\":2000,\"uom\":\"W\"},\"standard\":14,\"purpose\":\"colo_void\"},{\"band\":{\"value\":[2345,2360],\"uom\":\"MHz\"},\"erp\":{\"value\":2000,\"uom\":\"W\"},\"standard\":15,\"purpose\":\"colo_void\"},{\"band\":{\"value\":[698,806],\"uom\":\"MHz\"},\"erp\":{\"value\":1000,\"uom\":\"W\"},\"standard\":16,\"purpose\":\"colo_void\"},{\"band\":{\"value\":[6,7],\"uom\":\"GHz\"},\"erp\":{\"value\":42,\"uom\":\"dBW\"},\"standard\":76,\"purpose\":\"colo_void\"},{\"band\":{\"value\":[10,11.7],\"uom\":\"GHz\"},\"erp\":{\"value\":42,\"uom\":\"dBW\"},\"standard\":77,\"purpose\":\"colo_void\"},{\"band\":{\"value\":[17.7,19.7],\"uom\":\"GHz\"},\"erp\":{\"value\":42,\"uom\":\"dBW\"},\"standard\":78,\"purpose\":\"colo_void\"},{\"band\":{\"value\":[21.2,23.6],\"uom\":\"GHz\"},\"erp\":{\"value\":42,\"uom\":\"dBW\"},\"standard\":79,\"purpose\":\"colo_void\"},{\"band\":{\"value\":[806,901],\"uom\":\"MHz\"},\"erp\":{\"value\":500,\"uom\":\"W\"},\"standard\":80,\"purpose\":\"colo_void\"},{\"band\":{\"value\":[929,932],\"uom\":\"MHz\"},\"erp\":{\"value\":3500,\"uom\":\"W\"},\"standard\":81,\"purpose\":\"colo_void\"},{\"band\":{\"value\":[1670,1675],\"uom\":\"MHz\"},\"erp\":{\"value\":500,\"uom\":\"W\"},\"standard\":82,\"purpose\":\"colo_void\"},{\"band\":{\"value\":[1710,1755],\"uom\":\"MHz\"},\"erp\":{\"value\":500,\"uom\":\"W\"},\"standard\":83,\"purpose\":\"colo_void\"},{\"band\":{\"value\":[1850,1990],\"uom\":\"MHz\"},\"erp\":{\"value\":1640,\"uom\":\"W\"},\"standard\":84,\"purpose\":\"colo_void\"},{\"band\":{\"value\":[1990,2025],\"uom\":\"MHz\"},\"erp\":{\"value\":500,\"uom\":\"W\"},\"standard\":85,\"purpose\":\"colo_void\"},{\"band\":{\"value\":[2110,2200],\"uom\":\"MHz\"},\"erp\":{\"value\":500,\"uom\":\"W\"},\"standard\":86,\"purpose\":\"colo_void\"},{\"band\":{\"value\":[2305,2360],\"uom\":\"MHz\"},\"erp\":{\"value\":2000,\"uom\":\"W\"},\"standard\":87,\"purpose\":\"colo_void\"},{\"band\":{\"value\":[2496,2690],\"uom\":\"MHz\"},\"erp\":{\"value\":500,\"uom\":\"W\"},\"standard\":88,\"purpose\":\"colo_void\"},{\"band\":{\"value\":[6,7],\"uom\":\"GHz\"},\"erp\":{\"value\":55,\"uom\":\"dBW\"},\"standard\":89,\"purpose\":\"colo_void\"},{\"band\":{\"value\":[10,11.7],\"uom\":\"GHz\"},\"erp\":{\"value\":55,\"uom\":\"dBW\"},\"standard\":90,\"purpose\":\"colo_void\"},{\"band\":{\"value\":[17.7,19.7],\"uom\":\"GHz\"},\"erp\":{\"value\":55,\"uom\":\"dBW\"},\"standard\":91,\"purpose\":\"colo_void\"},{\"band\":{\"value\":[21.2,23.6],\"uom\":\"GHz\"},\"erp\":{\"value\":55,\"uom\":\"dBW\"},\"standard\":92,\"purpose\":\"colo_void\"},{\"band\":{\"value\":[614,698],\"uom\":\"MHz\"},\"erp\":{\"value\":1000,\"uom\":\"W\"},\"standard\":93,\"purpose\":\"data_entry\"},{\"band\":{\"value\":[614,698],\"uom\":\"MHz\"},\"erp\":{\"value\":2000,\"uom\":\"W\"},\"standard\":94,\"purpose\":\"data_entry\"}]}"
2025-AAL-39-NRA,,Determined - No Hazard,To Proponent,2025-01-29,2025-01-29,2025-03-19,,61.17311944,-149.98379444,4D,,,,ANCHORAGE,Anchorage,20,AK,TED STEVENS ANCHORAGE INTL,0,,Y,"Project is on airport property. Crane will be placed approximately 25ft North of B Concourse to remove and install a passenger Boarding Bridge\r\n\r\nCase represents the NE corner",,New Construction,Temporary,0,2,2025-03-01,2025-04-30,,,CRANE,,,75,88,,,163,"Consolidated Contracting and Engineering, LLC","Consolidated Contracting and Engineering, LLC",,
2025-AAL-39-OE,2016-AAL-542-OE,Determined - No Hazard,No Hazard,2025-01-22,2025-01-22,2025-02-10,,61.91746111,-150.06830556,1A,None,,US-AK-5230 Caswell 2,Willow,Matanuska-Susitna,170,AK,WILLOW,59669,357.3,,Increasing height from 153' to 154' - MB,15430 E Talachulitna Drive,Existing,Permanent,,,,,,,TOWER$ANTENNA,154,,154,211,365,,365,Vertical Bridge,"Vertical Bridge S3 Assets, LLC",644945170-646982849,"{\"frequencies\":[{\"band\":{\"value\":[806,824],\"uom\":\"MHz\"},\"erp\":{\"value\":500,\"uom\":\"W\"},\"standard\":1,\"purpose\":\"colo_void\"},{\"band\":{\"value\":[824,849],\"uom\":\"MHz\"},\"erp\":{\"value\":500,\"uom\":\"W\"},\"standard\":2,\"purpose\":\"colo_void\"},{\"band\":{\"value\":[851,866],\"uom\":\"MHz\"},\"erp\":{\"value\":500,\"uom\":\"W\"},\"standard\":3,\"purpose\":\"colo_void\"},{\"band\":{\"value\":[869,894],\"uom\":\"MHz\"},\"erp\":{\"value\":500,\"uom\":\"W\"},\"standard\":4,\"purpose\":\"colo_void\"},{\"band\":{\"value\":[896,901],\"uom\":\"MHz\"},\"erp\":{\"value\":500,\"uom\":\"W\"},\"standard\":5,\"purpose\":\"colo_void\"},{\"band\":{\"value\":[901,902],\"uom\":\"MHz\"},\"erp\":{\"value\":7,\"uom\":\"W\"},\"standard\":6,\"purpose\":\"colo_void\"},{\"band\":{\"value\":[930,931],\"uom\":\"MHz\"},\"erp\":{\"value\":3500,\"uom\":\"W\"},\"standard\":7,\"purpose\":\"colo_void\"},{\"band\":{\"value\":[931,932],\"uom\":\"MHz\"},\"erp\":{\"value\":3500,\"uom\":\"W\"},\"standard\":8,\"purpose\":\"colo_void\"},{\"band\":{\"value\":[932,932.5],\"uom\":\"MHz\"},\"erp\":{\"value\":17,\"uom\":\"dBW\"},\"standard\":9,\"purpose\":\"colo_void\"},{\"band\":{\"value\":[935,940],\"uom\":\"MHz\"},\"erp\":{\"value\":1000,\"uom\":\"W\"},\"standard\":10,\"purpose\":\"colo_void\"},{\"band\":{\"value\":[940,941],\"uom\":\"MHz\"},\"erp\":{\"value\":3500,\"uom\":\"W\"},\"standard\":11,\"purpose\":\"colo_void\"},{\"band\":{\"value\":[1850,1910],\"uom\":\"MHz\"},\"erp\":{\"value\":1640,\"uom\":\"W\"},\"standard\":12,\"purpose\":\"colo_void\"},{\"band\":{\"value\":[1930,1990],\"uom\":\"MHz\"},\"erp\":{\"value\":1640,\"uom\":\"W\"},\"standard\":13,\"purpose\":\"colo_void\"},{\"band\":{\"value\":[2305,2310],\"uom\":\"MHz\"},\"erp\":{\"value\":2000,\"uom\":\"W\"},\"standard\":14,\"purpose\":\"colo_void\"},{\"band\":{\"value\":[2345,2360],\"uom\":\"MHz\"},\"erp\":{\"value\":2000,\"uom\":\"W\"},\"standard\":15,\"purpose\":\"colo_void\"},{\"band\":{\"value\":[698,806],\"uom\":\"MHz\"},\"erp\":{\"value\":1000,\"uom\":\"W\"},\"standard\":16,\"purpose\":\"colo_void\"},{\"band\":{\"value\":[6,7],\"uom\":\"GHz\"},\"erp\":{\"value\":42,\"uom\":\"dBW\"},\"standard\":76,\"purpose\":\"colo_void\"},{\"band\":{\"value\":[10,11.7],\"uom\":\"GHz\"},\"erp\":{\"value\":42,\"uom\":\"dBW\"},\"standard\":77,\"purpose\":\"colo_void\"},{\"band\":{\"value\":[17.7,19.7],\"uom\":\"GHz\"},\"erp\":{\"value\":42,\"uom\":\"dBW\"},\"standard\":78,\"purpose\":\"colo_void\"},{\"band\":{\"value\":[21.2,23.6],\"uom\":\"GHz\"},\"erp\":{\"value\":42,\"uom\":\"dBW\"},\"standard\":79,\"purpose\":\"colo_void\"},{\"band\":{\"value\":[806,901],\"uom\":\"MHz\"},\"erp\":{\"value\":500,\"uom\":\"W\"},\"standard\":80,\"purpose\":\"colo_void\"},{\"band\":{\"value\":[929,932],\"uom\":\"MHz\"},\"erp\":{\"value\":3500,\"uom\":\"W\"},\"standard\":81,\"purpose\":\"colo_void\"},{\"band\":{\"value\":[1670,1675],\"uom\":\"MHz\"},\"erp\":{\"value\":500,\"uom\":\"W\"},\"standard\":82,\"purpose\":\"colo_void\"},{\"band\":{\"value\":[1710,1755],\"uom\":\"MHz\"},\"erp\":{\"value\":500,\"uom\":\"W\"},\"standard\":83,\"purpose\":\"colo_void\"},{\"band\":{\"value\":[1850,1990],\"uom\":\"MHz\"},\"erp\":{\"value\":1640,\"uom\":\"W\"},\"standard\":84,\"purpose\":\"colo_void\"},{\"band\":{\"value\":[1990,2025],\"uom\":\"MHz\"},\"erp\":{\"value\":500,\"uom\":\"W\"},\"standard\":85,\"purpose\":\"colo_void\"},{\"band\":{\"value\":[2110,2200],\"uom\":\"MHz\"},\"erp\":{\"value\":500,\"uom\":\"W\"},\"standard\":86,\"purpose\":\"colo_void\"},{\"band\":{\"value\":[2305,2360],\"uom\":\"MHz\"},\"erp\":{\"value\":2000,\"uom\":\"W\"},\"standard\":87,\"purpose\":\"colo_void\"},{\"band\":{\"value\":[2496,2690],\"uom\":\"MHz\"},\"erp\":{\"value\":500,\"uom\":\"W\"},\"standard\":88,\"purpose\":\"colo_void\"},{\"band\":{\"value\":[6,7],\"uom\":\"GHz\"},\"erp\":{\"value\":55,\"uom\":\"dBW\"},\"standard\":89,\"purpose\":\"colo_void\"},{\"band\":{\"value\":[10,11.7],\"uom\":\"GHz\"},\"erp\":{\"value\":55,\"uom\":\"dBW\"},\"standard\":90,\"purpose\":\"colo_void\"},{\"band\":{\"value\":[17.7,19.7],\"uom\":\"GHz\"},\"erp\":{\"value\":55,\"uom\":\"dBW\"},\"standard\":91,\"purpose\":\"colo_void\"},{\"band\":{\"value\":[21.2,23.6],\"uom\":\"GHz\"},\"erp\":{\"value\":55,\"uom\":\"dBW\"},\"standard\":92,\"purpose\":\"colo_void\"},{\"band\":{\"value\":[614,698],\"uom\":\"MHz\"},\"erp\":{\"value\":1000,\"uom\":\"W\"},\"standard\":93,\"purpose\":\"data_entry\"},{\"band\":{\"value\":[614,698],\"uom\":\"MHz\"},\"erp\":{\"value\":2000,\"uom\":\"W\"},\"standard\":94,\"purpose\":\"data_entry\"}]}"
2025-AAL-40-NRA,,Determined - No Hazard,To Proponent,2025-01-29,2025-01-29,2025-03-19,,61.1731,-149.98431111,4D,,,,ANCHORAGE,Anchorage,20,AK,TED STEVENS ANCHORAGE INTL,0,,Y,"Project is on airport property. Crane will be placed approximately 25ft North of B Concourse to remove and install a passenger Boarding Bridge\r\n\r\nCase represents the NE corner of the work area",,New Construction,Temporary,0,2,2025-03-01,2025-04-30,,,CRANE,,,75,88,,,163,"Consolidated Contracting and Engineering, LLC","Consolidated Contracting and Engineering, LLC",,
2025-AAL-40-OE,,Determined - No Hazard,No Hazard,2025-01-22,2025-01-22,2025-02-07,,68.34813889,-166.73641667,4D,None,,Point Hope Rooftmount 4653,Point Hope,North Slope,185,AK,POINT HOPE,8475,89.9,,The overall height of the StarLink antenna will be 23 feet AGL.  The antenna will protrude above the rooftop by 2 feet.  The building height at its highest point is 21 feet.,1729 Qalgi Avenu  rooftop,Existing,Permanent,,,,,,,BUILDING,23,,23,18,41,,41,GCI,GCI Communication Corp,644967334-646766218,"{\"frequencies\":[{\"band\":{\"value\":[14000,14500],\"uom\":\"MHz\"},\"erp\":{\"value\":6,\"uom\":\"W\"},\"standard\":false}],\"overlaps\":[{\"recorded\":\"2025-01-22T23:13:10Z\",\"reason\":\"StarLink (SpaceX) Over-the-Counter antenna operating in the Ku-Band, 47 CFR Part 25\"}]}"
2025-AAL-41-NRA,,Determined - No Hazard,To Proponent,2025-01-29,2025-01-29,2025-03-19,,61.17287222,-149.98414444,4D,,,,ANCHORAGE,Anchorage,20,AK,TED STEVENS ANCHORAGE INTL,0,,Y,"Project is on airport property. Crane will be placed approximately 25ft North of B Concourse to remove and install a passenger Boarding Bridge\r\n\r\nCase represents the SW corner of the work area",,New Construction,Temporary,0,2,2025-03-01,2025-04-30,,,CRANE,,,75,88,,,163,"Consolidated Contracting and Engineering, LLC","Consolidated Contracting and Engineering, LLC",,
2025-AAL-41-OE,,Determined - No Hazard,No Hazard,2025-01-22,2025-01-22,2025-02-13,,60.21554167,-162.02541667,4D,None,,SIDE MOUNT: Eek School 4624,Eek,Bethel,50,AK,EEK,3427,78.6,,The overall height of the StarLink antenna will be 22 feet AGL.  The antenna will protrude above the rooftop by approximately 1-2 feet.  The building height at its highest point is 49 feet.,Rooftop of the Eek school building,Existing,Permanent,,,,,,,BUILDING$SCHOOL,49,,49,17,66,,66,GCI,GCI Communication Corp,644969216-647468826,"{\"frequencies\":[{\"band\":{\"value\":[14000,14500],\"uom\":\"MHz\"},\"erp\":{\"value\":6,\"uom\":\"W\"},\"standard\":false}],\"overlaps\":[{\"recorded\":\"2025-01-22T23:34:53Z\",\"reason\":\"StarLink (SpaceX) Over-the-Counter antenna operating in the Ku-Band, 47 CFR Part 25\"}]}"
2025-AAL-42-NRA,,Determined - No Hazard,To Proponent,2025-01-29,2025-01-29,2025-03-19,,61.18076389,-149.99070278,4D,,,,ANCHORAGE,Anchorage,20,AK,TED STEVENS ANCHORAGE INTL,0,,Y,"Temporary crane mobilization to facilitate the removal of 4 passenger boarding bridges and the reinstallation of 1 passenger boarding bridge\r\n\r\nThis case represents the center of the construction zone",,New Construction,Temporary,0,6,2025-04-01,2025-09-30,,,CRANE,,,75,82,,,157,"Consolidated Contracting and Engineering, LLC","Consolidated Contracting and Engineering, LLC",,
2025-AAL-42-OE,,Determined - No Hazard,No Hazard,2025-01-22,2025-01-22,2025-03-24,,60.47708889,-164.72114167,4D,None,,SIDE MNT: Negtemiut Elitnaurviat School 4632,Nightmute,Bethel,50,AK,NIGHTMUTE,4231,313.2,,The overall height of the StarLink antenna will be 19 feet AGL.  The antenna will protrude above the rooftop by approximately 1-2 feet.  The building height at its highest point is 35 feet.,Negtemiut Elitnaurviat School rooftop,Existing,Permanent,,,,,,,BUILDING$SCHOOL,28,,28,25,53,,53,GCI,GCI Communication Corp,,"{\"frequencies\":[{\"band\":{\"value\":[14000,14500],\"uom\":\"MHz\"},\"erp\":{\"value\":6,\"uom\":\"W\"},\"standard\":false}],\"overlaps\":[{\"recorded\":\"2025-01-22T23:45:42Z\",\"reason\":\"StarLink (SpaceX) Over-the-Counter antenna operating in the Ku-Band, 47 CFR Part 25\"}]}"
2025-AAL-43-NRA,,Determined - No Hazard,To Proponent,2025-01-29,2025-01-29,2025-03-19,,61.17876389,-149.98690833,4D,,,,ANCHORAGE,Anchorage,20,AK,TED STEVENS ANCHORAGE INTL,0,,Y,"Temporary crane mobilization to facilitate the removal of 4 passenger boarding bridges and the reinstallation of 1 passenger boarding bridge\r\n\r\nThis case represents the SE corner of the construction zone",,New Construction,Temporary,0,6,2025-04-01,2025-09-30,,,CRANE,,,75,82,,,157,"Consolidated Contracting and Engineering, LLC","Consolidated Contracting and Engineering, LLC",,
2025-AAL-43-OE,,Determined - No Hazard,No Hazard,2025-01-22,2025-01-23,2025-03-24,,60.89670833,-162.45669167,4D,None,,SIDE MNT:Anna Tobeluk Memorial School 4633,Nightmute,Bethel,50,AK,NUNAPITCHUK,4446,220.2,,The overall height of the StarLink antenna will be 24 feet AGL.  The antenna will protrude above the rooftop by approximately 1-2 feet.  The building height at its highest point is 35 feet.,Anna Tobeluk Memorial School rooftop,Existing,Permanent,,,,,,,BUILDING$SCHOOL,35,,35,8,43,,43,GCI,GCI Communication Corp,,"{\"frequencies\":[{\"band\":{\"value\":[14000,14500],\"uom\":\"MHz\"},\"erp\":{\"value\":6,\"uom\":\"W\"},\"standard\":false}],\"overlaps\":[{\"recorded\":\"2025-01-22T23:58:07Z\",\"reason\":\"StarLink (SpaceX) Over-the-Counter antenna operating in the Ku-Band, 47 CFR Part 25\"}]}"
2025-AAL-44-NRA,,Determined - No Hazard,To Proponent,2025-01-29,2025-01-29,2025-03-19,,61.17804444,-149.990875,4D,,,,ANCHORAGE,Anchorage,20,AK,TED STEVENS ANCHORAGE INTL,0,,Y,"Temporary crane mobilization to facilitate the removal of 4 passenger boarding bridges and the reinstallation of 1 passenger boarding bridge\r\n\r\nThis case represents the SW corner of the construction zone",,New Construction,Temporary,0,6,2025-04-01,2025-09-30,,,CRANE,,,75,82,,,157,"Consolidated Contracting and Engineering, LLC","Consolidated Contracting and Engineering, LLC",,
2025-AAL-44-OE,,Determined - No Hazard,No Hazard,2025-01-22,2025-01-23,2025-03-04,2026-09-04,61.258275,-149.80551667,4D,None,,176 Connex 23-22,Anchorage,Anchorage,20,AK,ELMENDORF AFB,2537,4,,The work under this proposal includes the use of a crane to place a relocatable structure on a concrete pad. The crane is unlikely to penetrate the transitional surface.,"This project site is located on JBER  in the northwest quadrant of the airfield. Adjacent to the \"Herc Ramp\".",New Construction,Temporary,0,6,2025-04-15,2025-10-15,,,CRANE$MOBILE,50,,50,203,253,,253,673 CIVIL ENGINEER SQ,673 CIVIL ENGINEER SQ,644980575-649251122,
2025-AAL-45-NRA,,Determined - No Hazard,To Proponent,2025-01-29,2025-01-29,2025-03-19,,61.17853056,-149.99126389,4D,,,,ANCHORAGE,Anchorage,20,AK,TED STEVENS ANCHORAGE INTL,0,,Y,"Temporary crane mobilization to facilitate the removal of 4 passenger boarding bridges and the reinstallation of 1 passenger boarding bridge\r\n\r\nThis case represents the NW corner of the construction zone",,New Construction,Temporary,0,6,2025-04-01,2025-09-30,,,CRANE,,,75,82,,,157,"Consolidated Contracting and Engineering, LLC","Consolidated Contracting and Engineering, LLC",,
2025-AAL-45-OE,2003-AAL-483-OE,Determined - No Hazard,No Hazard,2025-01-23,2025-01-23,2025-02-10,,61.56257778,-149.30361667,4D,None,,US-AK-5053 Arctic Fox,Wasilla,Matanuska-Susitna,170,AK,"WARREN \"BUD\" WOODS PALMER MUNI",39237,252.7,,Correcting coordinates and increasing height from 160' to 164' - MB,5880 E Fireweed Rd,Existing,Permanent,,,,,,,TOWER$ANTENNA,164,,164,197,361,,361,Vertical Bridge,"Vertical Bridge S3 Assets, LLC",645101058-646982555,"{\"frequencies\":[{\"band\":{\"value\":[806,824],\"uom\":\"MHz\"},\"erp\":{\"value\":500,\"uom\":\"W\"},\"standard\":1,\"purpose\":\"colo_void\"},{\"band\":{\"value\":[824,849],\"uom\":\"MHz\"},\"erp\":{\"value\":500,\"uom\":\"W\"},\"standard\":2,\"purpose\":\"colo_void\"},{\"band\":{\"value\":[851,866],\"uom\":\"MHz\"},\"erp\":{\"value\":500,\"uom\":\"W\"},\"standard\":3,\"purpose\":\"colo_void\"},{\"band\":{\"value\":[869,894],\"uom\":\"MHz\"},\"erp\":{\"value\":500,\"uom\":\"W\"},\"standard\":4,\"purpose\":\"colo_void\"},{\"band\":{\"value\":[896,901],\"uom\":\"MHz\"},\"erp\":{\"value\":500,\"uom\":\"W\"},\"standard\":5,\"purpose\":\"colo_void\"},{\"band\":{\"value\":[901,902],\"uom\":\"MHz\"},\"erp\":{\"value\":7,\"uom\":\"W\"},\"standard\":6,\"purpose\":\"colo_void\"},{\"band\":{\"value\":[930,931],\"uom\":\"MHz\"},\"erp\":{\"value\":3500,\"uom\":\"W\"},\"standard\":7,\"purpose\":\"colo_void\"},{\"band\":{\"value\":[931,932],\"uom\":\"MHz\"},\"erp\":{\"value\":3500,\"uom\":\"W\"},\"standard\":8,\"purpose\":\"colo_void\"},{\"band\":{\"value\":[932,932.5],\"uom\":\"MHz\"},\"erp\":{\"value\":17,\"uom\":\"dBW\"},\"standard\":9,\"purpose\":\"colo_void\"},{\"band\":{\"value\":[935,940],\"uom\":\"MHz\"},\"erp\":{\"value\":1000,\"uom\":\"W\"},\"standard\":10,\"purpose\":\"colo_void\"},{\"band\":{\"value\":[940,941],\"uom\":\"MHz\"},\"erp\":{\"value\":3500,\"uom\":\"W\"},\"standard\":11,\"purpose\":\"colo_void\"},{\"band\":{\"value\":[1850,1910],\"uom\":\"MHz\"},\"erp\":{\"value\":1640,\"uom\":\"W\"},\"standard\":12,\"purpose\":\"colo_void\"},{\"band\":{\"value\":[1930,1990],\"uom\":\"MHz\"},\"erp\":{\"value\":1640,\"uom\":\"W\"},\"standard\":13,\"purpose\":\"colo_void\"},{\"band\":{\"value\":[2305,2310],\"uom\":\"MHz\"},\"erp\":{\"value\":2000,\"uom\":\"W\"},\"standard\":14,\"purpose\":\"colo_void\"},{\"band\":{\"value\":[2345,2360],\"uom\":\"MHz\"},\"erp\":{\"value\":2000,\"uom\":\"W\"},\"standard\":15,\"purpose\":\"colo_void\"},{\"band\":{\"value\":[698,806],\"uom\":\"MHz\"},\"erp\":{\"value\":1000,\"uom\":\"W\"},\"standard\":16,\"purpose\":\"colo_void\"},{\"band\":{\"value\":[6,7],\"uom\":\"GHz\"},\"erp\":{\"value\":42,\"uom\":\"dBW\"},\"standard\":76,\"purpose\":\"colo_void\"},{\"band\":{\"value\":[10,11.7],\"uom\":\"GHz\"},\"erp\":{\"value\":42,\"uom\":\"dBW\"},\"standard\":77,\"purpose\":\"colo_void\"},{\"band\":{\"value\":[17.7,19.7],\"uom\":\"GHz\"},\"erp\":{\"value\":42,\"uom\":\"dBW\"},\"standard\":78,\"purpose\":\"colo_void\"},{\"band\":{\"value\":[21.2,23.6],\"uom\":\"GHz\"},\"erp\":{\"value\":42,\"uom\":\"dBW\"},\"standard\":79,\"purpose\":\"colo_void\"},{\"band\":{\"value\":[806,901],\"uom\":\"MHz\"},\"erp\":{\"value\":500,\"uom\":\"W\"},\"standard\":80,\"purpose\":\"colo_void\"},{\"band\":{\"value\":[929,932],\"uom\":\"MHz\"},\"erp\":{\"value\":3500,\"uom\":\"W\"},\"standard\":81,\"purpose\":\"colo_void\"},{\"band\":{\"value\":[1670,1675],\"uom\":\"MHz\"},\"erp\":{\"value\":500,\"uom\":\"W\"},\"standard\":82,\"purpose\":\"colo_void\"},{\"band\":{\"value\":[1710,1755],\"uom\":\"MHz\"},\"erp\":{\"value\":500,\"uom\":\"W\"},\"standard\":83,\"purpose\":\"colo_void\"},{\"band\":{\"value\":[1850,1990],\"uom\":\"MHz\"},\"erp\":{\"value\":1640,\"uom\":\"W\"},\"standard\":84,\"purpose\":\"colo_void\"},{\"band\":{\"value\":[1990,2025],\"uom\":\"MHz\"},\"erp\":{\"value\":500,\"uom\":\"W\"},\"standard\":85,\"purpose\":\"colo_void\"},{\"band\":{\"value\":[2110,2200],\"uom\":\"MHz\"},\"erp\":{\"value\":500,\"uom\":\"W\"},\"standard\":86,\"purpose\":\"colo_void\"},{\"band\":{\"value\":[2305,2360],\"uom\":\"MHz\"},\"erp\":{\"value\":2000,\"uom\":\"W\"},\"standard\":87,\"purpose\":\"colo_void\"},{\"band\":{\"value\":[2496,2690],\"uom\":\"MHz\"},\"erp\":{\"value\":500,\"uom\":\"W\"},\"standard\":88,\"purpose\":\"colo_void\"},{\"band\":{\"value\":[6,7],\"uom\":\"GHz\"},\"erp\":{\"value\":55,\"uom\":\"dBW\"},\"standard\":89,\"purpose\":\"colo_void\"},{\"band\":{\"value\":[10,11.7],\"uom\":\"GHz\"},\"erp\":{\"value\":55,\"uom\":\"dBW\"},\"standard\":90,\"purpose\":\"colo_void\"},{\"band\":{\"value\":[17.7,19.7],\"uom\":\"GHz\"},\"erp\":{\"value\":55,\"uom\":\"dBW\"},\"standard\":91,\"purpose\":\"colo_void\"},{\"band\":{\"value\":[21.2,23.6],\"uom\":\"GHz\"},\"erp\":{\"value\":55,\"uom\":\"dBW\"},\"standard\":92,\"purpose\":\"colo_void\"},{\"band\":{\"value\":[614,698],\"uom\":\"MHz\"},\"erp\":{\"value\":1000,\"uom\":\"W\"},\"standard\":93,\"purpose\":\"data_entry\"},{\"band\":{\"value\":[614,698],\"uom\":\"MHz\"},\"erp\":{\"value\":2000,\"uom\":\"W\"},\"standard\":94,\"purpose\":\"data_entry\"}]}"
2025-AAL-46-NRA,,Determined - No Hazard,To Proponent,2025-01-29,2025-01-29,2025-03-19,,61.17923889,-149.98720556,4D,,,,ANCHORAGE,Anchorage,20,AK,TED STEVENS ANCHORAGE INTL,0,,Y,"Temporary crane mobilization to facilitate the removal of 4 passenger boarding bridges and the reinstallation of 1 passenger boarding bridge\r\n\r\nThis case represents the NE corner of the construction zone",,New Construction,Temporary,0,6,2025-04-01,2025-09-30,,,CRANE,,,75,82,,,157,"Consolidated Contracting and Engineering, LLC","Consolidated Contracting and Engineering, LLC",,
2025-AAL-46-OE,,Determined - No Hazard,No Hazard,2025-01-24,2025-01-24,2025-03-24,,60.69625556,-162.00256944,4D,None,,SIDE MOUNT: Napakiak School 4450,Napakiak,Bethel,50,AK,NAPAKIAK,4827,296.7,,The overall height of the StarLink antenna will be 47 feet AGL.  The antenna will protrude above the rooftop by approximately 1-2 feet.  The building height at its highest point is 65 feet.,Napakiak School rooftop,Existing,Permanent,,,,,,,BUILDING$SCHOOL,65,,65,15,80,,80,GCI,GCI Communication Corp,,"{\"frequencies\":[{\"band\":{\"value\":[14000,14500],\"uom\":\"MHz\"},\"erp\":{\"value\":6,\"uom\":\"W\"},\"standard\":false}],\"overlaps\":[{\"recorded\":\"2025-01-24T21:43:43Z\",\"reason\":\"StarLink (SpaceX) Over-the-Counter antenna operating in the Ku-Band, 47 CFR Part 25\"}]}"
2025-AAL-47-NRA,,Determined - No Hazard,To Proponent,2025-01-29,2025-01-29,2025-03-21,,57.05238611,-135.36597222,4D,,,,SITKA,Sitka,220,AK,SITKA ROCKY GUTIERREZ,0,,Y,"provide construction crane adjacent to terminal building for removing the existing passenger boarding bridge\r\n\r\nthis case references point A",,New Construction,Temporary,0,1,2024-07-15,2024-08-15,,,CRANE,,,75,26,,,101,"Consolidated Contracting and Engineering, LLC","Consolidated Contracting and Engineering, LLC",,
2025-AAL-47-OE,,Determined - No Hazard,No Hazard,2025-01-27,2025-01-27,2025-03-24,2026-09-24,57.05291667,-135.33338611,4D,None,,FA16105526 PNW SWAN LAKE,SITKA,Sitka,220,AK,SITKA ROCKY GUTIERREZ,5943,68,,FAA for new proposed monopole.,404 Saw Mill Creek Rd.,New Construction,Permanent,,,,,,,POLE$MONO,75,,75,36,111,,111,AT&T,AT&T (JC),,"{\"frequencies\":[{\"band\":{\"value\":[806,824],\"uom\":\"MHz\"},\"erp\":{\"value\":500,\"uom\":\"W\"},\"standard\":1,\"purpose\":\"colo_void\"},{\"band\":{\"value\":[824,849],\"uom\":\"MHz\"},\"erp\":{\"value\":500,\"uom\":\"W\"},\"standard\":2,\"purpose\":\"colo_void\"},{\"band\":{\"value\":[851,866],\"uom\":\"MHz\"},\"erp\":{\"value\":500,\"uom\":\"W\"},\"standard\":3,\"purpose\":\"colo_void\"},{\"band\":{\"value\":[869,894],\"uom\":\"MHz\"},\"erp\":{\"value\":500,\"uom\":\"W\"},\"standard\":4,\"purpose\":\"colo_void\"},{\"band\":{\"value\":[896,901],\"uom\":\"MHz\"},\"erp\":{\"value\":500,\"uom\":\"W\"},\"standard\":5,\"purpose\":\"colo_void\"},{\"band\":{\"value\":[901,902],\"uom\":\"MHz\"},\"erp\":{\"value\":7,\"uom\":\"W\"},\"standard\":6,\"purpose\":\"colo_void\"},{\"band\":{\"value\":[930,931],\"uom\":\"MHz\"},\"erp\":{\"value\":3500,\"uom\":\"W\"},\"standard\":7,\"purpose\":\"colo_void\"},{\"band\":{\"value\":[931,932],\"uom\":\"MHz\"},\"erp\":{\"value\":3500,\"uom\":\"W\"},\"standard\":8,\"purpose\":\"colo_void\"},{\"band\":{\"value\":[932,932.5],\"uom\":\"MHz\"},\"erp\":{\"value\":17,\"uom\":\"dBW\"},\"standard\":9,\"purpose\":\"colo_void\"},{\"band\":{\"value\":[935,940],\"uom\":\"MHz\"},\"erp\":{\"value\":1000,\"uom\":\"W\"},\"standard\":10,\"purpose\":\"colo_void\"},{\"band\":{\"value\":[940,941],\"uom\":\"MHz\"},\"erp\":{\"value\":3500,\"uom\":\"W\"},\"standard\":11,\"purpose\":\"colo_void\"},{\"band\":{\"value\":[1850,1910],\"uom\":\"MHz\"},\"erp\":{\"value\":1640,\"uom\":\"W\"},\"standard\":12,\"purpose\":\"colo_void\"},{\"band\":{\"value\":[1930,1990],\"uom\":\"MHz\"},\"erp\":{\"value\":1640,\"uom\":\"W\"},\"standard\":13,\"purpose\":\"colo_void\"},{\"band\":{\"value\":[2305,2310],\"uom\":\"MHz\"},\"erp\":{\"value\":2000,\"uom\":\"W\"},\"standard\":14,\"purpose\":\"colo_void\"},{\"band\":{\"value\":[2345,2360],\"uom\":\"MHz\"},\"erp\":{\"value\":2000,\"uom\":\"W\"},\"standard\":15,\"purpose\":\"colo_void\"},{\"band\":{\"value\":[698,806],\"uom\":\"MHz\"},\"erp\":{\"value\":1000,\"uom\":\"W\"},\"standard\":16,\"purpose\":\"colo_void\"},{\"band\":{\"value\":[6,7],\"uom\":\"GHz\"},\"erp\":{\"value\":42,\"uom\":\"dBW\"},\"standard\":76,\"purpose\":\"colo_void\"},{\"band\":{\"value\":[10,11.7],\"uom\":\"GHz\"},\"erp\":{\"value\":42,\"uom\":\"dBW\"},\"standard\":77,\"purpose\":\"colo_void\"},{\"band\":{\"value\":[17.7,19.7],\"uom\":\"GHz\"},\"erp\":{\"value\":42,\"uom\":\"dBW\"},\"standard\":78,\"purpose\":\"colo_void\"},{\"band\":{\"value\":[21.2,23.6],\"uom\":\"GHz\"},\"erp\":{\"value\":42,\"uom\":\"dBW\"},\"standard\":79,\"purpose\":\"colo_void\"},{\"band\":{\"value\":[806,901],\"uom\":\"MHz\"},\"erp\":{\"value\":500,\"uom\":\"W\"},\"standard\":80,\"purpose\":\"colo_void\"},{\"band\":{\"value\":[929,932],\"uom\":\"MHz\"},\"erp\":{\"value\":3500,\"uom\":\"W\"},\"standard\":81,\"purpose\":\"colo_void\"},{\"band\":{\"value\":[1670,1675],\"uom\":\"MHz\"},\"erp\":{\"value\":500,\"uom\":\"W\"},\"standard\":82,\"purpose\":\"colo_void\"},{\"band\":{\"value\":[1710,1755],\"uom\":\"MHz\"},\"erp\":{\"value\":500,\"uom\":\"W\"},\"standard\":83,\"purpose\":\"colo_void\"},{\"band\":{\"value\":[1850,1990],\"uom\":\"MHz\"},\"erp\":{\"value\":1640,\"uom\":\"W\"},\"standard\":84,\"purpose\":\"colo_void\"},{\"band\":{\"value\":[1990,2025],\"uom\":\"MHz\"},\"erp\":{\"value\":500,\"uom\":\"W\"},\"standard\":85,\"purpose\":\"colo_void\"},{\"band\":{\"value\":[2110,2200],\"uom\":\"MHz\"},\"erp\":{\"value\":500,\"uom\":\"W\"},\"standard\":86,\"purpose\":\"colo_void\"},{\"band\":{\"value\":[2305,2360],\"uom\":\"MHz\"},\"erp\":{\"value\":2000,\"uom\":\"W\"},\"standard\":87,\"purpose\":\"colo_void\"},{\"band\":{\"value\":[2496,2690],\"uom\":\"MHz\"},\"erp\":{\"value\":500,\"uom\":\"W\"},\"standard\":88,\"purpose\":\"colo_void\"},{\"band\":{\"value\":[6,7],\"uom\":\"GHz\"},\"erp\":{\"value\":55,\"uom\":\"dBW\"},\"standard\":89,\"purpose\":\"colo_void\"},{\"band\":{\"value\":[10,11.7],\"uom\":\"GHz\"},\"erp\":{\"value\":55,\"uom\":\"dBW\"},\"standard\":90,\"purpose\":\"colo_void\"},{\"band\":{\"value\":[17.7,19.7],\"uom\":\"GHz\"},\"erp\":{\"value\":55,\"uom\":\"dBW\"},\"standard\":91,\"purpose\":\"colo_void\"},{\"band\":{\"value\":[21.2,23.6],\"uom\":\"GHz\"},\"erp\":{\"value\":55,\"uom\":\"dBW\"},\"standard\":92,\"purpose\":\"colo_void\"},{\"band\":{\"value\":[614,698],\"uom\":\"MHz\"},\"erp\":{\"value\":1000,\"uom\":\"W\"},\"standard\":93,\"purpose\":\"data_entry\"},{\"band\":{\"value\":[614,698],\"uom\":\"MHz\"},\"erp\":{\"value\":2000,\"uom\":\"W\"},\"standard\":94,\"purpose\":\"data_entry\"}]}"
2025-AAL-48-NRA,,Determined - No Hazard,To Proponent,2025-01-29,2025-01-29,2025-03-21,,57.05252778,-135.36584722,4D,,,,SITKA,Sitka,220,AK,SITKA ROCKY GUTIERREZ,0,,Y,"provide construction crane adjacent to terminal building for removing the existing passenger boarding bridge\r\n\r\nThis case represents point B",,New Construction,Temporary,0,1,2024-07-15,2024-08-15,,,CRANE,,,75,26,,,101,"Consolidated Contracting and Engineering, LLC","Consolidated Contracting and Engineering, LLC",,
2025-AAL-48-OE,,Determined - No Hazard,No Hazard,2025-01-29,2025-01-29,2025-02-07,,66.89629167,-162.58665278,4D,None,,SIDE MOUNT Kotzebue Hospital 4654,Kotzebue,Northwest Arctic,188,AK,RALPH WIEN MEML,4515,21.4,,GCI proposes to mount  four (4) antennas  spanning approx. 16 feet total  with an overall height of 51 feet to the existing 53 foot building.  The antennas will protrude 1-2 feet above the rooftop but will not be higher than the highest peak of the rooftop.,436 5th Ave   Kotzebue Hospital rooftop,Existing,Permanent,,,,,,,BUILDING,53,,53,9,62,,62,GCI,GCI Communication Corp,645672242-646766086,"{\"frequencies\":[{\"band\":{\"value\":[14000,14500],\"uom\":\"MHz\"},\"erp\":{\"value\":6,\"uom\":\"W\"},\"standard\":false}],\"overlaps\":[{\"recorded\":\"2025-01-29T19:53:15Z\",\"reason\":\"StarLink (SpaceX) Over-the-Counter antenna operating in the Ku-Band, 47 CFR Part 25\"}]}"
2025-AAL-49-NRA,,Determined - No Hazard,To Proponent,2025-01-29,2025-01-29,2025-03-21,,57.05242778,-135.36559167,4D,,,,SITKA,Sitka,220,AK,SITKA ROCKY GUTIERREZ,0,,Y,"provide construction crane adjacent to terminal building for removing the existing passenger boarding bridge\r\n\r\nThis case represents point C",,New Construction,Temporary,0,1,2024-07-15,2024-08-15,,,CRANE,,,75,26,,,101,"Consolidated Contracting and Engineering, LLC","Consolidated Contracting and Engineering, LLC",,
2025-AAL-50-NRA,,Determined - No Hazard,To Proponent,2025-01-29,2025-01-29,2025-03-21,,57.05230556,-135.36581944,4D,,,,SITKA,Sitka,220,AK,SITKA ROCKY GUTIERREZ,0,,Y,"provide construction crane adjacent to terminal building for removing the existing passenger boarding bridge\r\n\r\nThis case represents point D",,New Construction,Temporary,0,1,2024-07-15,2024-08-15,,,CRANE,,,75,26,,,101,"Consolidated Contracting and Engineering, LLC","Consolidated Contracting and Engineering, LLC",,
2025-AAL-51-NRA,2024-AAL-404-NRA,Determined - No Hazard,To Proponent,2025-01-29,2025-01-29,2025-04-01,,61.21316944,-149.84935833,4D,,,,ANCHORAGE,Anchorage,20,AK,MERRILL FLD,0,,Y,Request for use of Temporary Equipment to includes pavement removal  excavation  grading  crushed aggregate base course  pavement installation  markings  airport lighting improvements  and other associated work to rehabilitate approx 400 000 SF of runway.  Also includes Airport Lighting Control and Monitoring System improvements. CSPP can be found in case 2024-AAL-404-NRA.,,New Construction,Temporary,15,2,2025-05-15,2025-07-30,,,CONSTRUCTION$VEHICLE,,,20,132,,,152,QAP,EMC,,
2025-AAL-51-OE,,Determined - No Hazard,No Hazard,2025-01-30,2025-01-30,2025-02-19,2026-08-19,61.61046111,-149.12981389,4D,None,,Breezy Meadows Phase 3,Palmer,Matanuska-Susitna,170,AK,"WARREN \"BUD\" WOODS PALMER MUNI",9138,308.5,,Construction of Phase 3 of the Breezy Meadows affordable housing apartment complex.,Former farmland  now cleared for affordable housing.,New Construction,Permanent,,,,,,,BUILDING$MULTI_UNIT,29,,29,315,344,,344,Solstice Alaska Consulting,"Pacific West Communities, Inc",645819716-647859348,
2025-AAL-52-NRA,2024-AAL-404-NRA,Determined - No Hazard,To Proponent,2025-01-29,2025-01-29,2025-04-01,,61.21310833,-149.84933611,4D,,,,ANCHORAGE,Anchorage,20,AK,MERRILL FLD,0,,Y,Request for use of Temporary Equipment to includes pavement removal  excavation  grading  crushed aggregate base course  pavement installation  markings  airport lighting improvements  and other associated work to rehabilitate approx 400 000 SF of runway.  Also includes Airport Lighting Control and Monitoring System improvements. CSPP can be found in case 2024-AAL-404-NRA.,,New Construction,Temporary,15,2,2025-05-15,2025-07-30,,,CONSTRUCTION$VEHICLE,,,20,131,,,151,QAP,EMC,,
2025-AAL-52-OE,,Determined - No Hazard,No Hazard,2025-01-31,2025-01-31,2025-03-24,2026-09-24,64.32772222,-158.731,4D,None,,Kaltag New,Kaltag,Yukon-Koyukuk,290,AK,KALTAG,3591,27.1,,A 125 foot lattice tower located within a 50x50 foot compound.,"Corner of 10th Ave & C St.\r\nKaltag AK 99748\r\nYukon-Koyuluk County",New Construction,Permanent,,,,,,,TOWER$ANTENNA,125,,125,149,274,,274,Atlas Tower Group,"ATLAS TOWER 1, LLC",,"{\"frequencies\":[{\"band\":{\"value\":[806,824],\"uom\":\"MHz\"},\"erp\":{\"value\":500,\"uom\":\"W\"},\"standard\":1,\"purpose\":\"colo_void\"},{\"band\":{\"value\":[824,849],\"uom\":\"MHz\"},\"erp\":{\"value\":500,\"uom\":\"W\"},\"standard\":2,\"purpose\":\"colo_void\"},{\"band\":{\"value\":[851,866],\"uom\":\"MHz\"},\"erp\":{\"value\":500,\"uom\":\"W\"},\"standard\":3,\"purpose\":\"colo_void\"},{\"band\":{\"value\":[869,894],\"uom\":\"MHz\"},\"erp\":{\"value\":500,\"uom\":\"W\"},\"standard\":4,\"purpose\":\"colo_void\"},{\"band\":{\"value\":[896,901],\"uom\":\"MHz\"},\"erp\":{\"value\":500,\"uom\":\"W\"},\"standard\":5,\"purpose\":\"colo_void\"},{\"band\":{\"value\":[901,902],\"uom\":\"MHz\"},\"erp\":{\"value\":7,\"uom\":\"W\"},\"standard\":6,\"purpose\":\"colo_void\"},{\"band\":{\"value\":[930,931],\"uom\":\"MHz\"},\"erp\":{\"value\":3500,\"uom\":\"W\"},\"standard\":7,\"purpose\":\"colo_void\"},{\"band\":{\"value\":[931,932],\"uom\":\"MHz\"},\"erp\":{\"value\":3500,\"uom\":\"W\"},\"standard\":8,\"purpose\":\"colo_void\"},{\"band\":{\"value\":[932,932.5],\"uom\":\"MHz\"},\"erp\":{\"value\":17,\"uom\":\"dBW\"},\"standard\":9,\"purpose\":\"colo_void\"},{\"band\":{\"value\":[935,940],\"uom\":\"MHz\"},\"erp\":{\"value\":1000,\"uom\":\"W\"},\"standard\":10,\"purpose\":\"colo_void\"},{\"band\":{\"value\":[940,941],\"uom\":\"MHz\"},\"erp\":{\"value\":3500,\"uom\":\"W\"},\"standard\":11,\"purpose\":\"colo_void\"},{\"band\":{\"value\":[1850,1910],\"uom\":\"MHz\"},\"erp\":{\"value\":1640,\"uom\":\"W\"},\"standard\":12,\"purpose\":\"colo_void\"},{\"band\":{\"value\":[1930,1990],\"uom\":\"MHz\"},\"erp\":{\"value\":1640,\"uom\":\"W\"},\"standard\":13,\"purpose\":\"colo_void\"},{\"band\":{\"value\":[2305,2310],\"uom\":\"MHz\"},\"erp\":{\"value\":2000,\"uom\":\"W\"},\"standard\":14,\"purpose\":\"colo_void\"},{\"band\":{\"value\":[2345,2360],\"uom\":\"MHz\"},\"erp\":{\"value\":2000,\"uom\":\"W\"},\"standard\":15,\"purpose\":\"colo_void\"},{\"band\":{\"value\":[698,806],\"uom\":\"MHz\"},\"erp\":{\"value\":1000,\"uom\":\"W\"},\"standard\":16,\"purpose\":\"colo_void\"},{\"band\":{\"value\":[6,7],\"uom\":\"GHz\"},\"erp\":{\"value\":42,\"uom\":\"dBW\"},\"standard\":76,\"purpose\":\"colo_void\"},{\"band\":{\"value\":[10,11.7],\"uom\":\"GHz\"},\"erp\":{\"value\":42,\"uom\":\"dBW\"},\"standard\":77,\"purpose\":\"colo_void\"},{\"band\":{\"value\":[17.7,19.7],\"uom\":\"GHz\"},\"erp\":{\"value\":42,\"uom\":\"dBW\"},\"standard\":78,\"purpose\":\"colo_void\"},{\"band\":{\"value\":[21.2,23.6],\"uom\":\"GHz\"},\"erp\":{\"value\":42,\"uom\":\"dBW\"},\"standard\":79,\"purpose\":\"colo_void\"},{\"band\":{\"value\":[806,901],\"uom\":\"MHz\"},\"erp\":{\"value\":500,\"uom\":\"W\"},\"standard\":80,\"purpose\":\"colo_void\"},{\"band\":{\"value\":[929,932],\"uom\":\"MHz\"},\"erp\":{\"value\":3500,\"uom\":\"W\"},\"standard\":81,\"purpose\":\"colo_void\"},{\"band\":{\"value\":[1670,1675],\"uom\":\"MHz\"},\"erp\":{\"value\":500,\"uom\":\"W\"},\"standard\":82,\"purpose\":\"colo_void\"},{\"band\":{\"value\":[1710,1755],\"uom\":\"MHz\"},\"erp\":{\"value\":500,\"uom\":\"W\"},\"standard\":83,\"purpose\":\"colo_void\"},{\"band\":{\"value\":[1850,1990],\"uom\":\"MHz\"},\"erp\":{\"value\":1640,\"uom\":\"W\"},\"standard\":84,\"purpose\":\"colo_void\"},{\"band\":{\"value\":[1990,2025],\"uom\":\"MHz\"},\"erp\":{\"value\":500,\"uom\":\"W\"},\"standard\":85,\"purpose\":\"colo_void\"},{\"band\":{\"value\":[2110,2200],\"uom\":\"MHz\"},\"erp\":{\"value\":500,\"uom\":\"W\"},\"standard\":86,\"purpose\":\"colo_void\"},{\"band\":{\"value\":[2305,2360],\"uom\":\"MHz\"},\"erp\":{\"value\":2000,\"uom\":\"W\"},\"standard\":87,\"purpose\":\"colo_void\"},{\"band\":{\"value\":[2496,2690],\"uom\":\"MHz\"},\"erp\":{\"value\":500,\"uom\":\"W\"},\"standard\":88,\"purpose\":\"colo_void\"},{\"band\":{\"value\":[6,7],\"uom\":\"GHz\"},\"erp\":{\"value\":55,\"uom\":\"dBW\"},\"standard\":89,\"purpose\":\"colo_void\"},{\"band\":{\"value\":[10,11.7],\"uom\":\"GHz\"},\"erp\":{\"value\":55,\"uom\":\"dBW\"},\"standard\":90,\"purpose\":\"colo_void\"},{\"band\":{\"value\":[17.7,19.7],\"uom\":\"GHz\"},\"erp\":{\"value\":55,\"uom\":\"dBW\"},\"standard\":91,\"purpose\":\"colo_void\"},{\"band\":{\"value\":[21.2,23.6],\"uom\":\"GHz\"},\"erp\":{\"value\":55,\"uom\":\"dBW\"},\"standard\":92,\"purpose\":\"colo_void\"},{\"band\":{\"value\":[614,698],\"uom\":\"MHz\"},\"erp\":{\"value\":1000,\"uom\":\"W\"},\"standard\":93,\"purpose\":\"data_entry\"},{\"band\":{\"value\":[614,698],\"uom\":\"MHz\"},\"erp\":{\"value\":2000,\"uom\":\"W\"},\"standard\":94,\"purpose\":\"data_entry\"}]}"
2025-AAL-53-NRA,2024-AAL-404-NRA,Determined - No Hazard,To Proponent,2025-01-29,2025-01-29,2025-04-01,,61.21316111,-149.849225,4D,,,,ANCHORAGE,Anchorage,20,AK,MERRILL FLD,0,,Y,Request for use of Temporary Equipment to includes pavement removal  excavation  grading  crushed aggregate base course  pavement installation  markings  airport lighting improvements  and other associated work to rehabilitate approx 400 000 SF of runway.  Also includes Airport Lighting Control and Monitoring System improvements. CSPP can be found in case 2024-AAL-404-NRA.,,New Construction,Temporary,15,2,2025-05-15,2025-07-30,,,CONSTRUCTION$VEHICLE,,,20,131,,,151,QAP,EMC,,
2025-AAL-53-OE,,Determined - No Hazard,No Hazard,2025-02-03,2025-02-03,2025-03-04,2026-09-04,61.23966389,-149.83309444,4D,None,,Hangar 5 Crane Position 1,Anchorage,Anchorage,20,AK,ELMENDORF AFB,6338,227.6,,This project will use a crane for material transfer during a roof replacement on an existing structure.,This project site is located on JBER  Anchorage  AK. The work area is approximately 3 500 feet south of Runway 06/24  and under the Inner Horizontal Surface.,New Construction,Temporary,6,5,2025-05-01,2025-10-07,,,CRANE$MOBILE,160,,160,158,318,,318,673 CIVIL ENGINEER SQ,673 CIVIL ENGINEER SQ,646299008-649253715,
2025-AAL-54-NRA,2024-AAL-404-NRA,Determined - No Hazard,To Proponent,2025-01-29,2025-01-29,2025-04-01,,61.213125,-149.84919722,4D,,,,ANCHORAGE,Anchorage,20,AK,MERRILL FLD,0,,Y,Request for use of Temporary Equipment to includes pavement removal  excavation  grading  crushed aggregate base course  pavement installation  markings  airport lighting improvements  and other associated work to rehabilitate approx 400 000 SF of runway.  Also includes Airport Lighting Control and Monitoring System improvements. CSPP can be found in case 2024-AAL-404-NRA.,,New Construction,Temporary,15,2,2025-05-15,2025-07-30,,,CONSTRUCTION$VEHICLE,,,20,131,,,151,QAP,EMC,,
2025-AAL-54-OE,,Determined - No Hazard,No Hazard,2025-02-03,2025-02-04,2025-03-04,2026-09-04,61.23874722,-149.83402778,4D,None,,Hangar 5 Roof Replacement Crane Position 2,Anchorage,Anchorage,20,AK,ELMENDORF AFB,6686,226.4,,This project uses a crane to transfer materials for the roof replacement on an existing structure.,The project is located on JBER  Anchorage  AK. The project site is located about 3 800 feet south of Runway 06/24 and under the Inner Horizontal Surface. The project,New Construction,Temporary,7,5,2025-05-01,2025-10-07,,,CRANE$MOBILE,160,,160,158,318,,318,673 CIVIL ENGINEER SQ,673 CIVIL ENGINEER SQ,646299879-649253716,
2025-AAL-55-NRA,2024-AAL-404-NRA,Determined - No Hazard,To Proponent,2025-01-29,2025-01-29,2025-04-01,,61.21578889,-149.85477222,4D,,,,ANCHORAGE,Anchorage,20,AK,MERRILL FLD,0,,Y,Request for use of Temporary Equipment to includes pavement removal  excavation  grading  crushed aggregate base course  pavement installation  markings  airport lighting improvements  and other associated work to rehabilitate approx 400 000 SF of runway.  Also includes Airport Lighting Control and Monitoring System improvements. CSPP can be found in case 2024-AAL-404-NRA.,,New Construction,Temporary,15,2,2025-05-15,2025-07-30,,,CONSTRUCTION$VEHICLE,,,20,132,,,152,QAP,EMC,,
2025-AAL-55-OE,,Determined - No Hazard,No Hazard,2025-02-04,2025-02-04,2025-02-11,2026-08-11,61.18138889,-149.80944444,4D,None,,YESH JESH TUK,Anchorage,Anchorage,20,AK,MERRILL FLD,13301,152.1,,Construction of a 4 story building,3767 E Tudor RD,New Construction,Permanent,,,,,,,BUILDING,73,,73,164,237,,237,Watterson Construction,Watterson Construction,646386594-647070932,
2025-AAL-56-NRA,,Determined - No Hazard,To Proponent,2025-01-29,2025-01-29,2025-04-01,,61.21604167,-149.854775,4D,,,,ANCHORAGE,Anchorage,20,AK,MERRILL FLD,0,,Y,Request for use of Temporary Equipment to includes pavement removal  excavation  grading  crushed aggregate base course  pavement installation  markings  airport lighting improvements  and other associated work to rehabilitate approx 400 000 SF of runway.  Also includes Airport Lighting Control and Monitoring System improvements. CSPP can be found in case 2024-AAL-404-NRA.,,New Construction,Temporary,15,2,2025-05-15,2025-07-30,,,CONSTRUCTION$VEHICLE,,,20,132,,,152,QAP,EMC,,
2025-AAL-56-OE,,Determined - No Hazard,No Hazard,2025-02-04,2025-02-04,2025-02-11,2026-08-11,61.18138889,-149.80944444,4D,None,,South Central Tudor and Elmore Development,Anchorage,Anchorage,20,AK,MERRILL FLD,13301,152.1,,We plan to use a crane to erect a 4 story building.,3767 E. Tudor RD. Anchorage AK. 99507,New Construction,Temporary,0,18,,,,,CRANE$MOBILE,190,,190,164,354,,354,Watterson Construction,Watterson Construction,646392610-647071565,
2025-AAL-57-NRA,,Determined - No Hazard,To Proponent,2025-01-29,2025-01-29,2025-04-01,,61.216025,-149.83006389,4D,,,,ANCHORAGE,Anchorage,20,AK,MERRILL FLD,0,,Y,Request for use of Temporary Equipment to includes pavement removal  excavation  grading  crushed aggregate base course  pavement installation  markings  airport lighting improvements  and other associated work to rehabilitate approx 400 000 SF of runway.  Also includes Airport Lighting Control and Monitoring System improvements. CSPP can be found in case 2024-AAL-404-NRA.,,New Construction,Temporary,15,2,2025-05-15,2025-07-30,,,CONSTRUCTION$VEHICLE,,,20,146,,,166,QAP,EMC,,
2025-AAL-58-NRA,,Determined - No Hazard,To Proponent,2025-01-29,2025-01-29,2025-04-01,,61.21575,-149.83013889,4D,,,,ANCHORAGE,Anchorage,20,AK,MERRILL FLD,0,,Y,Request for use of Temporary Equipment to includes pavement removal  excavation  grading  crushed aggregate base course  pavement installation  markings  airport lighting improvements  and other associated work to rehabilitate approx 400 000 SF of runway.  Also includes Airport Lighting Control and Monitoring System improvements. CSPP can be found in case 2024-AAL-404-NRA.,,New Construction,Temporary,15,2,2025-05-15,2025-07-30,,,CONSTRUCTION$VEHICLE,,,20,146,,,166,QAP,EMC,,
2025-AAL-59-NRA,,Determined - No Hazard,To Proponent,2025-01-29,2025-01-29,2025-04-01,,61.21691111,-149.83013889,4D,,,,ANCHORAGE,Anchorage,20,AK,MERRILL FLD,0,,Y,Request for use of Temporary Equipment to includes pavement removal  excavation  grading  crushed aggregate base course  pavement installation  markings  airport lighting improvements  and other associated work to rehabilitate approx 400 000 SF of runway.  Also includes Airport Lighting Control and Monitoring System improvements. CSPP can be found in case 2024-AAL-404-NRA.,,New Construction,Temporary,15,2,2025-05-15,2025-07-30,,,CONSTRUCTION$VEHICLE,,,20,156,,,176,QAP,EMC,,
2025-AAL-60-NRA,,Determined - No Hazard,To Proponent,2025-01-29,2025-01-29,2025-04-01,,61.21680278,-149.84418056,4D,,,,ANCHORAGE,Anchorage,20,AK,MERRILL FLD,0,,Y,Request for use of Temporary Equipment to includes pavement removal  excavation  grading  crushed aggregate base course  pavement installation  markings  airport lighting improvements  and other associated work to rehabilitate approx 400 000 SF of runway.  Also includes Airport Lighting Control and Monitoring System improvements. CSPP can be found in case 2024-AAL-404-NRA.,,New Construction,Temporary,15,2,2025-05-15,2025-07-30,,,CONSTRUCTION$VEHICLE,,,20,140,,,160,QAP,EMC,,
2025-AAL-61-NRA,,Determined - No Hazard,To Proponent,2025-01-29,2025-01-29,2025-04-01,,61.2169,-149.84376389,4D,,,,ANCHORAGE,Anchorage,20,AK,MERRILL FLD,0,,Y,Request for use of Temporary Equipment to includes pavement removal  excavation  grading  crushed aggregate base course  pavement installation  markings  airport lighting improvements  and other associated work to rehabilitate approx 400 000 SF of runway.  Also includes Airport Lighting Control and Monitoring System improvements. CSPP can be found in case 2024-AAL-404-NRA.,,New Construction,Temporary,15,2,2025-05-15,2025-07-30,,,CONSTRUCTION$VEHICLE,,,20,140,,,160,QAP,EMC,,
2025-AAL-62-NRA,,Determined - No Hazard,To Proponent,2025-01-29,2025-01-29,2025-04-01,,61.21679167,-149.84373889,4D,,,,ANCHORAGE,Anchorage,20,AK,MERRILL FLD,0,,Y,Request for use of Temporary Equipment to includes pavement removal  excavation  grading  crushed aggregate base course  pavement installation  markings  airport lighting improvements  and other associated work to rehabilitate approx 400 000 SF of runway.  Also includes Airport Lighting Control and Monitoring System improvements. CSPP can be found in case 2024-AAL-404-NRA.,,New Construction,Temporary,15,2,2025-05-15,2025-07-30,,,CONSTRUCTION$VEHICLE,,,20,140,,,160,QAP,EMC,,
2025-AAL-63-NRA,,Determined - No Hazard,To Proponent,2025-01-29,2025-01-29,2025-04-01,,61.21371944,-149.82708056,4D,,,,ANCHORAGE,Anchorage,20,AK,MERRILL FLD,0,,Y,Request for use of Temporary Equipment to includes pavement removal  excavation  grading  crushed aggregate base course  pavement installation  markings  airport lighting improvements  and other associated work to rehabilitate approx 400 000 SF of runway.  Also includes Airport Lighting Control and Monitoring System improvements. CSPP can be found in case 2024-AAL-404-NRA.,,New Construction,Temporary,15,2,2025-05-15,2025-07-30,,,CONSTRUCTION$VEHICLE,,,20,129,,,149,QAP,EMC,,
2025-AAL-64-NRA,,Determined - No Hazard,To Proponent,2025-01-29,2025-01-29,2025-04-01,,61.21466667,-149.82708333,4D,,,,ANCHORAGE,Anchorage,20,AK,MERRILL FLD,0,,Y,Request for use of Temporary Equipment to includes pavement removal  excavation  grading  crushed aggregate base course  pavement installation  markings  airport lighting improvements  and other associated work to rehabilitate approx 400 000 SF of runway.  Also includes Airport Lighting Control and Monitoring System improvements. CSPP can be found in case 2024-AAL-404-NRA.,,New Construction,Temporary,15,2,2025-05-15,2025-07-30,,,CONSTRUCTION$VEHICLE,,,20,127,,,147,QAP,EMC,,
2025-AAL-65-NRA,,Determined - No Hazard,To Proponent,2025-01-29,2025-01-29,2025-04-01,,61.21481667,-149.82615833,4D,,,,ANCHORAGE,Anchorage,20,AK,MERRILL FLD,0,,Y,Request for use of Temporary Equipment to includes pavement removal  excavation  grading  crushed aggregate base course  pavement installation  markings  airport lighting improvements  and other associated work to rehabilitate approx 400 000 SF of runway.  Also includes Airport Lighting Control and Monitoring System improvements. CSPP can be found in case 2024-AAL-404-NRA.,,New Construction,Temporary,15,2,2025-05-15,2025-07-30,,,CONSTRUCTION$VEHICLE,,,20,127,,,147,QAP,EMC,,
2025-AAL-66-NRA,,Determined - No Hazard,To Proponent,2025-01-29,2025-01-29,2025-04-01,,61.21378056,-149.82611944,4D,,,,ANCHORAGE,Anchorage,20,AK,MERRILL FLD,0,,Y,Request for use of Temporary Equipment to includes pavement removal  excavation  grading  crushed aggregate base course  pavement installation  markings  airport lighting improvements  and other associated work to rehabilitate approx 400 000 SF of runway.  Also includes Airport Lighting Control and Monitoring System improvements. CSPP can be found in case 2024-AAL-404-NRA..,,New Construction,Temporary,15,2,2025-05-15,2025-07-30,,,CONSTRUCTION$VEHICLE,,,20,129,,,149,QAP,EMC,,
2025-AAL-67-NRA,,Determined - No Hazard,To Proponent,2025-01-29,2025-01-29,2025-04-01,,57.75467222,-152.51109722,4D,,,,KODIAK,Kodiak Island,150,AK,KODIAK,0,,Y,Request the use of temporary equipment. This project will include replacing vehicle and pedestrian gates as well as replacing damaged or worn down portions of security fence. New Gates will be a combination of manual and network automated gates. Tallest structure height will be the equipment used for installation.,,New Construction,Temporary,12,13,2025-04-27,2026-06-15,,,CONSTRUCTION$VEHICLE,,,40,55,,,95,QAP,Alaska DOT & PF,,
2025-AAL-68-NRA,,Determined - No Hazard,To Proponent,2025-01-29,2025-01-29,2025-04-01,,57.75519167,-152.51091667,4D,,,,KODIAK,Kodiak Island,150,AK,KODIAK,0,,Y,Request the use of temporary equipment. This project will include replacing vehicle and pedestrian gates as well as replacing damaged or worn down portions of security fence. New Gates will be a combination of manual and network automated gates. Tallest structure height will be the equipment used for installation.,,New Construction,Temporary,12,13,2025-04-27,2026-06-15,,,CONSTRUCTION$VEHICLE,,,40,55,,,95,QAP,Alaska DOT & PF,,
2025-AAL-69-NRA,,Determined - No Hazard,To Proponent,2025-01-29,2025-01-29,2025-04-01,,57.75505556,-152.51035833,4D,,,,KODIAK,Kodiak Island,150,AK,KODIAK,0,,Y,Request the use of temporary equipment. This project will include replacing vehicle and pedestrian gates as well as replacing damaged or worn down portions of security fence. New Gates will be a combination of manual and network automated gates. Tallest structure height will be the equipment used for installation.,,New Construction,Temporary,12,13,2025-04-27,2026-06-15,,,CONSTRUCTION$VEHICLE,,,40,55,,,95,QAP,Alaska DOT & PF,,
2025-AAL-70-NRA,,Determined - No Hazard,To Proponent,2025-01-29,2025-01-29,2025-04-01,,57.75479444,-152.510325,4D,,,,KODIAK,Kodiak Island,150,AK,KODIAK,0,,Y,Request the use of temporary equipment. This project will include replacing vehicle and pedestrian gates as well as replacing damaged or worn down portions of security fence. New Gates will be a combination of manual and network automated gates. Tallest structure height will be the equipment used for installation.,,New Construction,Temporary,12,13,2025-04-27,2026-06-15,,,CONSTRUCTION$VEHICLE,,,40,55,,,95,QAP,Alaska DOT & PF,,
2025-AAL-71-NRA,,Determined - No Hazard,To Proponent,2025-01-29,2025-01-29,2025-04-01,,57.75451667,-152.510375,4D,,,,KODIAK,Kodiak Island,150,AK,KODIAK,0,,Y,Request the use of temporary equipment. This project will include replacing vehicle and pedestrian gates as well as replacing damaged or worn down portions of security fence. New Gates will be a combination of manual and network automated gates. Tallest structure height will be the equipment used for installation.,,New Construction,Temporary,12,13,2025-04-27,2026-06-15,,,CONSTRUCTION$VEHICLE,,,40,55,,,95,QAP,Alaska DOT & PF,,
2025-AAL-73-NRA,2021-AAL-202-NRA,Determined - No Hazard,To Proponent,2025-01-30,2025-01-30,2025-04-16,,61.18143889,-149.98712778,4D,,,,ANCHORAGE,Anchorage,20,AK,TED STEVENS ANCHORAGE INTL,0,,Y,Previous Air Space: 2021-AAL-202-NRA. This is the resubmittal of temporary crane for construction of the new ATCT at ANC.,,New Construction,Temporary,0,18,2025-07-01,2028-07-31,,,OTHER,,,375,96,,,471,Federal Aviation Administration,FAA Engineering Services,,
2025-AAL-75-OE,2022-AAL-32-OE,Determined - No Hazard,No Hazard,2025-02-06,2025-02-06,2025-03-24,2026-09-24,57.78375556,-152.40117222,1A,None,,US-AK-5257 Near Island,Kodiak,Kodiak Island,150,AK,KODIAK MUNI,9696,213.4,,New Site Build - MB,Alimaq Dr,New Construction,Permanent,,,,,,,TOWER$ANTENNA,130,,130,154,284,,284,Vertical Bridge,"Vertical Bridge Development, LLC",,"{\"frequencies\":[{\"band\":{\"value\":[806,824],\"uom\":\"MHz\"},\"erp\":{\"value\":500,\"uom\":\"W\"},\"standard\":1,\"purpose\":\"colo_void\"},{\"band\":{\"value\":[824,849],\"uom\":\"MHz\"},\"erp\":{\"value\":500,\"uom\":\"W\"},\"standard\":2,\"purpose\":\"colo_void\"},{\"band\":{\"value\":[851,866],\"uom\":\"MHz\"},\"erp\":{\"value\":500,\"uom\":\"W\"},\"standard\":3,\"purpose\":\"colo_void\"},{\"band\":{\"value\":[869,894],\"uom\":\"MHz\"},\"erp\":{\"value\":500,\"uom\":\"W\"},\"standard\":4,\"purpose\":\"colo_void\"},{\"band\":{\"value\":[896,901],\"uom\":\"MHz\"},\"erp\":{\"value\":500,\"uom\":\"W\"},\"standard\":5,\"purpose\":\"colo_void\"},{\"band\":{\"value\":[901,902],\"uom\":\"MHz\"},\"erp\":{\"value\":7,\"uom\":\"W\"},\"standard\":6,\"purpose\":\"colo_void\"},{\"band\":{\"value\":[930,931],\"uom\":\"MHz\"},\"erp\":{\"value\":3500,\"uom\":\"W\"},\"standard\":7,\"purpose\":\"colo_void\"},{\"band\":{\"value\":[931,932],\"uom\":\"MHz\"},\"erp\":{\"value\":3500,\"uom\":\"W\"},\"standard\":8,\"purpose\":\"colo_void\"},{\"band\":{\"value\":[932,932.5],\"uom\":\"MHz\"},\"erp\":{\"value\":17,\"uom\":\"dBW\"},\"standard\":9,\"purpose\":\"colo_void\"},{\"band\":{\"value\":[935,940],\"uom\":\"MHz\"},\"erp\":{\"value\":1000,\"uom\":\"W\"},\"standard\":10,\"purpose\":\"colo_void\"},{\"band\":{\"value\":[940,941],\"uom\":\"MHz\"},\"erp\":{\"value\":3500,\"uom\":\"W\"},\"standard\":11,\"purpose\":\"colo_void\"},{\"band\":{\"value\":[1850,1910],\"uom\":\"MHz\"},\"erp\":{\"value\":1640,\"uom\":\"W\"},\"standard\":12,\"purpose\":\"colo_void\"},{\"band\":{\"value\":[1930,1990],\"uom\":\"MHz\"},\"erp\":{\"value\":1640,\"uom\":\"W\"},\"standard\":13,\"purpose\":\"colo_void\"},{\"band\":{\"value\":[2305,2310],\"uom\":\"MHz\"},\"erp\":{\"value\":2000,\"uom\":\"W\"},\"standard\":14,\"purpose\":\"colo_void\"},{\"band\":{\"value\":[2345,2360],\"uom\":\"MHz\"},\"erp\":{\"value\":2000,\"uom\":\"W\"},\"standard\":15,\"purpose\":\"colo_void\"},{\"band\":{\"value\":[698,806],\"uom\":\"MHz\"},\"erp\":{\"value\":1000,\"uom\":\"W\"},\"standard\":16,\"purpose\":\"colo_void\"},{\"band\":{\"value\":[6,7],\"uom\":\"GHz\"},\"erp\":{\"value\":42,\"uom\":\"dBW\"},\"standard\":76,\"purpose\":\"colo_void\"},{\"band\":{\"value\":[10,11.7],\"uom\":\"GHz\"},\"erp\":{\"value\":42,\"uom\":\"dBW\"},\"standard\":77,\"purpose\":\"colo_void\"},{\"band\":{\"value\":[17.7,19.7],\"uom\":\"GHz\"},\"erp\":{\"value\":42,\"uom\":\"dBW\"},\"standard\":78,\"purpose\":\"colo_void\"},{\"band\":{\"value\":[21.2,23.6],\"uom\":\"GHz\"},\"erp\":{\"value\":42,\"uom\":\"dBW\"},\"standard\":79,\"purpose\":\"colo_void\"},{\"band\":{\"value\":[806,901],\"uom\":\"MHz\"},\"erp\":{\"value\":500,\"uom\":\"W\"},\"standard\":80,\"purpose\":\"colo_void\"},{\"band\":{\"value\":[929,932],\"uom\":\"MHz\"},\"erp\":{\"value\":3500,\"uom\":\"W\"},\"standard\":81,\"purpose\":\"colo_void\"},{\"band\":{\"value\":[1670,1675],\"uom\":\"MHz\"},\"erp\":{\"value\":500,\"uom\":\"W\"},\"standard\":82,\"purpose\":\"colo_void\"},{\"band\":{\"value\":[1710,1755],\"uom\":\"MHz\"},\"erp\":{\"value\":500,\"uom\":\"W\"},\"standard\":83,\"purpose\":\"colo_void\"},{\"band\":{\"value\":[1850,1990],\"uom\":\"MHz\"},\"erp\":{\"value\":1640,\"uom\":\"W\"},\"standard\":84,\"purpose\":\"colo_void\"},{\"band\":{\"value\":[1990,2025],\"uom\":\"MHz\"},\"erp\":{\"value\":500,\"uom\":\"W\"},\"standard\":85,\"purpose\":\"colo_void\"},{\"band\":{\"value\":[2110,2200],\"uom\":\"MHz\"},\"erp\":{\"value\":500,\"uom\":\"W\"},\"standard\":86,\"purpose\":\"colo_void\"},{\"band\":{\"value\":[2305,2360],\"uom\":\"MHz\"},\"erp\":{\"value\":2000,\"uom\":\"W\"},\"standard\":87,\"purpose\":\"colo_void\"},{\"band\":{\"value\":[2496,2690],\"uom\":\"MHz\"},\"erp\":{\"value\":500,\"uom\":\"W\"},\"standard\":88,\"purpose\":\"colo_void\"},{\"band\":{\"value\":[6,7],\"uom\":\"GHz\"},\"erp\":{\"value\":55,\"uom\":\"dBW\"},\"standard\":89,\"purpose\":\"colo_void\"},{\"band\":{\"value\":[10,11.7],\"uom\":\"GHz\"},\"erp\":{\"value\":55,\"uom\":\"dBW\"},\"standard\":90,\"purpose\":\"colo_void\"},{\"band\":{\"value\":[17.7,19.7],\"uom\":\"GHz\"},\"erp\":{\"value\":55,\"uom\":\"dBW\"},\"standard\":91,\"purpose\":\"colo_void\"},{\"band\":{\"value\":[21.2,23.6],\"uom\":\"GHz\"},\"erp\":{\"value\":55,\"uom\":\"dBW\"},\"standard\":92,\"purpose\":\"colo_void\"},{\"band\":{\"value\":[614,698],\"uom\":\"MHz\"},\"erp\":{\"value\":1000,\"uom\":\"W\"},\"standard\":93,\"purpose\":\"data_entry\"},{\"band\":{\"value\":[614,698],\"uom\":\"MHz\"},\"erp\":{\"value\":2000,\"uom\":\"W\"},\"standard\":94,\"purpose\":\"data_entry\"}]}"
2025-AAL-76-NRA,,Determined - No Hazard,To Proponent,2025-02-03,2025-02-03,2025-03-21,,58.09496667,-135.4176,4D,,,Geotechnical Drilling,HOONAH,Hoonah-Angoon,105,AK,HOONAH,0,,Y,"Request use of temporary equipment. Work schedule start and end dates are approximate.\r\n\r\nThe Alaska Department of Transportation & Public Facilities (DOT&PF) proposes to rehabilitate the Hoonah Airport (HNH)  in Hoonah Alaska. The work proposed here is for subsurface exploration to support the rehabilitation project in accordance with Federal Aviation Administration (FAA) Advisory Circular (AC) 150/5320-6G.\r\n\r\nThe following borings will be performed based on this guidance:\r\nEighteen four-foot-deep borings along the runway at 200 foot spacing. Dynamic cone penetration (DCP) tests will be conducted at each location.\r\n\r\nFour  four-foot-deep boring completed on each taxiway with DCP tests at each location.\r\n\r\nSeven  four-foot-deep boring",,New Construction,Temporary,8,0,2025-06-02,2025-06-10,,,RIG$DRILLING,,,30,21,,,51,AK DOT&PF,Alaska Department of Transportation,,
2025-AAL-76-OE,,Determined - No Hazard,No Hazard,2025-02-06,2025-02-07,2025-03-04,2026-09-04,53.89418889,-166.53987778,4D,None,,Connex,Unalaska,Aleutians West,16,AK,UNALASKA,2059,147.4,,Placement of 2- 40' shipping containers for storage of training materials.,Amaknak Island Fire Station (#2),Alteration,Permanent,,,2025-02-15,2025-02-25,,,OTHER,9,,9,48,57,,57,City of Unalaska Fire Department,City of Unalaska Fire Department,646722535-649254200,
2025-AAL-77-NRA,,Determined - No Hazard,To Proponent,2025-02-03,2025-02-03,2025-03-21,,58.09496667,-135.4176,4D,,,Geotechnical Drilling,HOONAH,Hoonah-Angoon,105,AK,HOONAH,0,,Y,"Request use of temporary equipment. Work schedule start and end dates are approximate.\r\n\r\nThe Alaska Department of Transportation & Public Facilities (DOT&PF) proposes to rehabilitate the Hoonah Airport (HNH)  in Hoonah Alaska. The work proposed here is for subsurface exploration to support the rehabilitation project in accordance with Federal Aviation Administration (FAA) Advisory Circular (AC) 150/5320-6G.\r\n\r\nThe following borings will be performed based on this guidance:\r\nEighteen four-foot-deep borings along the runway at 200 foot spacing. Dynamic cone penetration (DCP) tests will be conducted at each location.\r\n\r\nFour  four-foot-deep boring completed on each taxiway with DCP tests at each location.\r\n\r\nSeven  four-foot-deep boring",,New Construction,Temporary,8,0,2025-06-02,2025-06-10,,,RIG$DRILLING,,,30,17,,,47,AK DOT&PF,Alaska Department of Transportation,,
2025-AAL-78-NRA,,Determined - No Hazard,To Proponent,2025-02-03,2025-02-03,2025-03-21,,58.09535556,-135.41779167,4D,,,Geotechnical Drilling,HOONAH,Hoonah-Angoon,105,AK,HOONAH,0,,Y,"Request use of temporary equipment. Work schedule start and end dates are approximate.\r\n\r\nThe Alaska Department of Transportation & Public Facilities (DOT&PF) proposes to rehabilitate the Hoonah Airport (HNH)  in Hoonah Alaska. The work proposed here is for subsurface exploration to support the rehabilitation project in accordance with Federal Aviation Administration (FAA) Advisory Circular (AC) 150/5320-6G.\r\n\r\nThe following borings will be performed based on this guidance:\r\nEighteen four-foot-deep borings along the runway at 200 foot spacing. Dynamic cone penetration (DCP) tests will be conducted at each location.\r\n\r\nFour  four-foot-deep boring completed on each taxiway with DCP tests at each location.\r\n\r\nSeven  four-foot-deep boring",,New Construction,Temporary,8,0,2025-06-02,2025-06-10,,,RIG$DRILLING,,,30,19,,,49,AK DOT&PF,Alaska Department of Transportation,,
2025-AAL-78-OE,2024-AAL-583-OE,Determined - No Hazard,No Hazard,2025-02-10,2025-02-10,2025-02-12,2026-08-12,61.59722222,-149.10666668,4D,None,,St. Michaels Catholic Church,Palmer,Matanuska-Susitna,170,AK,"WARREN \"BUD\" WOODS PALMER MUNI",3237,285.1,,Add additional trusses to existing building  place a new building behind existing.,St. Michaels Catholic Church,New Construction,Permanent,,,2025-05-01,2025-10-15,,,BUILDING$CHURCH,28,,28,233,261,,261,"San Patricio Construction, Inc",Bernie Cullen,646975610-647325650,
2025-AAL-79-NRA,,Determined - No Hazard,To Proponent,2025-02-03,2025-02-03,2025-03-21,,58.09594167,-135.41329722,4D,,,Geotechnical Drilling,HOONAH,Hoonah-Angoon,105,AK,HOONAH,0,,Y,"Request use of temporary equipment. Work schedule start and end dates are approximate.\r\n\r\nThe Alaska Department of Transportation & Public Facilities (DOT&PF) proposes to rehabilitate the Hoonah Airport (HNH)  in Hoonah Alaska. The work proposed here is for subsurface exploration to support the rehabilitation project in accordance with Federal Aviation Administration (FAA) Advisory Circular (AC) 150/5320-6G.\r\n\r\nThe following borings will be performed based on this guidance:\r\nEighteen four-foot-deep borings along the runway at 200 foot spacing. Dynamic cone penetration (DCP) tests will be conducted at each location.\r\n\r\nFour  four-foot-deep boring completed on each taxiway with DCP tests at each location.\r\n\r\nSeven  four-foot-deep boring",,New Construction,Temporary,8,0,2025-06-02,2025-06-10,,,RIG$DRILLING,,,30,15,,,45,AK DOT&PF,Alaska Department of Transportation,,
2025-AAL-79-OE,,Determined - No Hazard,No Hazard,2025-02-13,2025-02-14,2025-02-20,,71.27139167,-156.77096944,4D,None,,SIDE MOUNT: Barrow ES 4659,Barrow,North Slope,185,AK,WILEY POST-WILL ROGERS MEML,4939,183.3,,GCI proposes to mount  four (4) antennas  spanning approx. 16 feet total  with an overall height of 15 feet  to the existing 13 foot Ice Bridge. The ice bridge is between an existing shelter and tower structure.,At the GCI Earth Station,Existing,Permanent,,,,,,,OTHER,15,,15,56,71,,71,GCI,GCI Communication Corp,647478388-648056575,"{\"frequencies\":[{\"band\":{\"value\":[14000,14500],\"uom\":\"MHz\"},\"erp\":{\"value\":6,\"uom\":\"W\"},\"standard\":false}],\"overlaps\":[{\"recorded\":\"2025-02-07T21:17:10Z\",\"reason\":\"StarLink (SpaceX) Over-the-Counter antenna operating in the Ku-Band, 47 CFR Part 25\"}]}"
2025-AAL-80-NRA,,Determined - No Hazard,To Proponent,2025-02-03,2025-02-03,2025-03-21,,58.09914722,-135.41408889,4D,,,Geotechnical Drilling,HOONAH,Hoonah-Angoon,105,AK,HOONAH,0,,Y,"Request use of temporary equipment. Work schedule start and end dates are approximate.\r\n\r\nThe Alaska Department of Transportation & Public Facilities (DOT&PF) proposes to rehabilitate the Hoonah Airport (HNH)  in Hoonah Alaska. The work proposed here is for subsurface exploration to support the rehabilitation project in accordance with Federal Aviation Administration (FAA) Advisory Circular (AC) 150/5320-6G.\r\n\r\nThe following borings will be performed based on this guidance:\r\nEighteen four-foot-deep borings along the runway at 200 foot spacing. Dynamic cone penetration (DCP) tests will be conducted at each location.\r\n\r\nFour  four-foot-deep boring completed on each taxiway with DCP tests at each location.\r\n\r\nSeven  four-foot-deep boring",,New Construction,Temporary,8,0,2025-06-02,2025-06-10,,,RIG$DRILLING,,,30,35,,,65,AK DOT&PF,Alaska Department of Transportation,,
2025-AAL-80-OE,2022-AAL-359-OE,Determined - No Hazard,No Hazard,2025-02-13,2025-02-14,2025-03-24,2026-09-24,60.78345833,-148.848575,4D,None,,Verizon Portage,Portage,Anchorage,20,AK,WHITTIER,23158,275.8,,Proposed communications tower (monopole). Project previously reviewed and Determination of No Effect was received in February 2023 under 2022-AAL-359-OE  however  we are re-submitting due to a change in structure height.,Site is located close to Portage Begich Boggs visitor center. Located adjacent to FAA fenced equipment.,New Construction,Permanent,,,2025-05-01,2025-10-31,,,TOWER$ANTENNA,85,,85,107,192,,192,"New Horizons Telecom, Inc.",Cellco Partnership d/b/a Verizon Wireless,,"{\"frequencies\":[{\"band\":{\"value\":[746,757],\"uom\":\"MHz\"},\"erp\":{\"value\":1396.56,\"uom\":\"W\"},\"standard\":false},{\"band\":{\"value\":[776,787],\"uom\":\"MHz\"},\"erp\":{\"value\":1396.56,\"uom\":\"W\"},\"standard\":false},{\"band\":{\"value\":[2110,2120],\"uom\":\"MHz\"},\"erp\":{\"value\":1897.24,\"uom\":\"W\"},\"standard\":false},{\"band\":{\"value\":[2145,2155],\"uom\":\"MHz\"},\"erp\":{\"value\":1897.24,\"uom\":\"W\"},\"standard\":false},{\"band\":{\"value\":[2160,2170],\"uom\":\"MHz\"},\"erp\":{\"value\":2529.65,\"uom\":\"W\"},\"standard\":false}]}"
2025-AAL-81-NRA,,Determined - No Hazard,To Proponent,2025-02-03,2025-02-03,2025-03-21,,58.09945833,-135.41020278,4D,,,Geotechnical Drilling,HOONAH,Hoonah-Angoon,105,AK,HOONAH,0,,Y,"Request use of temporary equipment. Work schedule start and end dates are approximate.\r\n\r\nThe Alaska Department of Transportation & Public Facilities (DOT&PF) proposes to rehabilitate the Hoonah Airport (HNH)  in Hoonah Alaska. The work proposed here is for subsurface exploration to support the rehabilitation project in accordance with Federal Aviation Administration (FAA) Advisory Circular (AC) 150/5320-6G.\r\n\r\nThe following borings will be performed based on this guidance:\r\nEighteen four-foot-deep borings along the runway at 200 foot spacing. Dynamic cone penetration (DCP) tests will be conducted at each location.\r\n\r\nFour  four-foot-deep boring completed on each taxiway with DCP tests at each location.\r\n\r\nSeven  four-foot-deep boring",,New Construction,Temporary,8,0,2025-06-02,2025-06-10,,,RIG$DRILLING,,,30,33,,,63,AK DOT&PF,Alaska Department of Transportation,,
2025-AAL-81-OE,,Determined - No Hazard,No Hazard,2025-02-18,2025-02-18,2025-04-10,2026-10-10,60.70833889,-161.762925,4D,None,,SIDEMOUNT: Napaskiak School 4448 SL,Napaskiak,Bethel,50,AK,NAPASKIAK,3396,54.2,,The overall height of the StarLink antenna will be 22 feet AGL.  The antenna will protrude above the rooftop by approximately 1-2 feet.  The building height at its highest point is 41 feet.,Mounted on the rooftop of the Napaskiak School,Existing,Permanent,,,,,,,BUILDING$SCHOOL,41,,41,4,45,,45,GCI,GCI Communication Corp,647764487-653513768,"{\"frequencies\":[{\"band\":{\"value\":[14000,14500],\"uom\":\"MHz\"},\"erp\":{\"value\":6,\"uom\":\"W\"},\"standard\":false}],\"overlaps\":[{\"recorded\":\"2025-02-18T20:55:00Z\",\"reason\":\"StarLink (SpaceX) Over-the-Counter antenna operating in the Ku-Band, 47 CFR Part 25\"}]}"
2025-AAL-82-NRA,,Determined - No Hazard,To Proponent,2025-02-03,2025-02-03,2025-03-21,,58.09639722,-135.40876389,4D,,,Geotechnical Drilling,HOONAH,Hoonah-Angoon,105,AK,HOONAH,0,,Y,"Request use of temporary equipment. Work schedule start and end dates are approximate.\r\n\r\nThe Alaska Department of Transportation & Public Facilities (DOT&PF) proposes to rehabilitate the Hoonah Airport (HNH)  in Hoonah Alaska. The work proposed here is for subsurface exploration to support the rehabilitation project in accordance with Federal Aviation Administration (FAA) Advisory Circular (AC) 150/5320-6G.\r\n\r\nThe following borings will be performed based on this guidance:\r\nEighteen four-foot-deep borings along the runway at 200 foot spacing. Dynamic cone penetration (DCP) tests will be conducted at each location.\r\n\r\nFour  four-foot-deep boring completed on each taxiway with DCP tests at each location.\r\n\r\nSeven  four-foot-deep boring",,New Construction,Temporary,8,0,2025-06-02,2025-06-10,,,RIG$DRILLING,,,30,20,,,50,AK DOT&PF,Alaska Department of Transportation,,
2025-AAL-82-OE,,Determined - No Hazard,No Hazard,2025-02-18,2025-02-18,2025-04-10,2026-10-10,59.122075,-161.59177778,4D,None,,SIDEMOUNT: Goodnews Bay School 4453 SL,Goodnews Bay,Bethel,50,AK,GOODNEWS,3736,294.4,,The overall height of the StarLink antenna will be 25 feet AGL.  The antenna will protrude above the rooftop by approximately 1-2 feet.  The building height at its highest point is 30 feet.,On the rooftop of the Goodnews Bay school,Existing,Permanent,,,,,2025-05-09,,BUILDING$SCHOOL,30,,30,35,65,,65,GCI,GCI Communication Corp,647776996-653513785,"{\"frequencies\":[{\"band\":{\"value\":[14000,14500],\"uom\":\"MHz\"},\"erp\":{\"value\":6,\"uom\":\"W\"},\"standard\":false}],\"overlaps\":[{\"recorded\":\"2025-02-18T21:49:51Z\",\"reason\":\"StarLink (SpaceX) Over-the-Counter antenna operating in the Ku-Band, 47 CFR Part 25\"}]}"
2025-AAL-83-NRA,,Determined - No Hazard,To Proponent,2025-02-03,2025-02-03,2025-03-21,,58.097475,-135.39931667,4D,,,Geotechnical Drilling,HOONAH,Hoonah-Angoon,105,AK,HOONAH,0,,Y,"Request use of temporary equipment. Work schedule start and end dates are approximate.\r\n\r\nThe Alaska Department of Transportation & Public Facilities (DOT&PF) proposes to rehabilitate the Hoonah Airport (HNH)  in Hoonah Alaska. The work proposed here is for subsurface exploration to support the rehabilitation project in accordance with Federal Aviation Administration (FAA) Advisory Circular (AC) 150/5320-6G.\r\n\r\nThe following borings will be performed based on this guidance:\r\nEighteen four-foot-deep borings along the runway at 200 foot spacing. Dynamic cone penetration (DCP) tests will be conducted at each location.\r\n\r\nFour  four-foot-deep boring completed on each taxiway with DCP tests at each location.\r\n\r\nSeven  four-foot-deep boring",,New Construction,Temporary,8,0,2025-06-02,2025-06-10,,,RIG$DRILLING,,,30,25,,,55,AK DOT&PF,Alaska Department of Transportation,,
2025-AAL-83-OE,,Determined - No Hazard,No Hazard,2025-02-18,2025-02-18,2025-04-10,2026-10-10,66.89561111,-162.58736111,4D,None,,Kotzebue Hospital BANT 4654 Alternate,Kotzebue,Northwest Arctic,188,AK,RALPH WIEN MEML,4246,21.4,,The overall height of the StarLink antenna will be 51 feet AGL.  The antenna will protrude above the rooftop by approximately 1-2 feet.  The building height at its highest point is 53 feet.,On the rooftop of the Kotzebue School,Existing,Permanent,,,,,,,BUILDING$SCHOOL,53,,53,10,63,,63,GCI,GCI Communication Corp,647778203-653513803,"{\"frequencies\":[{\"band\":{\"value\":[14000,14500],\"uom\":\"MHz\"},\"erp\":{\"value\":6,\"uom\":\"W\"},\"standard\":false}],\"overlaps\":[{\"recorded\":\"2025-02-18T21:58:31Z\",\"reason\":\"StarLink (SpaceX) Over-the-Counter antenna operating in the Ku-Band, 47 CFR Part 25\"}]}"
2025-AAL-84-NRA,,Determined - No Hazard,To Proponent,2025-02-03,2025-02-03,2025-03-21,,58.09708333,-135.39916111,4D,,,Geotechnical Drilling,HOONAH,Hoonah-Angoon,105,AK,HOONAH,0,,Y,"Request use of temporary equipment. Work schedule start and end dates are approximate.\r\n\r\nThe Alaska Department of Transportation & Public Facilities (DOT&PF) proposes to rehabilitate the Hoonah Airport (HNH)  in Hoonah Alaska. The work proposed here is for subsurface exploration to support the rehabilitation project in accordance with Federal Aviation Administration (FAA) Advisory Circular (AC) 150/5320-6G.\r\n\r\nThe following borings will be performed based on this guidance:\r\nEighteen four-foot-deep borings along the runway at 200 foot spacing. Dynamic cone penetration (DCP) tests will be conducted at each location.\r\n\r\nFour  four-foot-deep boring completed on each taxiway with DCP tests at each location.\r\n\r\nSeven  four-foot-deep boring",,New Construction,Temporary,8,0,2025-06-02,2025-06-10,,,RIG$DRILLING,,,30,23,,,53,AK DOT&PF,Alaska Department of Transportation,,
2025-AAL-84-OE,,Determined - No Hazard,No Hazard,2025-02-18,2025-02-18,2025-03-24,2026-09-24,59.55295278,-139.73428889,4D,None,,Temporary or forklift,Yakutat,Yakutat,282,AK,YAKUTAT,22758,322.9,,Mobile crane to replace fuel tank,451 Hill Street - FAA workshop,Alteration,Temporary,1,18,2025-03-15,2027-05-03,,,CRANE$MOBILE,65,,65,100,165,,165,Sentinel Power,Sentinel Power,647791906-651424847,
2025-AAL-85-OE,,Determined - No Hazard,No Hazard,2025-02-18,2025-02-18,2025-03-25,2026-09-25,58.999875,-158.54761111,4D,None,,or forklift,Dillingham,Dillingham,70,AK,DILLINGHAM,18192,205.9,,Mobile crane or forklift to replace fuel tank,FAA SERVICE SHOP,Alteration,Temporary,1,18,2025-05-03,2027-05-03,,,CRANE$MOBILE,65,,65,118,183,,183,Sentinel Power,Sentinel Power,647794206-651521585,
2025-AAL-86-NRA,,Determined - No Hazard,To Proponent,2025-02-05,2025-02-05,2025-03-19,,58.67159722,-156.63588889,4D,,,,KING SALMON,Bristol Bay,60,AK,KING SALMON,0,,Y,Request use of temporary Equipment. This notice is for proposed environmental sampling of soil and groundwater and monitoring well installation at Former Fire Training Areas FT002/FT002P and FT004/FT004P at the King Salmon Airport  AK. Boreholes will be drilled using a sonic drill rig. Locations will be staked and geophysical clearance for utility avoidance will be performed prior to drilling. Monitoring wells will be developed after installation. The aforementioned activities are anticipated to take approximately 10 to 15 days to complete.,,New Construction,Temporary,0,2,2025-05-01,2025-06-30,,,CONSTRUCTION$VEHICLE,,,26,50,,,76,"Jacobs Engineering Group, Inc.",AFCEC/CZOP,,
2025-AAL-86-OE,,Determined - No Hazard,No Hazard,2025-02-19,2025-02-19,2025-04-10,2026-10-10,60.10601944,-149.44618889,4D,None,,Mobile Clinic Garage,Seward,Kenai Peninsula,122,AK,SEWARD,10213,212.9,,https://www.sewardhealthcenter.org/garagerfp,This structure will be located at 431 First Ave  Seward  AK,New Construction,Permanent,,,2025-04-01,2025-09-30,,,BUILDING,20,,20,121,141,,141,Seward Community Health Center,Seward Community Health Center,647913180-653513833,
2025-AAL-87-NRA,,Determined - No Hazard,To Proponent,2025-02-05,2025-02-05,2025-03-19,,58.67156944,-156.63580556,4D,,,,KING SALMON,Bristol Bay,60,AK,KING SALMON,0,,Y,Request use of temporary Equipment. This notice is for proposed environmental sampling of soil and groundwater and monitoring well installation at Former Fire Training Areas FT002/FT002P and FT004/FT004P at the King Salmon Airport  AK. Boreholes will be drilled using a sonic drill rig. Locations will be staked and geophysical clearance for utility avoidance will be performed prior to drilling. Monitoring wells will be developed after installation. The aforementioned activities are anticipated to take approximately 10 to 15 days to complete.,,New Construction,Temporary,0,2,2025-05-01,2025-06-30,,,CONSTRUCTION$VEHICLE,,,26,50,,,76,"Jacobs Engineering Group, Inc.",AFCEC/CZOP,,
2025-AAL-87-OE,,Determined - No Hazard,No Hazard,2025-02-19,2025-02-19,2025-04-10,,59.07638889,-160.28223889,1A,None,,Twin Hills UUI CO 660,Twin Hills,Dillingham,70,AK,TWIN HILLS,1516,296.7,,AWN is re-filing with 1A accuracy.  This was previously filed under ASN 2010-AAL-125-OE,See attached 1A survey,Existing,Permanent,,,,,,1274639,TOWER$ANTENNA,75,,75,20,95,,95,GCI,Alaska Wireless Network,647935136-653513861,"{\"frequencies\":[{\"band\":{\"value\":[806,824],\"uom\":\"MHz\"},\"erp\":{\"value\":500,\"uom\":\"W\"},\"standard\":1,\"purpose\":\"colo_void\"},{\"band\":{\"value\":[824,849],\"uom\":\"MHz\"},\"erp\":{\"value\":500,\"uom\":\"W\"},\"standard\":2,\"purpose\":\"colo_void\"},{\"band\":{\"value\":[851,866],\"uom\":\"MHz\"},\"erp\":{\"value\":500,\"uom\":\"W\"},\"standard\":3,\"purpose\":\"colo_void\"},{\"band\":{\"value\":[869,894],\"uom\":\"MHz\"},\"erp\":{\"value\":500,\"uom\":\"W\"},\"standard\":4,\"purpose\":\"colo_void\"},{\"band\":{\"value\":[896,901],\"uom\":\"MHz\"},\"erp\":{\"value\":500,\"uom\":\"W\"},\"standard\":5,\"purpose\":\"colo_void\"},{\"band\":{\"value\":[901,902],\"uom\":\"MHz\"},\"erp\":{\"value\":7,\"uom\":\"W\"},\"standard\":6,\"purpose\":\"colo_void\"},{\"band\":{\"value\":[930,931],\"uom\":\"MHz\"},\"erp\":{\"value\":3500,\"uom\":\"W\"},\"standard\":7,\"purpose\":\"colo_void\"},{\"band\":{\"value\":[931,932],\"uom\":\"MHz\"},\"erp\":{\"value\":3500,\"uom\":\"W\"},\"standard\":8,\"purpose\":\"colo_void\"},{\"band\":{\"value\":[932,932.5],\"uom\":\"MHz\"},\"erp\":{\"value\":17,\"uom\":\"dBW\"},\"standard\":9,\"purpose\":\"colo_void\"},{\"band\":{\"value\":[935,940],\"uom\":\"MHz\"},\"erp\":{\"value\":1000,\"uom\":\"W\"},\"standard\":10,\"purpose\":\"colo_void\"},{\"band\":{\"value\":[940,941],\"uom\":\"MHz\"},\"erp\":{\"value\":3500,\"uom\":\"W\"},\"standard\":11,\"purpose\":\"colo_void\"},{\"band\":{\"value\":[1850,1910],\"uom\":\"MHz\"},\"erp\":{\"value\":1640,\"uom\":\"W\"},\"standard\":12,\"purpose\":\"colo_void\"},{\"band\":{\"value\":[1930,1990],\"uom\":\"MHz\"},\"erp\":{\"value\":1640,\"uom\":\"W\"},\"standard\":13,\"purpose\":\"colo_void\"},{\"band\":{\"value\":[2305,2310],\"uom\":\"MHz\"},\"erp\":{\"value\":2000,\"uom\":\"W\"},\"standard\":14,\"purpose\":\"colo_void\"},{\"band\":{\"value\":[2345,2360],\"uom\":\"MHz\"},\"erp\":{\"value\":2000,\"uom\":\"W\"},\"standard\":15,\"purpose\":\"colo_void\"},{\"band\":{\"value\":[698,806],\"uom\":\"MHz\"},\"erp\":{\"value\":1000,\"uom\":\"W\"},\"standard\":16,\"purpose\":\"colo_void\"},{\"band\":{\"value\":[6,7],\"uom\":\"GHz\"},\"erp\":{\"value\":42,\"uom\":\"dBW\"},\"standard\":76,\"purpose\":\"colo_void\"},{\"band\":{\"value\":[10,11.7],\"uom\":\"GHz\"},\"erp\":{\"value\":42,\"uom\":\"dBW\"},\"standard\":77,\"purpose\":\"colo_void\"},{\"band\":{\"value\":[17.7,19.7],\"uom\":\"GHz\"},\"erp\":{\"value\":42,\"uom\":\"dBW\"},\"standard\":78,\"purpose\":\"colo_void\"},{\"band\":{\"value\":[21.2,23.6],\"uom\":\"GHz\"},\"erp\":{\"value\":42,\"uom\":\"dBW\"},\"standard\":79,\"purpose\":\"colo_void\"},{\"band\":{\"value\":[806,901],\"uom\":\"MHz\"},\"erp\":{\"value\":500,\"uom\":\"W\"},\"standard\":80,\"purpose\":\"colo_void\"},{\"band\":{\"value\":[929,932],\"uom\":\"MHz\"},\"erp\":{\"value\":3500,\"uom\":\"W\"},\"standard\":81,\"purpose\":\"colo_void\"},{\"band\":{\"value\":[1670,1675],\"uom\":\"MHz\"},\"erp\":{\"value\":500,\"uom\":\"W\"},\"standard\":82,\"purpose\":\"colo_void\"},{\"band\":{\"value\":[1710,1755],\"uom\":\"MHz\"},\"erp\":{\"value\":500,\"uom\":\"W\"},\"standard\":83,\"purpose\":\"colo_void\"},{\"band\":{\"value\":[1850,1990],\"uom\":\"MHz\"},\"erp\":{\"value\":1640,\"uom\":\"W\"},\"standard\":84,\"purpose\":\"colo_void\"},{\"band\":{\"value\":[1990,2025],\"uom\":\"MHz\"},\"erp\":{\"value\":500,\"uom\":\"W\"},\"standard\":85,\"purpose\":\"colo_void\"},{\"band\":{\"value\":[2110,2200],\"uom\":\"MHz\"},\"erp\":{\"value\":500,\"uom\":\"W\"},\"standard\":86,\"purpose\":\"colo_void\"},{\"band\":{\"value\":[2305,2360],\"uom\":\"MHz\"},\"erp\":{\"value\":2000,\"uom\":\"W\"},\"standard\":87,\"purpose\":\"colo_void\"},{\"band\":{\"value\":[2496,2690],\"uom\":\"MHz\"},\"erp\":{\"value\":500,\"uom\":\"W\"},\"standard\":88,\"purpose\":\"colo_void\"},{\"band\":{\"value\":[6,7],\"uom\":\"GHz\"},\"erp\":{\"value\":55,\"uom\":\"dBW\"},\"standard\":89,\"purpose\":\"colo_void\"},{\"band\":{\"value\":[10,11.7],\"uom\":\"GHz\"},\"erp\":{\"value\":55,\"uom\":\"dBW\"},\"standard\":90,\"purpose\":\"colo_void\"},{\"band\":{\"value\":[17.7,19.7],\"uom\":\"GHz\"},\"erp\":{\"value\":55,\"uom\":\"dBW\"},\"standard\":91,\"purpose\":\"colo_void\"},{\"band\":{\"value\":[21.2,23.6],\"uom\":\"GHz\"},\"erp\":{\"value\":55,\"uom\":\"dBW\"},\"standard\":92,\"purpose\":\"colo_void\"},{\"band\":{\"value\":[614,698],\"uom\":\"MHz\"},\"erp\":{\"value\":1000,\"uom\":\"W\"},\"standard\":93,\"purpose\":\"data_entry\"},{\"band\":{\"value\":[614,698],\"uom\":\"MHz\"},\"erp\":{\"value\":2000,\"uom\":\"W\"},\"standard\":94,\"purpose\":\"data_entry\"},{\"band\":{\"value\":[14000,14500],\"uom\":\"MHz\"},\"erp\":{\"value\":7,\"uom\":\"kW\"},\"standard\":false}],\"overlaps\":[{\"recorded\":\"2025-02-19T22:34:53Z\",\"reason\":\"StarLink (SpaceX) Over-the-Counter antenna operating in the Ku-Band, 47 CFR Part 25\"}]}"
2025-AAL-88-NRA,,Determined - No Hazard,To Proponent,2025-02-05,2025-02-05,2025-03-19,,58.67216111,-156.64130278,4D,,,,KING SALMON,Bristol Bay,60,AK,KING SALMON,0,,Y,Request use of temporary Equipment. This notice is for proposed environmental sampling of soil and groundwater and monitoring well installation at Former Fire Training Areas FT002/FT002P and FT004/FT004P at the King Salmon Airport  AK. Boreholes will be drilled using a sonic drill rig. Locations will be staked and geophysical clearance for utility avoidance will be performed prior to drilling. Monitoring wells will be developed after installation. The aforementioned activities are anticipated to take approximately 10 to 15 days to complete.,,New Construction,Temporary,0,2,2025-05-01,2025-06-30,,,CONSTRUCTION$VEHICLE,,,26,40,,,66,"Jacobs Engineering Group, Inc.",AFCEC/CZOP,,
2025-AAL-88-OE,,Determined - No Hazard,No Hazard,2025-02-21,2025-02-21,2025-03-20,2026-09-20,61.44816944,-148.81727778,4D,None,,Palmer - Chiavetta,Palmer,Matanuska-Susitna,170,AK,BUTTE MUNI,46109,130.6,,120&apos; wireless communications facility with 4&apos; lightning rod (124&apos; max height) contained within a 50&apos; x 50&apos; fenced compound.,11245 S NYSTROM WAY  Palmer  AK 99645  Matanuska-Susitna Borough,New Construction,Permanent,,,,,,,TOWER$ANTENNA,124,,124,141,265,,265,Atlas Tower Group,"ATLAS TOWER 1, LLC",648192984-651079279,"{\"frequencies\":[{\"band\":{\"value\":[806,824],\"uom\":\"MHz\"},\"erp\":{\"value\":500,\"uom\":\"W\"},\"standard\":1,\"purpose\":\"colo_void\"},{\"band\":{\"value\":[824,849],\"uom\":\"MHz\"},\"erp\":{\"value\":500,\"uom\":\"W\"},\"standard\":2,\"purpose\":\"colo_void\"},{\"band\":{\"value\":[851,866],\"uom\":\"MHz\"},\"erp\":{\"value\":500,\"uom\":\"W\"},\"standard\":3,\"purpose\":\"colo_void\"},{\"band\":{\"value\":[869,894],\"uom\":\"MHz\"},\"erp\":{\"value\":500,\"uom\":\"W\"},\"standard\":4,\"purpose\":\"colo_void\"},{\"band\":{\"value\":[896,901],\"uom\":\"MHz\"},\"erp\":{\"value\":500,\"uom\":\"W\"},\"standard\":5,\"purpose\":\"colo_void\"},{\"band\":{\"value\":[901,902],\"uom\":\"MHz\"},\"erp\":{\"value\":7,\"uom\":\"W\"},\"standard\":6,\"purpose\":\"colo_void\"},{\"band\":{\"value\":[930,931],\"uom\":\"MHz\"},\"erp\":{\"value\":3500,\"uom\":\"W\"},\"standard\":7,\"purpose\":\"colo_void\"},{\"band\":{\"value\":[931,932],\"uom\":\"MHz\"},\"erp\":{\"value\":3500,\"uom\":\"W\"},\"standard\":8,\"purpose\":\"colo_void\"},{\"band\":{\"value\":[932,932.5],\"uom\":\"MHz\"},\"erp\":{\"value\":17,\"uom\":\"dBW\"},\"standard\":9,\"purpose\":\"colo_void\"},{\"band\":{\"value\":[935,940],\"uom\":\"MHz\"},\"erp\":{\"value\":1000,\"uom\":\"W\"},\"standard\":10,\"purpose\":\"colo_void\"},{\"band\":{\"value\":[940,941],\"uom\":\"MHz\"},\"erp\":{\"value\":3500,\"uom\":\"W\"},\"standard\":11,\"purpose\":\"colo_void\"},{\"band\":{\"value\":[1850,1910],\"uom\":\"MHz\"},\"erp\":{\"value\":1640,\"uom\":\"W\"},\"standard\":12,\"purpose\":\"colo_void\"},{\"band\":{\"value\":[1930,1990],\"uom\":\"MHz\"},\"erp\":{\"value\":1640,\"uom\":\"W\"},\"standard\":13,\"purpose\":\"colo_void\"},{\"band\":{\"value\":[2305,2310],\"uom\":\"MHz\"},\"erp\":{\"value\":2000,\"uom\":\"W\"},\"standard\":14,\"purpose\":\"colo_void\"},{\"band\":{\"value\":[2345,2360],\"uom\":\"MHz\"},\"erp\":{\"value\":2000,\"uom\":\"W\"},\"standard\":15,\"purpose\":\"colo_void\"},{\"band\":{\"value\":[698,806],\"uom\":\"MHz\"},\"erp\":{\"value\":1000,\"uom\":\"W\"},\"standard\":16,\"purpose\":\"colo_void\"},{\"band\":{\"value\":[6,7],\"uom\":\"GHz\"},\"erp\":{\"value\":42,\"uom\":\"dBW\"},\"standard\":76,\"purpose\":\"colo_void\"},{\"band\":{\"value\":[10,11.7],\"uom\":\"GHz\"},\"erp\":{\"value\":42,\"uom\":\"dBW\"},\"standard\":77,\"purpose\":\"colo_void\"},{\"band\":{\"value\":[17.7,19.7],\"uom\":\"GHz\"},\"erp\":{\"value\":42,\"uom\":\"dBW\"},\"standard\":78,\"purpose\":\"colo_void\"},{\"band\":{\"value\":[21.2,23.6],\"uom\":\"GHz\"},\"erp\":{\"value\":42,\"uom\":\"dBW\"},\"standard\":79,\"purpose\":\"colo_void\"},{\"band\":{\"value\":[806,901],\"uom\":\"MHz\"},\"erp\":{\"value\":500,\"uom\":\"W\"},\"standard\":80,\"purpose\":\"colo_void\"},{\"band\":{\"value\":[929,932],\"uom\":\"MHz\"},\"erp\":{\"value\":3500,\"uom\":\"W\"},\"standard\":81,\"purpose\":\"colo_void\"},{\"band\":{\"value\":[1670,1675],\"uom\":\"MHz\"},\"erp\":{\"value\":500,\"uom\":\"W\"},\"standard\":82,\"purpose\":\"colo_void\"},{\"band\":{\"value\":[1710,1755],\"uom\":\"MHz\"},\"erp\":{\"value\":500,\"uom\":\"W\"},\"standard\":83,\"purpose\":\"colo_void\"},{\"band\":{\"value\":[1850,1990],\"uom\":\"MHz\"},\"erp\":{\"value\":1640,\"uom\":\"W\"},\"standard\":84,\"purpose\":\"colo_void\"},{\"band\":{\"value\":[1990,2025],\"uom\":\"MHz\"},\"erp\":{\"value\":500,\"uom\":\"W\"},\"standard\":85,\"purpose\":\"colo_void\"},{\"band\":{\"value\":[2110,2200],\"uom\":\"MHz\"},\"erp\":{\"value\":500,\"uom\":\"W\"},\"standard\":86,\"purpose\":\"colo_void\"},{\"band\":{\"value\":[2305,2360],\"uom\":\"MHz\"},\"erp\":{\"value\":2000,\"uom\":\"W\"},\"standard\":87,\"purpose\":\"colo_void\"},{\"band\":{\"value\":[2496,2690],\"uom\":\"MHz\"},\"erp\":{\"value\":500,\"uom\":\"W\"},\"standard\":88,\"purpose\":\"colo_void\"},{\"band\":{\"value\":[6,7],\"uom\":\"GHz\"},\"erp\":{\"value\":55,\"uom\":\"dBW\"},\"standard\":89,\"purpose\":\"colo_void\"},{\"band\":{\"value\":[10,11.7],\"uom\":\"GHz\"},\"erp\":{\"value\":55,\"uom\":\"dBW\"},\"standard\":90,\"purpose\":\"colo_void\"},{\"band\":{\"value\":[17.7,19.7],\"uom\":\"GHz\"},\"erp\":{\"value\":55,\"uom\":\"dBW\"},\"standard\":91,\"purpose\":\"colo_void\"},{\"band\":{\"value\":[21.2,23.6],\"uom\":\"GHz\"},\"erp\":{\"value\":55,\"uom\":\"dBW\"},\"standard\":92,\"purpose\":\"colo_void\"},{\"band\":{\"value\":[614,698],\"uom\":\"MHz\"},\"erp\":{\"value\":1000,\"uom\":\"W\"},\"standard\":93,\"purpose\":\"data_entry\"},{\"band\":{\"value\":[614,698],\"uom\":\"MHz\"},\"erp\":{\"value\":2000,\"uom\":\"W\"},\"standard\":94,\"purpose\":\"data_entry\"}]}"
2025-AAL-89-NRA,,Determined - No Hazard,To Proponent,2025-02-05,2025-02-05,2025-03-19,,58.67215,-156.64128611,4D,,,,KING SALMON,Bristol Bay,60,AK,KING SALMON,0,,Y,Request use of temporary Equipment. This notice is for proposed environmental sampling of soil and groundwater and monitoring well installation at Former Fire Training Areas FT002/FT002P and FT004/FT004P at the King Salmon Airport  AK. Boreholes will be drilled using a sonic drill rig. Locations will be staked and geophysical clearance for utility avoidance will be performed prior to drilling. Monitoring wells will be developed after installation. The aforementioned activities are anticipated to take approximately 10 to 15 days to complete.,,New Construction,Temporary,0,2,2025-05-01,2025-06-30,,,CONSTRUCTION$VEHICLE,,,26,40,,,66,"Jacobs Engineering Group, Inc.",AFCEC/CZOP,,
2025-AAL-89-OE,,Determined - No Hazard,No Hazard,2025-02-24,2025-02-24,2025-04-23,2026-10-23,64.79985,-148.11199722,4D,None,,ESTER AK - OTC,Ester,Fairbanks North Star,90,AK,FAIRBANKS INTL,40205,262,,A 120 foot lattice tower  124 with lightning rod  located within a 50x50 foot compound.,"Unassigned Address\r\nEster AK 99709\r\nFairbanks North Star",New Construction,Permanent,,,,,,,TOWER$ANTENNA,124,,124,1464,1588,,1588,Atlas Tower Group,"ATLAS TOWER 1, LLC",648313787-654817503,"{\"frequencies\":[{\"band\":{\"value\":[806,824],\"uom\":\"MHz\"},\"erp\":{\"value\":500,\"uom\":\"W\"},\"standard\":1,\"purpose\":\"colo_void\"},{\"band\":{\"value\":[824,849],\"uom\":\"MHz\"},\"erp\":{\"value\":500,\"uom\":\"W\"},\"standard\":2,\"purpose\":\"colo_void\"},{\"band\":{\"value\":[851,866],\"uom\":\"MHz\"},\"erp\":{\"value\":500,\"uom\":\"W\"},\"standard\":3,\"purpose\":\"colo_void\"},{\"band\":{\"value\":[869,894],\"uom\":\"MHz\"},\"erp\":{\"value\":500,\"uom\":\"W\"},\"standard\":4,\"purpose\":\"colo_void\"},{\"band\":{\"value\":[896,901],\"uom\":\"MHz\"},\"erp\":{\"value\":500,\"uom\":\"W\"},\"standard\":5,\"purpose\":\"colo_void\"},{\"band\":{\"value\":[901,902],\"uom\":\"MHz\"},\"erp\":{\"value\":7,\"uom\":\"W\"},\"standard\":6,\"purpose\":\"colo_void\"},{\"band\":{\"value\":[930,931],\"uom\":\"MHz\"},\"erp\":{\"value\":3500,\"uom\":\"W\"},\"standard\":7,\"purpose\":\"colo_void\"},{\"band\":{\"value\":[931,932],\"uom\":\"MHz\"},\"erp\":{\"value\":3500,\"uom\":\"W\"},\"standard\":8,\"purpose\":\"colo_void\"},{\"band\":{\"value\":[932,932.5],\"uom\":\"MHz\"},\"erp\":{\"value\":17,\"uom\":\"dBW\"},\"standard\":9,\"purpose\":\"colo_void\"},{\"band\":{\"value\":[935,940],\"uom\":\"MHz\"},\"erp\":{\"value\":1000,\"uom\":\"W\"},\"standard\":10,\"purpose\":\"colo_void\"},{\"band\":{\"value\":[940,941],\"uom\":\"MHz\"},\"erp\":{\"value\":3500,\"uom\":\"W\"},\"standard\":11,\"purpose\":\"colo_void\"},{\"band\":{\"value\":[1850,1910],\"uom\":\"MHz\"},\"erp\":{\"value\":1640,\"uom\":\"W\"},\"standard\":12,\"purpose\":\"colo_void\"},{\"band\":{\"value\":[1930,1990],\"uom\":\"MHz\"},\"erp\":{\"value\":1640,\"uom\":\"W\"},\"standard\":13,\"purpose\":\"colo_void\"},{\"band\":{\"value\":[2305,2310],\"uom\":\"MHz\"},\"erp\":{\"value\":2000,\"uom\":\"W\"},\"standard\":14,\"purpose\":\"colo_void\"},{\"band\":{\"value\":[2345,2360],\"uom\":\"MHz\"},\"erp\":{\"value\":2000,\"uom\":\"W\"},\"standard\":15,\"purpose\":\"colo_void\"},{\"band\":{\"value\":[698,806],\"uom\":\"MHz\"},\"erp\":{\"value\":1000,\"uom\":\"W\"},\"standard\":16,\"purpose\":\"colo_void\"},{\"band\":{\"value\":[6,7],\"uom\":\"GHz\"},\"erp\":{\"value\":42,\"uom\":\"dBW\"},\"standard\":76,\"purpose\":\"colo_void\"},{\"band\":{\"value\":[10,11.7],\"uom\":\"GHz\"},\"erp\":{\"value\":42,\"uom\":\"dBW\"},\"standard\":77,\"purpose\":\"colo_void\"},{\"band\":{\"value\":[17.7,19.7],\"uom\":\"GHz\"},\"erp\":{\"value\":42,\"uom\":\"dBW\"},\"standard\":78,\"purpose\":\"colo_void\"},{\"band\":{\"value\":[21.2,23.6],\"uom\":\"GHz\"},\"erp\":{\"value\":42,\"uom\":\"dBW\"},\"standard\":79,\"purpose\":\"colo_void\"},{\"band\":{\"value\":[806,901],\"uom\":\"MHz\"},\"erp\":{\"value\":500,\"uom\":\"W\"},\"standard\":80,\"purpose\":\"colo_void\"},{\"band\":{\"value\":[929,932],\"uom\":\"MHz\"},\"erp\":{\"value\":3500,\"uom\":\"W\"},\"standard\":81,\"purpose\":\"colo_void\"},{\"band\":{\"value\":[1670,1675],\"uom\":\"MHz\"},\"erp\":{\"value\":500,\"uom\":\"W\"},\"standard\":82,\"purpose\":\"colo_void\"},{\"band\":{\"value\":[1710,1755],\"uom\":\"MHz\"},\"erp\":{\"value\":500,\"uom\":\"W\"},\"standard\":83,\"purpose\":\"colo_void\"},{\"band\":{\"value\":[1850,1990],\"uom\":\"MHz\"},\"erp\":{\"value\":1640,\"uom\":\"W\"},\"standard\":84,\"purpose\":\"colo_void\"},{\"band\":{\"value\":[1990,2025],\"uom\":\"MHz\"},\"erp\":{\"value\":500,\"uom\":\"W\"},\"standard\":85,\"purpose\":\"colo_void\"},{\"band\":{\"value\":[2110,2200],\"uom\":\"MHz\"},\"erp\":{\"value\":500,\"uom\":\"W\"},\"standard\":86,\"purpose\":\"colo_void\"},{\"band\":{\"value\":[2305,2360],\"uom\":\"MHz\"},\"erp\":{\"value\":2000,\"uom\":\"W\"},\"standard\":87,\"purpose\":\"colo_void\"},{\"band\":{\"value\":[2496,2690],\"uom\":\"MHz\"},\"erp\":{\"value\":500,\"uom\":\"W\"},\"standard\":88,\"purpose\":\"colo_void\"},{\"band\":{\"value\":[6,7],\"uom\":\"GHz\"},\"erp\":{\"value\":55,\"uom\":\"dBW\"},\"standard\":89,\"purpose\":\"colo_void\"},{\"band\":{\"value\":[10,11.7],\"uom\":\"GHz\"},\"erp\":{\"value\":55,\"uom\":\"dBW\"},\"standard\":90,\"purpose\":\"colo_void\"},{\"band\":{\"value\":[17.7,19.7],\"uom\":\"GHz\"},\"erp\":{\"value\":55,\"uom\":\"dBW\"},\"standard\":91,\"purpose\":\"colo_void\"},{\"band\":{\"value\":[21.2,23.6],\"uom\":\"GHz\"},\"erp\":{\"value\":55,\"uom\":\"dBW\"},\"standard\":92,\"purpose\":\"colo_void\"},{\"band\":{\"value\":[614,698],\"uom\":\"MHz\"},\"erp\":{\"value\":1000,\"uom\":\"W\"},\"standard\":93,\"purpose\":\"data_entry\"},{\"band\":{\"value\":[614,698],\"uom\":\"MHz\"},\"erp\":{\"value\":2000,\"uom\":\"W\"},\"standard\":94,\"purpose\":\"data_entry\"}]}"
2025-AAL-90-NRA,,Determined - No Hazard,To Proponent,2025-02-06,2025-02-06,2025-04-28,,61.18231667,-149.979275,4D,,,,ANCHORAGE,Anchorage,20,AK,LAKE HOOD,0,,Y,Use of temporary equipment- tallest equipment used in a crane extend to 60ft AGL. Existing hangar being removed from this site and replaced with a new hangar. Lat/Long above is for Point A on uploaded sketch.,,New Construction,Temporary,15,4,2025-05-15,2025-10-31,,,CRANE,,,60,75,,,135,"Big City Engineers, LLC","Lake Hood Air Harbor, Inc.",,
2025-AAL-90-OE,,Determined - No Hazard,No Hazard,2025-02-25,2025-02-25,2025-04-23,,59.07522222,-160.2805,4D,None,,SIDE MOUNT:  Twin Hills School BANT 4470,Twin Hills,Dillingham,70,AK,TWIN HILLS,1058,283.9,,The overall height of the antenna will be 23 feet AGL.  The antenna will protrude above the rooftop by approximately 1-2 feet.  The building height at its highest point is 25 feet.,ON the rooftop of the Twin Hills School,Existing,Permanent,,,,,,,BUILDING$SCHOOL,25,,25,23,48,,48,GCI,GCI Communication Corp,648587603-654817623,"{\"frequencies\":[{\"band\":{\"value\":[14000,14500],\"uom\":\"MHz\"},\"erp\":{\"value\":7,\"uom\":\"kW\"},\"standard\":false}],\"overlaps\":[{\"recorded\":\"2025-02-25T22:17:25Z\",\"reason\":\"StarLink (SpaceX) Over-the-Counter antenna operating in the Ku-Band, 47 CFR Part 25\"}]}"
2025-AAL-91-NRA,,Determined - No Hazard,To Proponent,2025-02-06,2025-02-06,2025-04-28,,61.18234722,-149.97893333,4D,,,,ANCHORAGE,Anchorage,20,AK,LAKE HOOD,0,,Y,Use of temporary equipment- tallest equipment used in a crane extend to 60ft AGL. Existing hangar being removed from this site and replaced with a new hangar. Lat/Long above is for Point B on uploaded sketch.,,New Construction,Temporary,15,4,2025-05-15,2025-10-31,,,CRANE,,,60,75,,,135,"Big City Engineers, LLC","Lake Hood Air Harbor, Inc.",,
2025-AAL-91-OE,,Determined - No Hazard,No Hazard,2025-02-25,2025-02-26,2025-03-20,,63.51910278,-162.28696667,4D,None,,BANT: Tukurngailnguq School - Stebbins 2762,Stebbins,Nome,180,AK,STEBBINS,1859,308,,The overall height of the antenna will be 14 feet AGL.  The antenna will protrude above the rooftop by approximately 2 feet.  The building height at its highest point is 12 feet.,On the rooftop of the Stebbins School Utility Building,Existing,Permanent,,,,,,,BUILDING,14,,14,10,24,,24,GCI,GCI Communication Corp,648603160-651081716,"{\"frequencies\":[{\"band\":{\"value\":[14000,14500],\"uom\":\"MHz\"},\"erp\":{\"value\":7,\"uom\":\"kW\"},\"standard\":false}],\"overlaps\":[{\"recorded\":\"2025-02-26T01:24:40Z\",\"reason\":\"StarLink (SpaceX) Over-the-Counter antenna operating in the Ku-Band, 47 CFR Part 25\"}]}"
2025-AAL-92-NRA,,Determined - No Hazard,To Proponent,2025-02-06,2025-02-06,2025-04-28,,61.18215833,-149.97886389,4D,,,,ANCHORAGE,Anchorage,20,AK,LAKE HOOD,0,,Y,Use of temporary equipment- tallest equipment used in a crane extend to 60ft AGL. Existing hangar being removed from this site and replaced with a new hangar. Lat/Long above is for Point C on uploaded sketch.,,New Construction,Temporary,15,4,2025-05-15,2025-10-31,,,CRANE,,,60,75,,,135,"Big City Engineers, LLC","Lake Hood Air Harbor, Inc.",,
2025-AAL-92-OE,,Determined - No Hazard,No Hazard,2025-02-26,2025-02-27,2025-04-23,2026-10-23,64.83014444,-147.81452778,4D,None,,Fire Station,Fairbanks,Fairbanks North Star,90,AK,FAIRBANKS INTL,8507,50.5,,Provide additional living quarters for the University Fire. The new addition will not exceed the exisitng building height  and materials and colors we be made to match the existing station.,The location of this project includes a existing open training area and the exisiting fire station building UNIVERSITY FIRE STATION 12,New Construction,Permanent,,,2025-05-01,2026-06-30,,,BUILDING,32,,32,436,468,,468,University of alaska fairbanks,Noel Rathbun,648736155-654817803,
2025-AAL-93-NRA,,Determined - No Hazard,To Proponent,2025-02-06,2025-02-06,2025-04-28,,61.18213056,-149.97920556,4D,,,,ANCHORAGE,Anchorage,20,AK,LAKE HOOD,0,,Y,Use of temporary equipment- tallest equipment used in a crane extend to 60ft AGL. Existing hangar being removed from this site and replaced with a new hangar. Lat/Long above is for Point D on uploaded sketch.,,New Construction,Temporary,15,4,2025-05-15,2025-10-31,,,CRANE,,,60,75,,,135,"Big City Engineers, LLC","Lake Hood Air Harbor, Inc.",,
2025-AAL-94-NRA,,Determined - No Hazard,To Proponent,2025-02-07,2025-02-07,2025-04-01,,61.57394167,-159.53463056,4D,,,FLAT BED,ANIAK,Bethel,50,AK,ANIAK,0,,Y,Request for use of Temporary. A FLAT BED (TEMPORARY STRUCTURE) WILL BE USED FOR THE REMOVAL OF THE ABOVEGROUND DIESEL TANK AND THE INSTALLATION OF THE ABOVEGROUND DIESEL TANK (PERMANENT STRUCTURE).,,New Construction,Temporary,30,1,2025-08-01,2025-08-25,,,CONSTRUCTION$VEHICLE,,,30,86,,,116,CNI Advantage LLC,CNI Advantage LLC,,
2025-AAL-94-OE,,Determined - No Hazard,No Hazard,2025-02-28,2025-02-28,2025-03-25,2026-09-25,59.40208056,-136.00925,4D,None,,KLUKWAN AK,Haines,Haines,100,AK,HAINES,107598,302.7,,125 wireless communication tower with 4' lightning rod (129' max height) contained within a 50x50' fenced compound.,Unassigned  AK 99827  Haines Borough,New Construction,Permanent,,,,,,,TOWER$ANTENNA,129,,129,260,389,,389,Atlas Tower Group,"ATLAS TOWER 1, LLC",,"{\"frequencies\":[{\"band\":{\"value\":[806,824],\"uom\":\"MHz\"},\"erp\":{\"value\":500,\"uom\":\"W\"},\"standard\":1,\"purpose\":\"colo_void\"},{\"band\":{\"value\":[824,849],\"uom\":\"MHz\"},\"erp\":{\"value\":500,\"uom\":\"W\"},\"standard\":2,\"purpose\":\"colo_void\"},{\"band\":{\"value\":[851,866],\"uom\":\"MHz\"},\"erp\":{\"value\":500,\"uom\":\"W\"},\"standard\":3,\"purpose\":\"colo_void\"},{\"band\":{\"value\":[869,894],\"uom\":\"MHz\"},\"erp\":{\"value\":500,\"uom\":\"W\"},\"standard\":4,\"purpose\":\"colo_void\"},{\"band\":{\"value\":[896,901],\"uom\":\"MHz\"},\"erp\":{\"value\":500,\"uom\":\"W\"},\"standard\":5,\"purpose\":\"colo_void\"},{\"band\":{\"value\":[901,902],\"uom\":\"MHz\"},\"erp\":{\"value\":7,\"uom\":\"W\"},\"standard\":6,\"purpose\":\"colo_void\"},{\"band\":{\"value\":[930,931],\"uom\":\"MHz\"},\"erp\":{\"value\":3500,\"uom\":\"W\"},\"standard\":7,\"purpose\":\"colo_void\"},{\"band\":{\"value\":[931,932],\"uom\":\"MHz\"},\"erp\":{\"value\":3500,\"uom\":\"W\"},\"standard\":8,\"purpose\":\"colo_void\"},{\"band\":{\"value\":[932,932.5],\"uom\":\"MHz\"},\"erp\":{\"value\":17,\"uom\":\"dBW\"},\"standard\":9,\"purpose\":\"colo_void\"},{\"band\":{\"value\":[935,940],\"uom\":\"MHz\"},\"erp\":{\"value\":1000,\"uom\":\"W\"},\"standard\":10,\"purpose\":\"colo_void\"},{\"band\":{\"value\":[940,941],\"uom\":\"MHz\"},\"erp\":{\"value\":3500,\"uom\":\"W\"},\"standard\":11,\"purpose\":\"colo_void\"},{\"band\":{\"value\":[1850,1910],\"uom\":\"MHz\"},\"erp\":{\"value\":1640,\"uom\":\"W\"},\"standard\":12,\"purpose\":\"colo_void\"},{\"band\":{\"value\":[1930,1990],\"uom\":\"MHz\"},\"erp\":{\"value\":1640,\"uom\":\"W\"},\"standard\":13,\"purpose\":\"colo_void\"},{\"band\":{\"value\":[2305,2310],\"uom\":\"MHz\"},\"erp\":{\"value\":2000,\"uom\":\"W\"},\"standard\":14,\"purpose\":\"colo_void\"},{\"band\":{\"value\":[2345,2360],\"uom\":\"MHz\"},\"erp\":{\"value\":2000,\"uom\":\"W\"},\"standard\":15,\"purpose\":\"colo_void\"},{\"band\":{\"value\":[698,806],\"uom\":\"MHz\"},\"erp\":{\"value\":1000,\"uom\":\"W\"},\"standard\":16,\"purpose\":\"colo_void\"},{\"band\":{\"value\":[6,7],\"uom\":\"GHz\"},\"erp\":{\"value\":42,\"uom\":\"dBW\"},\"standard\":76,\"purpose\":\"colo_void\"},{\"band\":{\"value\":[10,11.7],\"uom\":\"GHz\"},\"erp\":{\"value\":42,\"uom\":\"dBW\"},\"standard\":77,\"purpose\":\"colo_void\"},{\"band\":{\"value\":[17.7,19.7],\"uom\":\"GHz\"},\"erp\":{\"value\":42,\"uom\":\"dBW\"},\"standard\":78,\"purpose\":\"colo_void\"},{\"band\":{\"value\":[21.2,23.6],\"uom\":\"GHz\"},\"erp\":{\"value\":42,\"uom\":\"dBW\"},\"standard\":79,\"purpose\":\"colo_void\"},{\"band\":{\"value\":[806,901],\"uom\":\"MHz\"},\"erp\":{\"value\":500,\"uom\":\"W\"},\"standard\":80,\"purpose\":\"colo_void\"},{\"band\":{\"value\":[929,932],\"uom\":\"MHz\"},\"erp\":{\"value\":3500,\"uom\":\"W\"},\"standard\":81,\"purpose\":\"colo_void\"},{\"band\":{\"value\":[1670,1675],\"uom\":\"MHz\"},\"erp\":{\"value\":500,\"uom\":\"W\"},\"standard\":82,\"purpose\":\"colo_void\"},{\"band\":{\"value\":[1710,1755],\"uom\":\"MHz\"},\"erp\":{\"value\":500,\"uom\":\"W\"},\"standard\":83,\"purpose\":\"colo_void\"},{\"band\":{\"value\":[1850,1990],\"uom\":\"MHz\"},\"erp\":{\"value\":1640,\"uom\":\"W\"},\"standard\":84,\"purpose\":\"colo_void\"},{\"band\":{\"value\":[1990,2025],\"uom\":\"MHz\"},\"erp\":{\"value\":500,\"uom\":\"W\"},\"standard\":85,\"purpose\":\"colo_void\"},{\"band\":{\"value\":[2110,2200],\"uom\":\"MHz\"},\"erp\":{\"value\":500,\"uom\":\"W\"},\"standard\":86,\"purpose\":\"colo_void\"},{\"band\":{\"value\":[2305,2360],\"uom\":\"MHz\"},\"erp\":{\"value\":2000,\"uom\":\"W\"},\"standard\":87,\"purpose\":\"colo_void\"},{\"band\":{\"value\":[2496,2690],\"uom\":\"MHz\"},\"erp\":{\"value\":500,\"uom\":\"W\"},\"standard\":88,\"purpose\":\"colo_void\"},{\"band\":{\"value\":[6,7],\"uom\":\"GHz\"},\"erp\":{\"value\":55,\"uom\":\"dBW\"},\"standard\":89,\"purpose\":\"colo_void\"},{\"band\":{\"value\":[10,11.7],\"uom\":\"GHz\"},\"erp\":{\"value\":55,\"uom\":\"dBW\"},\"standard\":90,\"purpose\":\"colo_void\"},{\"band\":{\"value\":[17.7,19.7],\"uom\":\"GHz\"},\"erp\":{\"value\":55,\"uom\":\"dBW\"},\"standard\":91,\"purpose\":\"colo_void\"},{\"band\":{\"value\":[21.2,23.6],\"uom\":\"GHz\"},\"erp\":{\"value\":55,\"uom\":\"dBW\"},\"standard\":92,\"purpose\":\"colo_void\"},{\"band\":{\"value\":[614,698],\"uom\":\"MHz\"},\"erp\":{\"value\":1000,\"uom\":\"W\"},\"standard\":93,\"purpose\":\"data_entry\"},{\"band\":{\"value\":[614,698],\"uom\":\"MHz\"},\"erp\":{\"value\":2000,\"uom\":\"W\"},\"standard\":94,\"purpose\":\"data_entry\"}]}"
2025-AAL-95-NRA,,Determined - No Hazard,To Proponent,2025-02-07,2025-02-07,2025-04-01,,61.57387778,-159.53397778,4D,,,FLAT BED,ANIAK,Bethel,50,AK,ANIAK,0,,Y,Request for use of Temporary. A FLAT BED (TEMPORARY STRUCTURE) WILL BE USED FOR THE REMOVAL OF THE ABOVEGROUND DIESEL TANK AND THE INSTALLATION OF THE ABOVEGROUND DIESEL TANK (PERMANENT STRUCTURE).,,New Construction,Temporary,30,1,2025-08-01,2025-08-25,,,CONSTRUCTION$VEHICLE,,,30,86,,,116,CNI Advantage LLC,CNI Advantage LLC,,
2025-AAL-95-OE,2024-AAL-462-OE,Determined - No Hazard,No Hazard,2025-02-28,2025-02-28,2025-04-07,2026-10-07,59.35775,-157.46430278,1A,Red lights and paint,,Ekwok Valmont/Microflect 379,Ekwok,Dillingham,70,AK,EKWOK,1319,75.4,,AWN is proposing to increase the height of the light to 97 feet,Within the village of Ekwok,Alteration,Permanent,,,,,,1278140,TOWER$ANTENNA,97,,97,129,226,,226,GCI,Alaska Wireless Network,648942944-652951973,"{\"frequencies\":[{\"band\":{\"value\":[806,824],\"uom\":\"MHz\"},\"erp\":{\"value\":500,\"uom\":\"W\"},\"standard\":1,\"purpose\":\"colo_void\"},{\"band\":{\"value\":[824,849],\"uom\":\"MHz\"},\"erp\":{\"value\":500,\"uom\":\"W\"},\"standard\":2,\"purpose\":\"colo_void\"},{\"band\":{\"value\":[851,866],\"uom\":\"MHz\"},\"erp\":{\"value\":500,\"uom\":\"W\"},\"standard\":3,\"purpose\":\"colo_void\"},{\"band\":{\"value\":[869,894],\"uom\":\"MHz\"},\"erp\":{\"value\":500,\"uom\":\"W\"},\"standard\":4,\"purpose\":\"colo_void\"},{\"band\":{\"value\":[896,901],\"uom\":\"MHz\"},\"erp\":{\"value\":500,\"uom\":\"W\"},\"standard\":5,\"purpose\":\"colo_void\"},{\"band\":{\"value\":[901,902],\"uom\":\"MHz\"},\"erp\":{\"value\":7,\"uom\":\"W\"},\"standard\":6,\"purpose\":\"colo_void\"},{\"band\":{\"value\":[930,931],\"uom\":\"MHz\"},\"erp\":{\"value\":3500,\"uom\":\"W\"},\"standard\":7,\"purpose\":\"colo_void\"},{\"band\":{\"value\":[931,932],\"uom\":\"MHz\"},\"erp\":{\"value\":3500,\"uom\":\"W\"},\"standard\":8,\"purpose\":\"colo_void\"},{\"band\":{\"value\":[932,932.5],\"uom\":\"MHz\"},\"erp\":{\"value\":17,\"uom\":\"dBW\"},\"standard\":9,\"purpose\":\"colo_void\"},{\"band\":{\"value\":[935,940],\"uom\":\"MHz\"},\"erp\":{\"value\":1000,\"uom\":\"W\"},\"standard\":10,\"purpose\":\"colo_void\"},{\"band\":{\"value\":[940,941],\"uom\":\"MHz\"},\"erp\":{\"value\":3500,\"uom\":\"W\"},\"standard\":11,\"purpose\":\"colo_void\"},{\"band\":{\"value\":[1850,1910],\"uom\":\"MHz\"},\"erp\":{\"value\":1640,\"uom\":\"W\"},\"standard\":12,\"purpose\":\"colo_void\"},{\"band\":{\"value\":[1930,1990],\"uom\":\"MHz\"},\"erp\":{\"value\":1640,\"uom\":\"W\"},\"standard\":13,\"purpose\":\"colo_void\"},{\"band\":{\"value\":[2305,2310],\"uom\":\"MHz\"},\"erp\":{\"value\":2000,\"uom\":\"W\"},\"standard\":14,\"purpose\":\"colo_void\"},{\"band\":{\"value\":[2345,2360],\"uom\":\"MHz\"},\"erp\":{\"value\":2000,\"uom\":\"W\"},\"standard\":15,\"purpose\":\"colo_void\"},{\"band\":{\"value\":[698,806],\"uom\":\"MHz\"},\"erp\":{\"value\":1000,\"uom\":\"W\"},\"standard\":16,\"purpose\":\"colo_void\"},{\"band\":{\"value\":[6,7],\"uom\":\"GHz\"},\"erp\":{\"value\":42,\"uom\":\"dBW\"},\"standard\":76,\"purpose\":\"colo_void\"},{\"band\":{\"value\":[10,11.7],\"uom\":\"GHz\"},\"erp\":{\"value\":42,\"uom\":\"dBW\"},\"standard\":77,\"purpose\":\"colo_void\"},{\"band\":{\"value\":[17.7,19.7],\"uom\":\"GHz\"},\"erp\":{\"value\":42,\"uom\":\"dBW\"},\"standard\":78,\"purpose\":\"colo_void\"},{\"band\":{\"value\":[21.2,23.6],\"uom\":\"GHz\"},\"erp\":{\"value\":42,\"uom\":\"dBW\"},\"standard\":79,\"purpose\":\"colo_void\"},{\"band\":{\"value\":[806,901],\"uom\":\"MHz\"},\"erp\":{\"value\":500,\"uom\":\"W\"},\"standard\":80,\"purpose\":\"colo_void\"},{\"band\":{\"value\":[929,932],\"uom\":\"MHz\"},\"erp\":{\"value\":3500,\"uom\":\"W\"},\"standard\":81,\"purpose\":\"colo_void\"},{\"band\":{\"value\":[1670,1675],\"uom\":\"MHz\"},\"erp\":{\"value\":500,\"uom\":\"W\"},\"standard\":82,\"purpose\":\"colo_void\"},{\"band\":{\"value\":[1710,1755],\"uom\":\"MHz\"},\"erp\":{\"value\":500,\"uom\":\"W\"},\"standard\":83,\"purpose\":\"colo_void\"},{\"band\":{\"value\":[1850,1990],\"uom\":\"MHz\"},\"erp\":{\"value\":1640,\"uom\":\"W\"},\"standard\":84,\"purpose\":\"colo_void\"},{\"band\":{\"value\":[1990,2025],\"uom\":\"MHz\"},\"erp\":{\"value\":500,\"uom\":\"W\"},\"standard\":85,\"purpose\":\"colo_void\"},{\"band\":{\"value\":[2110,2200],\"uom\":\"MHz\"},\"erp\":{\"value\":500,\"uom\":\"W\"},\"standard\":86,\"purpose\":\"colo_void\"},{\"band\":{\"value\":[2305,2360],\"uom\":\"MHz\"},\"erp\":{\"value\":2000,\"uom\":\"W\"},\"standard\":87,\"purpose\":\"colo_void\"},{\"band\":{\"value\":[2496,2690],\"uom\":\"MHz\"},\"erp\":{\"value\":500,\"uom\":\"W\"},\"standard\":88,\"purpose\":\"colo_void\"},{\"band\":{\"value\":[6,7],\"uom\":\"GHz\"},\"erp\":{\"value\":55,\"uom\":\"dBW\"},\"standard\":89,\"purpose\":\"colo_void\"},{\"band\":{\"value\":[10,11.7],\"uom\":\"GHz\"},\"erp\":{\"value\":55,\"uom\":\"dBW\"},\"standard\":90,\"purpose\":\"colo_void\"},{\"band\":{\"value\":[17.7,19.7],\"uom\":\"GHz\"},\"erp\":{\"value\":55,\"uom\":\"dBW\"},\"standard\":91,\"purpose\":\"colo_void\"},{\"band\":{\"value\":[21.2,23.6],\"uom\":\"GHz\"},\"erp\":{\"value\":55,\"uom\":\"dBW\"},\"standard\":92,\"purpose\":\"colo_void\"},{\"band\":{\"value\":[614,698],\"uom\":\"MHz\"},\"erp\":{\"value\":1000,\"uom\":\"W\"},\"standard\":93,\"purpose\":\"data_entry\"},{\"band\":{\"value\":[614,698],\"uom\":\"MHz\"},\"erp\":{\"value\":2000,\"uom\":\"W\"},\"standard\":94,\"purpose\":\"data_entry\"},{\"band\":{\"value\":[1710,1755],\"uom\":\"MHz\"},\"erp\":{\"value\":68,\"uom\":\"dBm\"},\"standard\":false},{\"band\":{\"value\":[2110,2155],\"uom\":\"MHz\"},\"erp\":{\"value\":68,\"uom\":\"dBm\"},\"standard\":false},{\"band\":{\"value\":[5925,6425],\"uom\":\"MHz\"},\"erp\":{\"value\":55,\"uom\":\"dBW\"},\"standard\":false},{\"band\":{\"value\":[6425,7125],\"uom\":\"MHz\"},\"erp\":{\"value\":55,\"uom\":\"dBW\"},\"standard\":false},{\"band\":{\"value\":[10700,11700],\"uom\":\"MHz\"},\"erp\":{\"value\":55,\"uom\":\"dBW\"},\"standard\":false},{\"band\":{\"value\":[17700,19700],\"uom\":\"MHz\"},\"erp\":{\"value\":55,\"uom\":\"dBW\"},\"standard\":false},{\"band\":{\"value\":[21200,23600],\"uom\":\"MHz\"},\"erp\":{\"value\":55,\"uom\":\"dBW\"},\"standard\":false}]}"
2025-AAL-96-NRA,,Determined - No Hazard,To Proponent,2025-02-07,2025-02-07,2025-04-01,,61.574,-159.53436111,4D,,,FLAT BED,ANIAK,Bethel,50,AK,ANIAK,0,,Y,Request for use of Temporary. A FLAT BED (TEMPORARY STRUCTURE) WILL BE USED FOR THE REMOVAL OF THE ABOVEGROUND DIESEL TANK AND THE INSTALLATION OF THE ABOVEGROUND DIESEL TANK (PERMANENT STRUCTURE).,,New Construction,Temporary,30,1,2025-08-01,2025-08-25,,,CONSTRUCTION$VEHICLE,,,30,86,,,116,CNI Advantage LLC,CNI Advantage LLC,,
2025-AAL-97-NRA,,Determined - No Hazard,To Proponent,2025-02-07,2025-02-07,2025-04-01,,61.57365833,-159.53423333,4D,,,FLAT BED,ANIAK,Bethel,50,AK,ANIAK,0,,Y,Request for use of Temporary. A FLAT BED (TEMPORARY STRUCTURE) WILL BE USED FOR THE REMOVAL OF THE ABOVEGROUND DIESEL TANK AND THE INSTALLATION OF THE ABOVEGROUND DIESEL TANK (PERMANENT STRUCTURE).,,New Construction,Temporary,30,1,2025-08-01,2025-08-25,,,CONSTRUCTION$VEHICLE,,,30,87,,,117,CNI Advantage LLC,CNI Advantage LLC,,
2025-AAL-97-OE,,Determined - No Hazard,No Hazard,2025-03-04,2025-03-04,2025-04-23,,58.83527778,-158.54366667,4D,None,,SIDEMOUNT: Clark's Point School Rooftop 4677,Clarks Point,Dillingham,70,AK,CLARKS POINT,2766,282.1,,The overall height of the antenna will be 18 feet AGL.  The antenna will protrude above the rooftop by approximately 2 feet.  The building height at its highest point is 35 feet.,On the school rooftop,Existing,Permanent,,,,,,,BUILDING$SCHOOL,35,,35,135,170,,170,GCI,GCI Communication Corp,649276974-654818143,"{\"frequencies\":[{\"band\":{\"value\":[14000,14500],\"uom\":\"MHz\"},\"erp\":{\"value\":7,\"uom\":\"kW\"},\"standard\":false}],\"overlaps\":[{\"recorded\":\"2025-03-04T20:40:18Z\",\"reason\":\"StarLink (SpaceX) Over-the-Counter antenna operating in the Ku-Band, 47 CFR Part 25\"}]}"
2025-AAL-98-NRA,,Determined - No Hazard,To Proponent,2025-02-07,2025-02-07,2025-04-01,,61.57383889,-159.53418889,4D,,,FLAT BED,ANIAK,Bethel,50,AK,ANIAK,0,,Y,Request for use of Temporary. A FLAT BED (TEMPORARY STRUCTURE) WILL BE USED FOR THE REMOVAL OF THE ABOVEGROUND DIESEL TANK AND THE INSTALLATION OF THE ABOVEGROUND DIESEL TANK (PERMANENT STRUCTURE).,,Existing,Temporary,30,1,2025-08-01,2025-08-25,,,CONSTRUCTION$VEHICLE,,,30,87,,,117,CNI Advantage LLC,CNI Advantage LLC,,
2025-AAL-98-OE,,Determined - No Hazard,No Hazard,2025-03-04,2025-03-04,2025-04-23,,59.28113056,-158.62618889,4D,None,,SIDEMOUNT: Aleknagik School rooftop 4676,Aleknagik,Dillingham,70,AK,ALEKNAGIK /NEW,1641,251.5,,The overall height of the antenna will be 37 feet AGL.  The antenna will protrude above the rooftop by approximately 2 feet.  The building height at its highest point is 37 feet.,On the Aleknagik School rooftop,Existing,Permanent,,,,,,,BUILDING$SCHOOL,37,,37,48,85,,85,GCI,GCI Communication Corp,649278453-654818356,"{\"frequencies\":[{\"band\":{\"value\":[14000,14500],\"uom\":\"MHz\"},\"erp\":{\"value\":7,\"uom\":\"kW\"},\"standard\":false}],\"overlaps\":[{\"recorded\":\"2025-03-04T20:51:13Z\",\"reason\":\"StarLink (SpaceX) Over-the-Counter antenna operating in the Ku-Band, 47 CFR Part 25\"}]}"
2025-AAL-99-NRA,,Determined - No Hazard,To Proponent,2025-02-07,2025-02-07,2025-04-01,,61.57378889,-159.53463056,4D,,,FLAT BED,ANIAK,Bethel,50,AK,ANIAK,0,,Y,Request for use of Temporary. A FLAT BED (TEMPORARY STRUCTURE) WILL BE USED FOR THE REMOVAL OF THE ABOVEGROUND DIESEL TANK AND THE INSTALLATION OF THE ABOVEGROUND DIESEL TANK (PERMANENT STRUCTURE).,,Existing,Temporary,30,1,2025-08-01,2025-08-25,,,CONSTRUCTION$VEHICLE,,,30,86,,,116,CNI Advantage LLC,CNI Advantage LLC,,
2025-AAL-99-OE,,Determined - No Hazard,No Hazard,2025-03-04,2025-03-04,2025-04-23,,64.74103889,-156.95221944,4D,None,,Galena Headquarters Rooftop 4673,Galena,Yukon-Koyukuk,290,AK,EDWARD G PITKA SR,3281,302.7,,The overall height of the antenna will be 24 feet AGL.  The antenna will protrude above the rooftop by approximately 2 feet.  The building height at its highest point is 22 feet.,On the rooftop of the Galena Headquarters' building,Existing,Permanent,,,,,,,BUILDING$COMMERCIAL,24,,24,146,170,,170,GCI,GCI Communication Corp,649289692-654818865,"{\"frequencies\":[{\"band\":{\"value\":[14000,14500],\"uom\":\"MHz\"},\"erp\":{\"value\":7,\"uom\":\"kW\"},\"standard\":false}],\"overlaps\":[{\"recorded\":\"2025-03-04T21:48:57Z\",\"reason\":\"StarLink (SpaceX) Over-the-Counter antenna operating in the Ku-Band, 47 CFR Part 25\"}]}"
2025-AAL-100-NRA,,Determined - No Hazard,To Proponent,2025-02-07,2025-02-07,2025-04-01,,61.57377778,-159.53421944,4D,,,DIESEL TANK,ANIAK,Bethel,50,AK,ANIAK,0,,Y,Request for use of Temporary. A FLAT BED (TEMPORARY STRUCTURE) WILL BE USED FOR THE REMOVAL OF THE ABOVEGROUND DIESEL TANK AND THE INSTALLATION OF THE ABOVEGROUND DIESEL TANK (PERMANENT STRUCTURE).,,New Construction,Permanent,,,2025-08-01,2025-08-25,,,FUEL_SYSTEM,,,12,87,,,99,CNI Advantage LLC,CNI Advantage LLC,,
2025-AAL-100-OE,,Determined - No Hazard,No Hazard,2025-03-04,2025-03-04,2025-04-23,,60.80726111,-161.42286111,4D,None,,SIDEMOUNT: Kwethluk Ket'acik/Aapalluk 4630,Kwethluk,Bethel,50,AK,KWETHLUK,7221,31,,The overall height of the antenna will be 33 feet AGL.  The antenna will protrude above the rooftop by approximately 2 feet.  The building height at its highest point is 45 feet.,On the rooftop of the Ket'acik/Aapalluk Memorial School,Existing,Permanent,,,,,,,BUILDING$SCHOOL,45,,45,23,68,,68,GCI,GCI Communication Corp,649294396-654819383,"{\"frequencies\":[{\"band\":{\"value\":[14000,14500],\"uom\":\"MHz\"},\"erp\":{\"value\":7,\"uom\":\"kW\"},\"standard\":false}],\"overlaps\":[{\"recorded\":\"2025-03-04T22:10:28Z\",\"reason\":\"StarLink (SpaceX) Over-the-Counter antenna operating in the Ku-Band, 47 CFR Part 25\"}]}"
2025-AAL-101-OE,,Determined - No Hazard,No Hazard,2025-03-04,2025-03-04,2025-04-23,,60.58626944,-165.25159722,4D,None,,SIDEMOUNT: Paul T. Albert Memorial Schl 4636,Tununak,Bethel,50,AK,TUNUNAK,6194,351.1,,The overall height of the antenna will be 29 feet AGL.  The antenna will protrude above the rooftop by approximately 2 feet.  The building height at its highest point is 42 feet.,On the rooftop of the Paul T. Albert Memorial School,Existing,Permanent,,,,,,,BUILDING$SCHOOL,42,,42,49,91,,91,GCI,GCI Communication Corp,649295200-654819727,"{\"frequencies\":[{\"band\":{\"value\":[14000,14500],\"uom\":\"MHz\"},\"erp\":{\"value\":7,\"uom\":\"kW\"},\"standard\":false}],\"overlaps\":[{\"recorded\":\"2025-03-04T22:19:36Z\",\"reason\":\"StarLink (SpaceX) Over-the-Counter antenna operating in the Ku-Band, 47 CFR Part 25\"}]}"
2025-AAL-102-NRA,2023-AAL-187-NRA,Determined - No Hazard,To Proponent,2025-02-07,2025-02-07,2025-04-23,,70.19861111,-148.46583333,4D,,,,DEADHORSE,North Slope,185,AK,DEADHORSE,0,,Y,Request use of temporary equipment for adding fill between lots 1 and 6 to bring the entire area to level.,,New Construction,Temporary,31,4,2025-06-01,2025-10-31,,,CONSTRUCTION$VEHICLE,,,23,55,,,78,Kayla Scheimreif,Colville Airport Services,,
2025-AAL-103-NRA,2023-AAL-214-NRA,Determined - No Hazard,To Proponent,2025-02-07,2025-02-07,2025-04-23,,70.19916667,-148.46694444,4D,,,,DEADHORSE,North Slope,185,AK,DEADHORSE,0,,Y,Request use of temporary equipment for adding fill between lots 1 and 6 to bring the entire area to level.,,New Construction,Temporary,31,4,2025-06-01,2025-10-31,,,CONSTRUCTION$VEHICLE,,,23,55,,,78,Kayla Scheimreif,Colville Airport Services,,
2025-AAL-103-OE,,Determined - No Hazard,No Hazard,2025-03-07,2025-03-07,2025-04-23,,59.05588056,-160.42555,4D,None,,Togiak School Rooftop 4675,Togiak,Dillingham,70,AK,TOGIAK,5452,278.7,,The overall height of the proposed antenna will be 47 feet AGL.  The antenna will protrude above the rooftop by approximately 2 feet.  The building height at its highest point is 47 feet.,On the rooftop of the Togiak school building,Existing,Permanent,,,,,,,BUILDING$SCHOOL,47,,47,45,92,,92,GCI,GCI Communication Corp,649642993-654820025,"{\"frequencies\":[{\"band\":{\"value\":[14000,14500],\"uom\":\"MHz\"},\"erp\":{\"value\":7,\"uom\":\"kW\"},\"standard\":false}],\"overlaps\":[{\"recorded\":\"2025-03-07T18:07:12Z\",\"reason\":\"StarLink (SpaceX) Over-the-Counter antenna operating in the Ku-Band, 47 CFR Part 25\"}]}"
2025-AAL-104-NRA,2023-AAL-215-NRA,Determined - No Hazard,To Proponent,2025-02-07,2025-02-07,2025-04-23,,70.19916667,-148.46638889,4D,,,,DEADHORSE,North Slope,185,AK,DEADHORSE,0,,Y,Request use of temporary equipment for adding fill between lots 1 and 6 to bring the entire area to level.,,New Construction,Temporary,31,4,2025-06-01,2025-10-31,,,CONSTRUCTION$VEHICLE,,,23,55,,,78,Kayla Scheimreif,Colville Airport Services,,
2025-AAL-104-OE,,Determined - No Hazard,No Hazard,2025-03-07,2025-03-07,2025-03-24,2026-09-24,60.53638889,-145.72611111,4D,None,,,Cordova,Valdez-Cordova,261,AK,CORDOVA MUNI,2653,181,,Perform a crane lift to remove the current AST and place it on the flatbed truck for disposal. And a second lift to place the new AST on the new concrete pad.,Living Quarters,New Construction,Temporary,10,0,2025-05-08,2025-05-16,,,CRANE,75,,75,50,125,,125,MITCHELL NORRIS,URBAN ELECTRIC,649669295-651425497,
2025-AAL-105-NRA,2023-AAL-216-NRA,Determined - No Hazard,To Proponent,2025-02-07,2025-02-07,2025-04-23,,70.19916667,-148.46611111,4D,,,,DEADHORSE,North Slope,185,AK,DEADHORSE,0,,Y,Request use of temporary equipment for adding fill between lots 1 and 6 to bring the entire area to level.,,New Construction,Temporary,31,4,2025-06-01,2025-10-31,,,CONSTRUCTION$VEHICLE,,,23,55,,,78,Kayla Scheimreif,Colville Airport Services,,
2025-AAL-105-OE,2009-AAL-139-OE,Determined - No Hazard,No Hazard,2025-03-11,2025-03-11,2025-04-23,,64.74098056,-156.952275,1A,None,,Galena Headquarters 651,Galena,Yukon-Koyukuk,290,AK,EDWARD G PITKA SR,3277,302.3,,AWN proposes to construct a rooftop antenna structure in place of the previous tower structure  for communication purposes,On the rooftop of the Galena Headquarters Building  see attached 1A survey,Existing,Permanent,,,,,,1268942,BUILDING$COMMERCIAL,45,,45,151,196,,196,GCI,Alaska Wireless Network,649924987-654820291,"{\"frequencies\":[{\"band\":{\"value\":[806,824],\"uom\":\"MHz\"},\"erp\":{\"value\":500,\"uom\":\"W\"},\"standard\":1,\"purpose\":\"colo_void\"},{\"band\":{\"value\":[824,849],\"uom\":\"MHz\"},\"erp\":{\"value\":500,\"uom\":\"W\"},\"standard\":2,\"purpose\":\"colo_void\"},{\"band\":{\"value\":[851,866],\"uom\":\"MHz\"},\"erp\":{\"value\":500,\"uom\":\"W\"},\"standard\":3,\"purpose\":\"colo_void\"},{\"band\":{\"value\":[869,894],\"uom\":\"MHz\"},\"erp\":{\"value\":500,\"uom\":\"W\"},\"standard\":4,\"purpose\":\"colo_void\"},{\"band\":{\"value\":[896,901],\"uom\":\"MHz\"},\"erp\":{\"value\":500,\"uom\":\"W\"},\"standard\":5,\"purpose\":\"colo_void\"},{\"band\":{\"value\":[901,902],\"uom\":\"MHz\"},\"erp\":{\"value\":7,\"uom\":\"W\"},\"standard\":6,\"purpose\":\"colo_void\"},{\"band\":{\"value\":[930,931],\"uom\":\"MHz\"},\"erp\":{\"value\":3500,\"uom\":\"W\"},\"standard\":7,\"purpose\":\"colo_void\"},{\"band\":{\"value\":[931,932],\"uom\":\"MHz\"},\"erp\":{\"value\":3500,\"uom\":\"W\"},\"standard\":8,\"purpose\":\"colo_void\"},{\"band\":{\"value\":[932,932.5],\"uom\":\"MHz\"},\"erp\":{\"value\":17,\"uom\":\"dBW\"},\"standard\":9,\"purpose\":\"colo_void\"},{\"band\":{\"value\":[935,940],\"uom\":\"MHz\"},\"erp\":{\"value\":1000,\"uom\":\"W\"},\"standard\":10,\"purpose\":\"colo_void\"},{\"band\":{\"value\":[940,941],\"uom\":\"MHz\"},\"erp\":{\"value\":3500,\"uom\":\"W\"},\"standard\":11,\"purpose\":\"colo_void\"},{\"band\":{\"value\":[1850,1910],\"uom\":\"MHz\"},\"erp\":{\"value\":1640,\"uom\":\"W\"},\"standard\":12,\"purpose\":\"colo_void\"},{\"band\":{\"value\":[1930,1990],\"uom\":\"MHz\"},\"erp\":{\"value\":1640,\"uom\":\"W\"},\"standard\":13,\"purpose\":\"colo_void\"},{\"band\":{\"value\":[2305,2310],\"uom\":\"MHz\"},\"erp\":{\"value\":2000,\"uom\":\"W\"},\"standard\":14,\"purpose\":\"colo_void\"},{\"band\":{\"value\":[2345,2360],\"uom\":\"MHz\"},\"erp\":{\"value\":2000,\"uom\":\"W\"},\"standard\":15,\"purpose\":\"colo_void\"},{\"band\":{\"value\":[698,806],\"uom\":\"MHz\"},\"erp\":{\"value\":1000,\"uom\":\"W\"},\"standard\":16,\"purpose\":\"colo_void\"},{\"band\":{\"value\":[6,7],\"uom\":\"GHz\"},\"erp\":{\"value\":42,\"uom\":\"dBW\"},\"standard\":76,\"purpose\":\"colo_void\"},{\"band\":{\"value\":[10,11.7],\"uom\":\"GHz\"},\"erp\":{\"value\":42,\"uom\":\"dBW\"},\"standard\":77,\"purpose\":\"colo_void\"},{\"band\":{\"value\":[17.7,19.7],\"uom\":\"GHz\"},\"erp\":{\"value\":42,\"uom\":\"dBW\"},\"standard\":78,\"purpose\":\"colo_void\"},{\"band\":{\"value\":[21.2,23.6],\"uom\":\"GHz\"},\"erp\":{\"value\":42,\"uom\":\"dBW\"},\"standard\":79,\"purpose\":\"colo_void\"},{\"band\":{\"value\":[806,901],\"uom\":\"MHz\"},\"erp\":{\"value\":500,\"uom\":\"W\"},\"standard\":80,\"purpose\":\"colo_void\"},{\"band\":{\"value\":[929,932],\"uom\":\"MHz\"},\"erp\":{\"value\":3500,\"uom\":\"W\"},\"standard\":81,\"purpose\":\"colo_void\"},{\"band\":{\"value\":[1670,1675],\"uom\":\"MHz\"},\"erp\":{\"value\":500,\"uom\":\"W\"},\"standard\":82,\"purpose\":\"colo_void\"},{\"band\":{\"value\":[1710,1755],\"uom\":\"MHz\"},\"erp\":{\"value\":500,\"uom\":\"W\"},\"standard\":83,\"purpose\":\"colo_void\"},{\"band\":{\"value\":[1850,1990],\"uom\":\"MHz\"},\"erp\":{\"value\":1640,\"uom\":\"W\"},\"standard\":84,\"purpose\":\"colo_void\"},{\"band\":{\"value\":[1990,2025],\"uom\":\"MHz\"},\"erp\":{\"value\":500,\"uom\":\"W\"},\"standard\":85,\"purpose\":\"colo_void\"},{\"band\":{\"value\":[2110,2200],\"uom\":\"MHz\"},\"erp\":{\"value\":500,\"uom\":\"W\"},\"standard\":86,\"purpose\":\"colo_void\"},{\"band\":{\"value\":[2305,2360],\"uom\":\"MHz\"},\"erp\":{\"value\":2000,\"uom\":\"W\"},\"standard\":87,\"purpose\":\"colo_void\"},{\"band\":{\"value\":[2496,2690],\"uom\":\"MHz\"},\"erp\":{\"value\":500,\"uom\":\"W\"},\"standard\":88,\"purpose\":\"colo_void\"},{\"band\":{\"value\":[6,7],\"uom\":\"GHz\"},\"erp\":{\"value\":55,\"uom\":\"dBW\"},\"standard\":89,\"purpose\":\"colo_void\"},{\"band\":{\"value\":[10,11.7],\"uom\":\"GHz\"},\"erp\":{\"value\":55,\"uom\":\"dBW\"},\"standard\":90,\"purpose\":\"colo_void\"},{\"band\":{\"value\":[17.7,19.7],\"uom\":\"GHz\"},\"erp\":{\"value\":55,\"uom\":\"dBW\"},\"standard\":91,\"purpose\":\"colo_void\"},{\"band\":{\"value\":[21.2,23.6],\"uom\":\"GHz\"},\"erp\":{\"value\":55,\"uom\":\"dBW\"},\"standard\":92,\"purpose\":\"colo_void\"},{\"band\":{\"value\":[614,698],\"uom\":\"MHz\"},\"erp\":{\"value\":1000,\"uom\":\"W\"},\"standard\":93,\"purpose\":\"data_entry\"},{\"band\":{\"value\":[614,698],\"uom\":\"MHz\"},\"erp\":{\"value\":2000,\"uom\":\"W\"},\"standard\":94,\"purpose\":\"data_entry\"}]}"
2025-AAL-106-NRA,2023-AAL-217-NRA,Determined - No Hazard,To Proponent,2025-02-07,2025-02-07,2025-04-23,,70.19833333,-148.46555556,4D,,,,DEADHORSE,North Slope,185,AK,DEADHORSE,0,,Y,Request use of temporary equipment for adding fill between lots 1 and 6 to bring the entire area to level.,,New Construction,Temporary,31,4,2025-06-01,2025-10-31,,,CONSTRUCTION$VEHICLE,,,23,55,,,78,Kayla Scheimreif,Colville Airport Services,,
2025-AAL-106-OE,,Determined - No Hazard,No Hazard,2025-03-11,2025-03-11,2025-04-08,2026-10-08,65.17389444,-152.20590833,4D,Flag Marker,,Mobile Construction Equipment,Bear Creek,Yukon-Koyukuk,290,AK,RALPH M CALHOUN MEML,15039,269.4,,The BCC BLDG site is to be demolished  removed  and restored per the lease. The method of restoration and removal will include the use of heavy machinery (i.e. crane  excavator  skid steer) and hand tools.,The BCC BLDG site is located near Bear Creek  AK. The site is surrounded by forest land in all cardinal directions.,New Construction,Temporary,0,6,2025-05-01,2025-11-01,,,CONSTRUCTION$VEHICLE,120,,120,319,439,,439,Parsons T4,Katherine Ronckovitz,649928963-653134203,
2025-AAL-107-NRA,2023-AAL-218-NRA,Determined - No Hazard,To Proponent,2025-02-07,2025-02-07,2025-04-23,,70.19833333,-148.46583333,4D,,,,DEADHORSE,North Slope,185,AK,DEADHORSE,0,,Y,Request use of temporary equipment for adding fill between lots 1 and 6 to bring the entire area to level.,,New Construction,Temporary,31,4,2025-06-01,2025-10-31,,,CONSTRUCTION$VEHICLE,,,23,55,,,78,Kayla Scheimreif,Colville Airport Services,,
2025-AAL-107-OE,2024-AAL-601-OE,Determined - No Hazard,No Hazard,2025-03-11,2025-03-11,2025-04-23,,70.21356111,-151.00138889,1A,None,,Nuiqsut Rohn 65 G 523,Nuiqsut,North Slope,185,AK,NUIQSUT,1503,24.8,,Adding the 14000.00-14500.00 frequency,Within the village of Nuiqsut  see attached 1A survey,Existing,Permanent,,,,,,1295118,TOWER$ANTENNA,70,,70,41,111,,111,GCI,Alaska Wireless Network,649930063-654820581,"{\"frequencies\":[{\"band\":{\"value\":[806,824],\"uom\":\"MHz\"},\"erp\":{\"value\":500,\"uom\":\"W\"},\"standard\":1,\"purpose\":\"colo_void\"},{\"band\":{\"value\":[824,849],\"uom\":\"MHz\"},\"erp\":{\"value\":500,\"uom\":\"W\"},\"standard\":2,\"purpose\":\"colo_void\"},{\"band\":{\"value\":[851,866],\"uom\":\"MHz\"},\"erp\":{\"value\":500,\"uom\":\"W\"},\"standard\":3,\"purpose\":\"colo_void\"},{\"band\":{\"value\":[869,894],\"uom\":\"MHz\"},\"erp\":{\"value\":500,\"uom\":\"W\"},\"standard\":4,\"purpose\":\"colo_void\"},{\"band\":{\"value\":[896,901],\"uom\":\"MHz\"},\"erp\":{\"value\":500,\"uom\":\"W\"},\"standard\":5,\"purpose\":\"colo_void\"},{\"band\":{\"value\":[901,902],\"uom\":\"MHz\"},\"erp\":{\"value\":7,\"uom\":\"W\"},\"standard\":6,\"purpose\":\"colo_void\"},{\"band\":{\"value\":[930,931],\"uom\":\"MHz\"},\"erp\":{\"value\":3500,\"uom\":\"W\"},\"standard\":7,\"purpose\":\"colo_void\"},{\"band\":{\"value\":[931,932],\"uom\":\"MHz\"},\"erp\":{\"value\":3500,\"uom\":\"W\"},\"standard\":8,\"purpose\":\"colo_void\"},{\"band\":{\"value\":[932,932.5],\"uom\":\"MHz\"},\"erp\":{\"value\":17,\"uom\":\"dBW\"},\"standard\":9,\"purpose\":\"colo_void\"},{\"band\":{\"value\":[935,940],\"uom\":\"MHz\"},\"erp\":{\"value\":1000,\"uom\":\"W\"},\"standard\":10,\"purpose\":\"colo_void\"},{\"band\":{\"value\":[940,941],\"uom\":\"MHz\"},\"erp\":{\"value\":3500,\"uom\":\"W\"},\"standard\":11,\"purpose\":\"colo_void\"},{\"band\":{\"value\":[1850,1910],\"uom\":\"MHz\"},\"erp\":{\"value\":1640,\"uom\":\"W\"},\"standard\":12,\"purpose\":\"colo_void\"},{\"band\":{\"value\":[1930,1990],\"uom\":\"MHz\"},\"erp\":{\"value\":1640,\"uom\":\"W\"},\"standard\":13,\"purpose\":\"colo_void\"},{\"band\":{\"value\":[2305,2310],\"uom\":\"MHz\"},\"erp\":{\"value\":2000,\"uom\":\"W\"},\"standard\":14,\"purpose\":\"colo_void\"},{\"band\":{\"value\":[2345,2360],\"uom\":\"MHz\"},\"erp\":{\"value\":2000,\"uom\":\"W\"},\"standard\":15,\"purpose\":\"colo_void\"},{\"band\":{\"value\":[698,806],\"uom\":\"MHz\"},\"erp\":{\"value\":1000,\"uom\":\"W\"},\"standard\":16,\"purpose\":\"colo_void\"},{\"band\":{\"value\":[6,7],\"uom\":\"GHz\"},\"erp\":{\"value\":42,\"uom\":\"dBW\"},\"standard\":76,\"purpose\":\"colo_void\"},{\"band\":{\"value\":[10,11.7],\"uom\":\"GHz\"},\"erp\":{\"value\":42,\"uom\":\"dBW\"},\"standard\":77,\"purpose\":\"colo_void\"},{\"band\":{\"value\":[17.7,19.7],\"uom\":\"GHz\"},\"erp\":{\"value\":42,\"uom\":\"dBW\"},\"standard\":78,\"purpose\":\"colo_void\"},{\"band\":{\"value\":[21.2,23.6],\"uom\":\"GHz\"},\"erp\":{\"value\":42,\"uom\":\"dBW\"},\"standard\":79,\"purpose\":\"colo_void\"},{\"band\":{\"value\":[806,901],\"uom\":\"MHz\"},\"erp\":{\"value\":500,\"uom\":\"W\"},\"standard\":80,\"purpose\":\"colo_void\"},{\"band\":{\"value\":[929,932],\"uom\":\"MHz\"},\"erp\":{\"value\":3500,\"uom\":\"W\"},\"standard\":81,\"purpose\":\"colo_void\"},{\"band\":{\"value\":[1670,1675],\"uom\":\"MHz\"},\"erp\":{\"value\":500,\"uom\":\"W\"},\"standard\":82,\"purpose\":\"colo_void\"},{\"band\":{\"value\":[1710,1755],\"uom\":\"MHz\"},\"erp\":{\"value\":500,\"uom\":\"W\"},\"standard\":83,\"purpose\":\"colo_void\"},{\"band\":{\"value\":[1850,1990],\"uom\":\"MHz\"},\"erp\":{\"value\":1640,\"uom\":\"W\"},\"standard\":84,\"purpose\":\"colo_void\"},{\"band\":{\"value\":[1990,2025],\"uom\":\"MHz\"},\"erp\":{\"value\":500,\"uom\":\"W\"},\"standard\":85,\"purpose\":\"colo_void\"},{\"band\":{\"value\":[2110,2200],\"uom\":\"MHz\"},\"erp\":{\"value\":500,\"uom\":\"W\"},\"standard\":86,\"purpose\":\"colo_void\"},{\"band\":{\"value\":[2305,2360],\"uom\":\"MHz\"},\"erp\":{\"value\":2000,\"uom\":\"W\"},\"standard\":87,\"purpose\":\"colo_void\"},{\"band\":{\"value\":[2496,2690],\"uom\":\"MHz\"},\"erp\":{\"value\":500,\"uom\":\"W\"},\"standard\":88,\"purpose\":\"colo_void\"},{\"band\":{\"value\":[6,7],\"uom\":\"GHz\"},\"erp\":{\"value\":55,\"uom\":\"dBW\"},\"standard\":89,\"purpose\":\"colo_void\"},{\"band\":{\"value\":[10,11.7],\"uom\":\"GHz\"},\"erp\":{\"value\":55,\"uom\":\"dBW\"},\"standard\":90,\"purpose\":\"colo_void\"},{\"band\":{\"value\":[17.7,19.7],\"uom\":\"GHz\"},\"erp\":{\"value\":55,\"uom\":\"dBW\"},\"standard\":91,\"purpose\":\"colo_void\"},{\"band\":{\"value\":[21.2,23.6],\"uom\":\"GHz\"},\"erp\":{\"value\":55,\"uom\":\"dBW\"},\"standard\":92,\"purpose\":\"colo_void\"},{\"band\":{\"value\":[614,698],\"uom\":\"MHz\"},\"erp\":{\"value\":1000,\"uom\":\"W\"},\"standard\":93,\"purpose\":\"data_entry\"},{\"band\":{\"value\":[614,698],\"uom\":\"MHz\"},\"erp\":{\"value\":2000,\"uom\":\"W\"},\"standard\":94,\"purpose\":\"data_entry\"},{\"band\":{\"value\":[2120,2130],\"uom\":\"MHz\"},\"erp\":{\"value\":62,\"uom\":\"dBm\"},\"standard\":false},{\"band\":{\"value\":[14000,14500],\"uom\":\"MHz\"},\"erp\":{\"value\":7,\"uom\":\"kW\"},\"standard\":false}],\"overlaps\":[{\"recorded\":\"2025-03-11T17:34:02Z\",\"reason\":\"StarLink (SpaceX) Over-the-Counter antenna operating in the Ku-Band, 47 CFR Part 25\"}]}"
2025-AAL-108-NRA,2023-AAL-219-NRA,Determined - No Hazard,To Proponent,2025-02-07,2025-02-07,2025-04-23,,70.19833333,-148.46611111,4D,,,,DEADHORSE,North Slope,185,AK,DEADHORSE,0,,Y,Request use of temporary equipment for adding fill between lots 1 and 6 to bring the entire area to level.,,New Construction,Temporary,31,4,2025-06-01,2025-10-31,,,CONSTRUCTION$VEHICLE,,,23,55,,,78,Kayla Scheimreif,Colville Airport Services,,
2025-AAL-108-OE,,Determined - No Hazard,No Hazard,2025-03-11,2025-03-11,2025-04-02,2026-10-02,62.1954,-145.46768611,4D,Red lights and flags,,Crane,Glennallen,Valdez-Cordova,261,AK,GULKANA,15164,352,,The GLA NDB site is to be demolished  removed  and restored per the lease. The method of restoration and removal will include the use of heavy machinery (i.e. crane  excavator  skid steers) and handtools.,The GLA NDB site is located near Glennallen  AK. The site is surrounded by forest land in all cardinal directions.,New Construction,Temporary,0,6,2025-05-01,2025-11-01,,,CRANE$MOBILE,150,,150,1621,1771,,1771,Parsons T4,Katherine Ronckovitz,649931485-652532657,
2025-AAL-109-NRA,2023-AAL-220-NRA,Determined - No Hazard,To Proponent,2025-02-07,2025-02-07,2025-04-23,,70.19861111,-148.46638889,4D,,,,DEADHORSE,North Slope,185,AK,DEADHORSE,0,,Y,Request use of temporary equipment for adding fill between lots 1 and 6 to bring the entire area to level.,,New Construction,Temporary,31,4,2025-06-01,2025-10-31,,,CONSTRUCTION$VEHICLE,,,23,55,,,78,Kayla Scheimreif,Colville Airport Services,,
2025-AAL-109-OE,,Determined - No Hazard,No Hazard,2025-03-11,2025-03-11,2025-04-23,,59.349525,-157.47632222,4D,None,,Ekwok School Rooftop 4678,Ekwok,Dillingham,70,AK,EKWOK,2843,199.9,,The overall height of the proposed antenna will be 25 feet AGL.  The antenna will protrude above the rooftop by approximately 2 feet.  The building height at its highest point is 30 feet.,On the rooftop of the Ekwok school,Existing,Permanent,,,,,,,BUILDING$SCHOOL,30,,30,107,137,,137,GCI,GCI Communication Corp,650030151-654820701,"{\"frequencies\":[{\"band\":{\"value\":[14000,14500],\"uom\":\"MHz\"},\"erp\":{\"value\":7,\"uom\":\"kW\"},\"standard\":false}],\"overlaps\":[{\"recorded\":\"2025-03-11T23:25:38Z\",\"reason\":\"StarLink (SpaceX) Over-the-Counter antenna operating in the Ku-Band, 47 CFR Part 25\"}]}"
2025-AAL-110-NRA,2023-AAL-221-NRA,Determined - No Hazard,To Proponent,2025-02-07,2025-02-07,2025-04-23,,70.19861111,-148.46666668,4D,,,,DEADHORSE,North Slope,185,AK,DEADHORSE,0,,Y,Request use of temporary equipment for adding fill between lots 1 and 6 to bring the entire area to level.,,New Construction,Temporary,31,4,2025-06-01,2025-10-31,,,CONSTRUCTION$VEHICLE,,,23,55,,,78,Kayla Scheimreif,Colville Airport Services,,
2025-AAL-110-OE,,Determined - No Hazard,No Hazard,2025-03-12,2025-03-12,2025-04-23,2026-10-23,59.23518611,-135.45193333,4D,None,,FA16374439 AKL03054 PNW,HAINES,Haines,100,AK,HAINES,13775,103.2,,FAA required for new tower.,501 Main St.  Haines  AK,New Construction,Permanent,,,,,,,POLE$MONO,125,,125,63,188,,188,AT&T,AT&T (JC),650159998-654821056,"{\"frequencies\":[{\"band\":{\"value\":[806,824],\"uom\":\"MHz\"},\"erp\":{\"value\":500,\"uom\":\"W\"},\"standard\":1,\"purpose\":\"colo_void\"},{\"band\":{\"value\":[824,849],\"uom\":\"MHz\"},\"erp\":{\"value\":500,\"uom\":\"W\"},\"standard\":2,\"purpose\":\"colo_void\"},{\"band\":{\"value\":[851,866],\"uom\":\"MHz\"},\"erp\":{\"value\":500,\"uom\":\"W\"},\"standard\":3,\"purpose\":\"colo_void\"},{\"band\":{\"value\":[869,894],\"uom\":\"MHz\"},\"erp\":{\"value\":500,\"uom\":\"W\"},\"standard\":4,\"purpose\":\"colo_void\"},{\"band\":{\"value\":[896,901],\"uom\":\"MHz\"},\"erp\":{\"value\":500,\"uom\":\"W\"},\"standard\":5,\"purpose\":\"colo_void\"},{\"band\":{\"value\":[901,902],\"uom\":\"MHz\"},\"erp\":{\"value\":7,\"uom\":\"W\"},\"standard\":6,\"purpose\":\"colo_void\"},{\"band\":{\"value\":[930,931],\"uom\":\"MHz\"},\"erp\":{\"value\":3500,\"uom\":\"W\"},\"standard\":7,\"purpose\":\"colo_void\"},{\"band\":{\"value\":[931,932],\"uom\":\"MHz\"},\"erp\":{\"value\":3500,\"uom\":\"W\"},\"standard\":8,\"purpose\":\"colo_void\"},{\"band\":{\"value\":[932,932.5],\"uom\":\"MHz\"},\"erp\":{\"value\":17,\"uom\":\"dBW\"},\"standard\":9,\"purpose\":\"colo_void\"},{\"band\":{\"value\":[935,940],\"uom\":\"MHz\"},\"erp\":{\"value\":1000,\"uom\":\"W\"},\"standard\":10,\"purpose\":\"colo_void\"},{\"band\":{\"value\":[940,941],\"uom\":\"MHz\"},\"erp\":{\"value\":3500,\"uom\":\"W\"},\"standard\":11,\"purpose\":\"colo_void\"},{\"band\":{\"value\":[1850,1910],\"uom\":\"MHz\"},\"erp\":{\"value\":1640,\"uom\":\"W\"},\"standard\":12,\"purpose\":\"colo_void\"},{\"band\":{\"value\":[1930,1990],\"uom\":\"MHz\"},\"erp\":{\"value\":1640,\"uom\":\"W\"},\"standard\":13,\"purpose\":\"colo_void\"},{\"band\":{\"value\":[2305,2310],\"uom\":\"MHz\"},\"erp\":{\"value\":2000,\"uom\":\"W\"},\"standard\":14,\"purpose\":\"colo_void\"},{\"band\":{\"value\":[2345,2360],\"uom\":\"MHz\"},\"erp\":{\"value\":2000,\"uom\":\"W\"},\"standard\":15,\"purpose\":\"colo_void\"},{\"band\":{\"value\":[698,806],\"uom\":\"MHz\"},\"erp\":{\"value\":1000,\"uom\":\"W\"},\"standard\":16,\"purpose\":\"colo_void\"},{\"band\":{\"value\":[6,7],\"uom\":\"GHz\"},\"erp\":{\"value\":42,\"uom\":\"dBW\"},\"standard\":76,\"purpose\":\"colo_void\"},{\"band\":{\"value\":[10,11.7],\"uom\":\"GHz\"},\"erp\":{\"value\":42,\"uom\":\"dBW\"},\"standard\":77,\"purpose\":\"colo_void\"},{\"band\":{\"value\":[17.7,19.7],\"uom\":\"GHz\"},\"erp\":{\"value\":42,\"uom\":\"dBW\"},\"standard\":78,\"purpose\":\"colo_void\"},{\"band\":{\"value\":[21.2,23.6],\"uom\":\"GHz\"},\"erp\":{\"value\":42,\"uom\":\"dBW\"},\"standard\":79,\"purpose\":\"colo_void\"},{\"band\":{\"value\":[806,901],\"uom\":\"MHz\"},\"erp\":{\"value\":500,\"uom\":\"W\"},\"standard\":80,\"purpose\":\"colo_void\"},{\"band\":{\"value\":[929,932],\"uom\":\"MHz\"},\"erp\":{\"value\":3500,\"uom\":\"W\"},\"standard\":81,\"purpose\":\"colo_void\"},{\"band\":{\"value\":[1670,1675],\"uom\":\"MHz\"},\"erp\":{\"value\":500,\"uom\":\"W\"},\"standard\":82,\"purpose\":\"colo_void\"},{\"band\":{\"value\":[1710,1755],\"uom\":\"MHz\"},\"erp\":{\"value\":500,\"uom\":\"W\"},\"standard\":83,\"purpose\":\"colo_void\"},{\"band\":{\"value\":[1850,1990],\"uom\":\"MHz\"},\"erp\":{\"value\":1640,\"uom\":\"W\"},\"standard\":84,\"purpose\":\"colo_void\"},{\"band\":{\"value\":[1990,2025],\"uom\":\"MHz\"},\"erp\":{\"value\":500,\"uom\":\"W\"},\"standard\":85,\"purpose\":\"colo_void\"},{\"band\":{\"value\":[2110,2200],\"uom\":\"MHz\"},\"erp\":{\"value\":500,\"uom\":\"W\"},\"standard\":86,\"purpose\":\"colo_void\"},{\"band\":{\"value\":[2305,2360],\"uom\":\"MHz\"},\"erp\":{\"value\":2000,\"uom\":\"W\"},\"standard\":87,\"purpose\":\"colo_void\"},{\"band\":{\"value\":[2496,2690],\"uom\":\"MHz\"},\"erp\":{\"value\":500,\"uom\":\"W\"},\"standard\":88,\"purpose\":\"colo_void\"},{\"band\":{\"value\":[6,7],\"uom\":\"GHz\"},\"erp\":{\"value\":55,\"uom\":\"dBW\"},\"standard\":89,\"purpose\":\"colo_void\"},{\"band\":{\"value\":[10,11.7],\"uom\":\"GHz\"},\"erp\":{\"value\":55,\"uom\":\"dBW\"},\"standard\":90,\"purpose\":\"colo_void\"},{\"band\":{\"value\":[17.7,19.7],\"uom\":\"GHz\"},\"erp\":{\"value\":55,\"uom\":\"dBW\"},\"standard\":91,\"purpose\":\"colo_void\"},{\"band\":{\"value\":[21.2,23.6],\"uom\":\"GHz\"},\"erp\":{\"value\":55,\"uom\":\"dBW\"},\"standard\":92,\"purpose\":\"colo_void\"},{\"band\":{\"value\":[614,698],\"uom\":\"MHz\"},\"erp\":{\"value\":1000,\"uom\":\"W\"},\"standard\":93,\"purpose\":\"data_entry\"},{\"band\":{\"value\":[614,698],\"uom\":\"MHz\"},\"erp\":{\"value\":2000,\"uom\":\"W\"},\"standard\":94,\"purpose\":\"data_entry\"}]}"
2025-AAL-111-NRA,2023-AAL-222-NRA,Determined - No Hazard,To Proponent,2025-02-07,2025-02-07,2025-04-23,,70.19833333,-148.46805556,4D,,,,DEADHORSE,North Slope,185,AK,DEADHORSE,0,,Y,Request use of temporary equipment for adding fill between lots 1 and 6 to bring the entire area to level.,,New Construction,Temporary,31,4,2025-06-01,2025-10-31,,,CONSTRUCTION$VEHICLE,,,23,55,,,78,Kayla Scheimreif,Colville Airport Services,,
2025-AAL-111-OE,,Determined - No Hazard,No Hazard,2025-03-14,2025-03-14,2025-03-17,2026-09-17,52.20105556,-174.19722222,4D,None,,Atka Rooftop SL,Atka,Aleutians West,16,AK,ATKA,7407,164.2,,GCI proposes to mount an antenna with an overall height of 17 feet to the existing 15 foot Communication Shelter.,On the rooftop of the existing GCI Com Shelter,Existing,Permanent,,,,,,,BUILDING$COMMERCIAL,17,,17,123,140,,140,GCI,GCI Communication Corp,650469605-650705110,"{\"frequencies\":[{\"band\":{\"value\":[14000,14500],\"uom\":\"MHz\"},\"erp\":{\"value\":7,\"uom\":\"kW\"},\"standard\":false}],\"overlaps\":[{\"recorded\":\"2025-03-14T16:59:46Z\",\"reason\":\"StarLink (SpaceX) Over-the-Counter antenna operating in the Ku-Band, 47 CFR Part 25\"}]}"
2025-AAL-112-NRA,2023-AAL-223-NRA,Determined - No Hazard,To Proponent,2025-02-07,2025-02-07,2025-04-23,,70.19861111,-148.46805556,4D,,,,DEADHORSE,North Slope,185,AK,DEADHORSE,0,,Y,Request use of temporary equipment for adding fill between lots 1 and 6 to bring the entire area to level.,,New Construction,Temporary,31,4,2025-06-01,2025-10-31,,,CONSTRUCTION$VEHICLE,,,23,55,,,78,Kayla Scheimreif,Colville Airport Services,,
2025-AAL-112-OE,,Determined - No Hazard,No Hazard,2025-03-14,2025-03-14,2025-04-23,,59.72684722,-157.28541111,4D,None,,SIDE MNT: SRSD Koliganek School Rooftop 4690,Koliganek,Dillingham,70,AK,KOLIGANEK,4644,270.4,,The overall height of the proposed antenna will be 30 feet AGL.  The antenna will protrude above the rooftop by approximately 2 feet.  The building height at its highest point is 40 feet.,On the rooftop of the Koliganek School,Existing,Permanent,,,,,,,BUILDING$SCHOOL,40,,40,222,262,,262,GCI,GCI Communication Corp,650521967-654821467,"{\"frequencies\":[{\"band\":{\"value\":[14000,14500],\"uom\":\"MHz\"},\"erp\":{\"value\":7,\"uom\":\"kW\"},\"standard\":false}],\"overlaps\":[{\"recorded\":\"2025-03-14T20:53:12Z\",\"reason\":\"StarLink (SpaceX) Over-the-Counter antenna operating in the Ku-Band, 47 CFR Part 25\"}]}"
2025-AAL-113-NRA,2023-AAL-224-NRA,Determined - No Hazard,To Proponent,2025-02-07,2025-02-07,2025-04-23,,70.19861111,-148.4675,4D,,,,DEADHORSE,North Slope,185,AK,DEADHORSE,0,,Y,Request use of temporary equipment for adding fill between lots 1 and 6 to bring the entire area to level.,,New Construction,Temporary,31,4,2025-06-01,2025-10-31,,,CONSTRUCTION$VEHICLE,,,23,55,,,78,Kayla Scheimreif,Colville Airport Services,,
2025-AAL-113-OE,,Determined - No Hazard,No Hazard,2025-03-17,2025-03-17,2025-04-23,,61.69872222,-157.17355556,4D,None,,SIDEMOUNT: Sleetmute Clinic Rooftop 4684,Sleetmute,Bethel,50,AK,SLEETMUTE,1467,247.5,,The overall height of the proposed antenna will be 15 feet AGL.  The antenna will protrude above the rooftop by approximately 2 feet.  The building height at its highest point is 17 feet.,"On the rooftop of the Sleetmute Clinic ",Existing,Permanent,,,,,,,BUILDING$COMMERCIAL,17,,17,202,219,,219,GCI,GCI Communication Corp,650694355-654822122,"{\"frequencies\":[{\"band\":{\"value\":[14000,14500],\"uom\":\"MHz\"},\"erp\":{\"value\":7,\"uom\":\"kW\"},\"standard\":false}],\"overlaps\":[{\"recorded\":\"2025-03-17T18:16:00Z\",\"reason\":\"StarLink (SpaceX) Over-the-Counter antenna operating in the Ku-Band, 47 CFR Part 25\"}]}"
2025-AAL-114-NRA,2023-AAL-225-NRA,Determined - No Hazard,To Proponent,2025-02-07,2025-02-07,2025-04-23,,70.19861111,-148.46638889,4D,,,,DEADHORSE,North Slope,185,AK,DEADHORSE,0,,Y,Request use of temporary equipment for adding fill between lots 1 and 6 to bring the entire area to level.,,New Construction,Temporary,31,4,2025-06-01,2025-10-31,,,CONSTRUCTION$VEHICLE,,,23,55,,,78,Kayla Scheimreif,Colville Airport Services,,
2025-AAL-114-OE,,Determined - No Hazard,No Hazard,2025-03-17,2025-03-17,2025-04-23,,61.8609,-158.13768889,4D,None,,SIDEMOUNT:  Crooked Creek Clinic Rooftop 4692,Crooked Creek,Bethel,50,AK,CROOKED CREEK,3736,179.3,,The overall height of the proposed antenna will be 16 feet AGL.  The antenna will protrude above the rooftop by approximately 2 feet.  The building height at its highest point is 18 feet.,On the rooftop of the Crooked Creek Clinic,Existing,Permanent,,,,,,,BUILDING$COMMERCIAL,18,,18,228,246,,246,GCI,GCI Communication Corp,650697289-654822547,"{\"frequencies\":[{\"band\":{\"value\":[14000,14500],\"uom\":\"MHz\"},\"erp\":{\"value\":7,\"uom\":\"kW\"},\"standard\":false}],\"overlaps\":[{\"recorded\":\"2025-03-17T18:35:58Z\",\"reason\":\"StarLink (SpaceX) Over-the-Counter antenna operating in the Ku-Band, 47 CFR Part 25\"}]}"
2025-AAL-115-NRA,2023-AAL-226-NRA,Determined - No Hazard,To Proponent,2025-02-07,2025-02-07,2025-04-23,,70.19888889,-148.46666668,4D,,,,DEADHORSE,North Slope,185,AK,DEADHORSE,0,,Y,Request use of temporary equipment for adding fill between lots 1 and 6 to bring the entire area to level.,,New Construction,Temporary,31,4,2025-06-01,2025-10-31,,,CONSTRUCTION$VEHICLE,,,23,55,,,78,Kayla Scheimreif,Colville Airport Services,,
2025-AAL-115-OE,,Determined - No Hazard,No Hazard,2025-03-17,2025-03-17,2025-04-23,,64.93260278,-161.16207222,1A,None,,Koyuk ES 1750,Koyuk,Nome,180,AK,KOYUK ALFRED ADAMS,2807,205.5,,Filing an existing structure with the 1A survey in order to register the structure,Located at the GCI Earth Station site,Existing,Permanent,,,,,,1330460,TOWER$ANTENNA,60,,60,97,157,,157,GCI,"Unicom, Inc.",650727717-654822686,"{\"frequencies\":[{\"band\":{\"value\":[806,824],\"uom\":\"MHz\"},\"erp\":{\"value\":500,\"uom\":\"W\"},\"standard\":1,\"purpose\":\"colo_void\"},{\"band\":{\"value\":[824,849],\"uom\":\"MHz\"},\"erp\":{\"value\":500,\"uom\":\"W\"},\"standard\":2,\"purpose\":\"colo_void\"},{\"band\":{\"value\":[851,866],\"uom\":\"MHz\"},\"erp\":{\"value\":500,\"uom\":\"W\"},\"standard\":3,\"purpose\":\"colo_void\"},{\"band\":{\"value\":[869,894],\"uom\":\"MHz\"},\"erp\":{\"value\":500,\"uom\":\"W\"},\"standard\":4,\"purpose\":\"colo_void\"},{\"band\":{\"value\":[896,901],\"uom\":\"MHz\"},\"erp\":{\"value\":500,\"uom\":\"W\"},\"standard\":5,\"purpose\":\"colo_void\"},{\"band\":{\"value\":[901,902],\"uom\":\"MHz\"},\"erp\":{\"value\":7,\"uom\":\"W\"},\"standard\":6,\"purpose\":\"colo_void\"},{\"band\":{\"value\":[930,931],\"uom\":\"MHz\"},\"erp\":{\"value\":3500,\"uom\":\"W\"},\"standard\":7,\"purpose\":\"colo_void\"},{\"band\":{\"value\":[931,932],\"uom\":\"MHz\"},\"erp\":{\"value\":3500,\"uom\":\"W\"},\"standard\":8,\"purpose\":\"colo_void\"},{\"band\":{\"value\":[932,932.5],\"uom\":\"MHz\"},\"erp\":{\"value\":17,\"uom\":\"dBW\"},\"standard\":9,\"purpose\":\"colo_void\"},{\"band\":{\"value\":[935,940],\"uom\":\"MHz\"},\"erp\":{\"value\":1000,\"uom\":\"W\"},\"standard\":10,\"purpose\":\"colo_void\"},{\"band\":{\"value\":[940,941],\"uom\":\"MHz\"},\"erp\":{\"value\":3500,\"uom\":\"W\"},\"standard\":11,\"purpose\":\"colo_void\"},{\"band\":{\"value\":[1850,1910],\"uom\":\"MHz\"},\"erp\":{\"value\":1640,\"uom\":\"W\"},\"standard\":12,\"purpose\":\"colo_void\"},{\"band\":{\"value\":[1930,1990],\"uom\":\"MHz\"},\"erp\":{\"value\":1640,\"uom\":\"W\"},\"standard\":13,\"purpose\":\"colo_void\"},{\"band\":{\"value\":[2305,2310],\"uom\":\"MHz\"},\"erp\":{\"value\":2000,\"uom\":\"W\"},\"standard\":14,\"purpose\":\"colo_void\"},{\"band\":{\"value\":[2345,2360],\"uom\":\"MHz\"},\"erp\":{\"value\":2000,\"uom\":\"W\"},\"standard\":15,\"purpose\":\"colo_void\"},{\"band\":{\"value\":[698,806],\"uom\":\"MHz\"},\"erp\":{\"value\":1000,\"uom\":\"W\"},\"standard\":16,\"purpose\":\"colo_void\"},{\"band\":{\"value\":[6,7],\"uom\":\"GHz\"},\"erp\":{\"value\":42,\"uom\":\"dBW\"},\"standard\":76,\"purpose\":\"colo_void\"},{\"band\":{\"value\":[10,11.7],\"uom\":\"GHz\"},\"erp\":{\"value\":42,\"uom\":\"dBW\"},\"standard\":77,\"purpose\":\"colo_void\"},{\"band\":{\"value\":[17.7,19.7],\"uom\":\"GHz\"},\"erp\":{\"value\":42,\"uom\":\"dBW\"},\"standard\":78,\"purpose\":\"colo_void\"},{\"band\":{\"value\":[21.2,23.6],\"uom\":\"GHz\"},\"erp\":{\"value\":42,\"uom\":\"dBW\"},\"standard\":79,\"purpose\":\"colo_void\"},{\"band\":{\"value\":[806,901],\"uom\":\"MHz\"},\"erp\":{\"value\":500,\"uom\":\"W\"},\"standard\":80,\"purpose\":\"colo_void\"},{\"band\":{\"value\":[929,932],\"uom\":\"MHz\"},\"erp\":{\"value\":3500,\"uom\":\"W\"},\"standard\":81,\"purpose\":\"colo_void\"},{\"band\":{\"value\":[1670,1675],\"uom\":\"MHz\"},\"erp\":{\"value\":500,\"uom\":\"W\"},\"standard\":82,\"purpose\":\"colo_void\"},{\"band\":{\"value\":[1710,1755],\"uom\":\"MHz\"},\"erp\":{\"value\":500,\"uom\":\"W\"},\"standard\":83,\"purpose\":\"colo_void\"},{\"band\":{\"value\":[1850,1990],\"uom\":\"MHz\"},\"erp\":{\"value\":1640,\"uom\":\"W\"},\"standard\":84,\"purpose\":\"colo_void\"},{\"band\":{\"value\":[1990,2025],\"uom\":\"MHz\"},\"erp\":{\"value\":500,\"uom\":\"W\"},\"standard\":85,\"purpose\":\"colo_void\"},{\"band\":{\"value\":[2110,2200],\"uom\":\"MHz\"},\"erp\":{\"value\":500,\"uom\":\"W\"},\"standard\":86,\"purpose\":\"colo_void\"},{\"band\":{\"value\":[2305,2360],\"uom\":\"MHz\"},\"erp\":{\"value\":2000,\"uom\":\"W\"},\"standard\":87,\"purpose\":\"colo_void\"},{\"band\":{\"value\":[2496,2690],\"uom\":\"MHz\"},\"erp\":{\"value\":500,\"uom\":\"W\"},\"standard\":88,\"purpose\":\"colo_void\"},{\"band\":{\"value\":[6,7],\"uom\":\"GHz\"},\"erp\":{\"value\":55,\"uom\":\"dBW\"},\"standard\":89,\"purpose\":\"colo_void\"},{\"band\":{\"value\":[10,11.7],\"uom\":\"GHz\"},\"erp\":{\"value\":55,\"uom\":\"dBW\"},\"standard\":90,\"purpose\":\"colo_void\"},{\"band\":{\"value\":[17.7,19.7],\"uom\":\"GHz\"},\"erp\":{\"value\":55,\"uom\":\"dBW\"},\"standard\":91,\"purpose\":\"colo_void\"},{\"band\":{\"value\":[21.2,23.6],\"uom\":\"GHz\"},\"erp\":{\"value\":55,\"uom\":\"dBW\"},\"standard\":92,\"purpose\":\"colo_void\"},{\"band\":{\"value\":[614,698],\"uom\":\"MHz\"},\"erp\":{\"value\":1000,\"uom\":\"W\"},\"standard\":93,\"purpose\":\"data_entry\"},{\"band\":{\"value\":[614,698],\"uom\":\"MHz\"},\"erp\":{\"value\":2000,\"uom\":\"W\"},\"standard\":94,\"purpose\":\"data_entry\"},{\"band\":{\"value\":[11305,11305],\"uom\":\"MHz\"},\"erp\":{\"value\":78,\"uom\":\"dBm\"},\"standard\":false}]}"
2025-AAL-116-NRA,2023-AAL-227-NRA,Determined - No Hazard,To Proponent,2025-02-07,2025-02-07,2025-04-23,,70.19916667,-148.46694444,4D,,,,DEADHORSE,North Slope,185,AK,DEADHORSE,0,,Y,Request use of temporary equipment for adding fill between lots 1 and 6 to bring the entire area to level.,,New Construction,Temporary,31,4,2025-06-01,2025-10-31,,,CONSTRUCTION$VEHICLE,,,23,55,,,78,Kayla Scheimreif,Colville Airport Services,,
2025-AAL-116-OE,,Determined - No Hazard,No Hazard,2025-03-18,2025-03-18,2025-04-23,,60.38649444,-166.18883889,4D,None,,SIDEMOUNT: Mekoryuk - School Rooftop 4468,Mekoryuk,Bethel,50,AK,MEKORYUK,15600,70.7,,The overall height of the proposed antenna will be 23 feet AGL.  The antenna will protrude above the rooftop by approximately 2 feet.  The building height at its highest point is 32 feet.,side mounted to the Mekoryuk School,Existing,Permanent,,,,,,,BUILDING$SCHOOL,32,,32,31,63,,63,GCI,GCI Communication Corp,650884960-654822829,"{\"frequencies\":[{\"band\":{\"value\":[14000,14500],\"uom\":\"MHz\"},\"erp\":{\"value\":7,\"uom\":\"kW\"},\"standard\":false}],\"overlaps\":[{\"recorded\":\"2025-03-18T21:22:21Z\",\"reason\":\"StarLink (SpaceX) Over-the-Counter antenna operating in the Ku-Band, 47 CFR Part 25\"}]}"
2025-AAL-117-NRA,,Determined - No Hazard,To Proponent,2025-02-10,2025-02-10,2025-05-05,,64.81732778,-147.86751667,4D,,,,FAIRBANKS,Fairbanks North Star,90,AK,FAIRBANKS INTL,0,,Y,Temporary Crane for passenger Boarding Bridge replacement,,New Construction,Temporary,0,12,2025-08-01,2026-07-31,,,CRANE$MOBILE,,,90,435,,,525,"AERO BridgeWorks, Inc.","AERO BRIDGEWORKS, INC.",,
2025-AAL-117-OE,,Determined - No Hazard,No Hazard,2025-03-21,2025-03-22,2025-04-02,2026-10-02,62.31211111,-150.10453333,4D,None,,Geoprobe Tracked Rig,Talkeetna,Matanuska-Susitna,170,AK,TALKEETNA,3938,210.7,,Four geotechnical boreholes to be completed within four days at the Talkeetna RR Depot - all daytime operations,Talkeetna Railroad Depot access road (South Royal Blue Loop),New Construction,Temporary,4,0,2025-05-12,2025-07-12,,,RIG$DRILLING,15,,15,345,360,,360,CRW Engineering Group LLC,CRW Engineering Group,651245661-652530948,
2025-AAL-118-NRA,,Determined - No Hazard,To Proponent,2025-02-10,2025-02-10,2025-05-05,,64.81689722,-147.86725278,4D,,,,FAIRBANKS,Fairbanks North Star,90,AK,FAIRBANKS INTL,0,,Y,Temporary Crane for passenger Boarding Bridge replacement,,New Construction,Temporary,0,12,2025-08-01,2026-07-31,,,CRANE$MOBILE,,,90,435,,,525,"AERO BridgeWorks, Inc.","AERO BRIDGEWORKS, INC.",,
2025-AAL-118-OE,,Determined - No Hazard,No Hazard,2025-03-21,2025-03-22,2025-04-02,2026-10-02,62.31291944,-150.10425278,4D,None,,Geoprobe Tracked Rig,Talkeetna,Matanuska-Susitna,170,AK,TALKEETNA,3661,212.4,,Four geotechnical boreholes to be completed within four days at the Talkeetna RR Depot - all daytime operations,Talkeetna Railroad Depot access road (South Royal Blue Loop),New Construction,Temporary,4,0,2025-05-12,2025-07-12,,,RIG$DRILLING,15,,15,345,360,,360,CRW Engineering Group LLC,CRW Engineering Group,651245662-652530950,
2025-AAL-119-NRA,,Determined - No Hazard,To Proponent,2025-02-10,2025-02-10,2025-05-05,,64.81706944,-147.86641667,4D,,,,FAIRBANKS,Fairbanks North Star,90,AK,FAIRBANKS INTL,0,,Y,Temporary Crane for passenger Boarding Bridge replacement,,New Construction,Temporary,0,12,2025-08-01,2026-07-31,,,CRANE$MOBILE,,,90,435,,,525,"AERO BridgeWorks, Inc.","AERO BRIDGEWORKS, INC.",,
2025-AAL-119-OE,,Determined - No Hazard,No Hazard,2025-03-21,2025-03-22,2025-04-02,2026-10-02,62.31870556,-150.10313611,4D,None,,Geoprobe Tracked Rig,Talkeetna,Matanuska-Susitna,170,AK,TALKEETNA,2023,241.2,,Four geotechnical boreholes to be completed within four days at the Talkeetna RR Depot - all daytime operations,Talkeetna Railroad Depot access road (South Royal Blue Loop),New Construction,Temporary,4,0,2025-05-12,2025-07-12,,,RIG$DRILLING,15,,15,345,360,,360,CRW Engineering Group LLC,CRW Engineering Group,651245663-652530949,
2025-AAL-120-NRA,,Determined - No Hazard,To Proponent,2025-02-10,2025-02-10,2025-05-05,,64.81748333,-147.86704167,4D,,,,FAIRBANKS,Fairbanks North Star,90,AK,FAIRBANKS INTL,0,,Y,Temporary Crane for passenger Boarding Bridge replacement,,New Construction,Temporary,0,12,2025-08-01,2026-07-31,,,CRANE$MOBILE,,,90,435,,,525,"AERO BridgeWorks, Inc.","AERO BRIDGEWORKS, INC.",,
2025-AAL-120-OE,,Determined - No Hazard,No Hazard,2025-03-21,2025-03-22,2025-04-02,2026-10-02,62.31898333,-150.10335,4D,None,,Geoprobe Tracked Rig,Talkeetna,Matanuska-Susitna,170,AK,TALKEETNA,2008,244.2,,Four geotechnical boreholes to be completed within four days at the Talkeetna RR Depot - all daytime operations,Talkeetna Railroad Depot access road (South Royal Blue Loop),New Construction,Temporary,4,0,2025-05-12,2025-07-12,,,RIG$DRILLING,15,,15,345,360,,360,CRW Engineering Group LLC,CRW Engineering Group,651245664-652530947,
2025-AAL-121-OE,,Determined - No Hazard,No Hazard,2025-03-24,2025-03-24,2025-05-16,2026-11-16,61.78883333,-156.58502778,4D,None,,SIDEMOUNT: Stony River Clinic Rooftop 4702,Stony River,Bethel,50,AK,STONY RIVER 2,692,119,,The overall height of the proposed antenna will be 18 feet AGL.  The antenna will protrude above the rooftop by approximately 2 feet.  The building height at its highest point is 20 feet.,On the rooftop of the Stony River Clinic,Existing,Permanent,,,,,,,BUILDING$COMMERCIAL,20,,20,220,240,,240,GCI,GCI Communication Corp,651467928-659764443,"{\"frequencies\":[{\"band\":{\"value\":[14000,14500],\"uom\":\"MHz\"},\"erp\":{\"value\":7,\"uom\":\"kW\"},\"standard\":false}],\"overlaps\":[{\"recorded\":\"2025-03-24T21:45:37Z\",\"reason\":\"StarLink (SpaceX) Over-the-Counter antenna operating in the Ku-Band, 47 CFR Part 25\"}]}"
2025-AAL-122-OE,,Determined - No Hazard,No Hazard,2025-03-24,2025-03-25,2025-04-23,,60.72258889,-161.77143056,4D,None,,SIDEMOUNT: Oscarville School Roortop 4634,Oscarville,Bethel,50,AK,NAPASKIAK,7298,9.7,,The overall height of the proposed antenna will be 21 feet AGL.  The antenna will protrude above the rooftop by approximately 2 feet.  The building height at its highest point is 23 feet.,On the rooftop of the Oscarville School,Existing,Permanent,,,,,,,BUILDING$SCHOOL,23,,23,3,26,,26,GCI,GCI Communication Corp,651473983-654822862,"{\"frequencies\":[{\"band\":{\"value\":[14000,14500],\"uom\":\"MHz\"},\"erp\":{\"value\":7,\"uom\":\"kW\"},\"standard\":false}],\"overlaps\":[{\"recorded\":\"2025-03-25T00:53:00Z\",\"reason\":\"StarLink (SpaceX) Over-the-Counter antenna operating in the Ku-Band, 47 CFR Part 25\"}]}"
2025-AAL-123-NRA,,Determined - No Hazard,To Proponent,2025-02-18,2025-02-18,2025-04-01,,57.75556667,-152.51683056,4D,,,,KODIAK,Kodiak Island,150,AK,KODIAK,0,,Y,This 7460 Permit overlaps with previous submission. This 7460 Permit is specifically for setting two concrete structure with a crane. The max boom height for the crane while in use will be 120ft. It is anticipated that each structure will take 1 day to set in place within the work schedule start and end dates.,,New Construction,Temporary,0,2,2025-04-01,2025-06-01,,,CRANE,,,120,55,,,175,QAP,Alaska DOT & PF,,
2025-AAL-123-OE,,Determined - No Hazard,No Hazard,2025-03-24,2025-03-25,2025-04-23,,59.87730556,-163.15769444,4D,None,,Kwigillingok School Rooftop 4631,Kwigillingok,Bethel,50,AK,KWIGILLINGOK,1839,80.2,,The overall height of the proposed antenna will be 31 feet AGL.  The antenna will protrude above the rooftop by approximately 2 feet.  The building height at its highest point is 35 feet.,On the rooftop of the Kwigillingok School,Existing,Permanent,,,,,,,BUILDING$SCHOOL,35,,35,13,48,,48,GCI,GCI Communication Corp,651474389-654822897,"{\"frequencies\":[{\"band\":{\"value\":[14000,14500],\"uom\":\"MHz\"},\"erp\":{\"value\":7,\"uom\":\"kW\"},\"standard\":false}],\"overlaps\":[{\"recorded\":\"2025-03-25T02:34:20Z\",\"reason\":\"StarLink (SpaceX) Over-the-Counter antenna operating in the Ku-Band, 47 CFR Part 25\"}]}"
2025-AAL-124-NRA,,Determined - No Hazard,To Proponent,2025-02-18,2025-02-18,2025-04-01,,57.75473333,-152.51678056,4D,,,,KODIAK,Kodiak Island,150,AK,KODIAK,0,,Y,This 7460 Permit overlaps with previous submission. This 7460 Permit is specifically for setting two concrete structure with a crane. The max boom height for the crane while in use will be 120ft It is anticipated that each structure will take 1 day to set in place within the work schedule start and end dates.,,New Construction,Temporary,0,2,2025-04-01,2025-06-01,,,CRANE,,,120,55,,,175,QAP,Alaska DOT & PF,,
2025-AAL-124-OE,,Determined - No Hazard,No Hazard,2025-03-24,2025-03-25,2025-04-23,,59.96272222,-162.872,4D,None,,SIDEMNT: Ayagina'ar Elitnaurvik Rooftop 4629,Kongiganak,Bethel,50,AK,KONGIGANAK,1625,75.8,,The overall height of the proposed antenna will be 38 feet AGL.  The antenna will protrude above the rooftop by approximately 2 feet.  The building height at its highest point is 45 feet.,On the rooftop of the Ayagina'ar Elitnaurvik School,Existing,Permanent,,,,,,,BUILDING$SCHOOL,45,,45,26,71,,71,GCI,GCI Communication Corp,651474485-654822942,"{\"frequencies\":[{\"band\":{\"value\":[14000,14500],\"uom\":\"MHz\"},\"erp\":{\"value\":7,\"uom\":\"kW\"},\"standard\":false}],\"overlaps\":[{\"recorded\":\"2025-03-25T02:44:29Z\",\"reason\":\"StarLink (SpaceX) Over-the-Counter antenna operating in the Ku-Band, 47 CFR Part 25\"}]}"
2025-AAL-125-NRA,,Determined - No Hazard,To Proponent,2025-02-18,2025-02-18,2025-04-01,,57.75554722,-152.51598333,4D,,,,KODIAK,Kodiak Island,150,AK,KODIAK,0,,Y,This 7460 Permit overlaps with previous submission. This 7460 Permit is specifically for setting two concrete structure with a crane. The max boom height for the crane while in use will be 120ft It is anticipated that each structure will take 1 day to set in place within the work schedule start and end dates.,,New Construction,Temporary,0,2,2025-04-01,2025-06-01,,,CRANE,,,120,55,,,175,QAP,Alaska DOT & PF,,
2025-AAL-125-OE,,Determined - No Hazard,No Hazard,2025-03-24,2025-03-25,2025-04-24,,59.75175,-161.89744444,4D,None,,Kuinerrarmiut Elitnaurviat Rooftop 4635,Quinhagak,Bethel,50,AK,QUINHAGAK,9682,262.8,,The overall height of the proposed antenna will be 36 feet AGL.  The antenna will protrude above the rooftop by approximately 2 feet.  The building height at its highest point is 42 feet.,On the rooftop of the Kuinerrarmiut Elitnaurviat School,Existing,Permanent,,,,,,,BUILDING$SCHOOL,42,,42,21,63,,63,GCI,GCI Communication Corp,651474658-654996129,"{\"frequencies\":[{\"band\":{\"value\":[14000,14500],\"uom\":\"MHz\"},\"erp\":{\"value\":7,\"uom\":\"kW\"},\"standard\":false}],\"overlaps\":[{\"recorded\":\"2025-03-25T03:43:50Z\",\"reason\":\"StarLink (SpaceX) Over-the-Counter antenna operating in the Ku-Band, 47 CFR Part 25\"}]}"
2025-AAL-126-NRA,,Determined - No Hazard,To Proponent,2025-02-18,2025-02-18,2025-04-01,,57.7547,-152.51604444,4D,,,,KODIAK,Kodiak Island,150,AK,KODIAK,0,,Y,This 7460 Permit overlaps with previous submission. This 7460 Permit is specifically for setting two concrete structure with a crane. The max boom height for the crane while in use will be 120ft It is anticipated that each structure will take 1 day to set in place within the work schedule start and end dates.,,New Construction,Temporary,0,2,2025-04-01,2025-06-01,,,CRANE,,,120,55,,,175,QAP,Alaska DOT & PF,,
2025-AAL-126-OE,2024-AAL-565-OE,Determined - No Hazard,No Hazard,2025-03-25,2025-03-25,2025-04-23,,64.01280556,-145.45035556,4D,None,,Delta Junction 1 - 1A final,Delta Junction,Southeast Fairbanks,240,AK,ALLEN AAF,43769,81.4,,125' lattice wireless commuications facility with 4' lightning rod (129' max height) contained within a 50'x50' fenced compound,2 Hanson Rd  Delta Junction  AK 99737,New Construction,Permanent,,,,,,1330846,TOWER$ANTENNA,129,,129,1131,1260,,1260,Atlas Tower Group,"ATLAS TOWER 1, LLC",651525258-654823137,"{\"frequencies\":[{\"band\":{\"value\":[806,824],\"uom\":\"MHz\"},\"erp\":{\"value\":500,\"uom\":\"W\"},\"standard\":1,\"purpose\":\"colo_void\"},{\"band\":{\"value\":[824,849],\"uom\":\"MHz\"},\"erp\":{\"value\":500,\"uom\":\"W\"},\"standard\":2,\"purpose\":\"colo_void\"},{\"band\":{\"value\":[851,866],\"uom\":\"MHz\"},\"erp\":{\"value\":500,\"uom\":\"W\"},\"standard\":3,\"purpose\":\"colo_void\"},{\"band\":{\"value\":[869,894],\"uom\":\"MHz\"},\"erp\":{\"value\":500,\"uom\":\"W\"},\"standard\":4,\"purpose\":\"colo_void\"},{\"band\":{\"value\":[896,901],\"uom\":\"MHz\"},\"erp\":{\"value\":500,\"uom\":\"W\"},\"standard\":5,\"purpose\":\"colo_void\"},{\"band\":{\"value\":[901,902],\"uom\":\"MHz\"},\"erp\":{\"value\":7,\"uom\":\"W\"},\"standard\":6,\"purpose\":\"colo_void\"},{\"band\":{\"value\":[930,931],\"uom\":\"MHz\"},\"erp\":{\"value\":3500,\"uom\":\"W\"},\"standard\":7,\"purpose\":\"colo_void\"},{\"band\":{\"value\":[931,932],\"uom\":\"MHz\"},\"erp\":{\"value\":3500,\"uom\":\"W\"},\"standard\":8,\"purpose\":\"colo_void\"},{\"band\":{\"value\":[932,932.5],\"uom\":\"MHz\"},\"erp\":{\"value\":17,\"uom\":\"dBW\"},\"standard\":9,\"purpose\":\"colo_void\"},{\"band\":{\"value\":[935,940],\"uom\":\"MHz\"},\"erp\":{\"value\":1000,\"uom\":\"W\"},\"standard\":10,\"purpose\":\"colo_void\"},{\"band\":{\"value\":[940,941],\"uom\":\"MHz\"},\"erp\":{\"value\":3500,\"uom\":\"W\"},\"standard\":11,\"purpose\":\"colo_void\"},{\"band\":{\"value\":[1850,1910],\"uom\":\"MHz\"},\"erp\":{\"value\":1640,\"uom\":\"W\"},\"standard\":12,\"purpose\":\"colo_void\"},{\"band\":{\"value\":[1930,1990],\"uom\":\"MHz\"},\"erp\":{\"value\":1640,\"uom\":\"W\"},\"standard\":13,\"purpose\":\"colo_void\"},{\"band\":{\"value\":[2305,2310],\"uom\":\"MHz\"},\"erp\":{\"value\":2000,\"uom\":\"W\"},\"standard\":14,\"purpose\":\"colo_void\"},{\"band\":{\"value\":[2345,2360],\"uom\":\"MHz\"},\"erp\":{\"value\":2000,\"uom\":\"W\"},\"standard\":15,\"purpose\":\"colo_void\"},{\"band\":{\"value\":[698,806],\"uom\":\"MHz\"},\"erp\":{\"value\":1000,\"uom\":\"W\"},\"standard\":16,\"purpose\":\"colo_void\"},{\"band\":{\"value\":[6,7],\"uom\":\"GHz\"},\"erp\":{\"value\":42,\"uom\":\"dBW\"},\"standard\":76,\"purpose\":\"colo_void\"},{\"band\":{\"value\":[10,11.7],\"uom\":\"GHz\"},\"erp\":{\"value\":42,\"uom\":\"dBW\"},\"standard\":77,\"purpose\":\"colo_void\"},{\"band\":{\"value\":[17.7,19.7],\"uom\":\"GHz\"},\"erp\":{\"value\":42,\"uom\":\"dBW\"},\"standard\":78,\"purpose\":\"colo_void\"},{\"band\":{\"value\":[21.2,23.6],\"uom\":\"GHz\"},\"erp\":{\"value\":42,\"uom\":\"dBW\"},\"standard\":79,\"purpose\":\"colo_void\"},{\"band\":{\"value\":[806,901],\"uom\":\"MHz\"},\"erp\":{\"value\":500,\"uom\":\"W\"},\"standard\":80,\"purpose\":\"colo_void\"},{\"band\":{\"value\":[929,932],\"uom\":\"MHz\"},\"erp\":{\"value\":3500,\"uom\":\"W\"},\"standard\":81,\"purpose\":\"colo_void\"},{\"band\":{\"value\":[1670,1675],\"uom\":\"MHz\"},\"erp\":{\"value\":500,\"uom\":\"W\"},\"standard\":82,\"purpose\":\"colo_void\"},{\"band\":{\"value\":[1710,1755],\"uom\":\"MHz\"},\"erp\":{\"value\":500,\"uom\":\"W\"},\"standard\":83,\"purpose\":\"colo_void\"},{\"band\":{\"value\":[1850,1990],\"uom\":\"MHz\"},\"erp\":{\"value\":1640,\"uom\":\"W\"},\"standard\":84,\"purpose\":\"colo_void\"},{\"band\":{\"value\":[1990,2025],\"uom\":\"MHz\"},\"erp\":{\"value\":500,\"uom\":\"W\"},\"standard\":85,\"purpose\":\"colo_void\"},{\"band\":{\"value\":[2110,2200],\"uom\":\"MHz\"},\"erp\":{\"value\":500,\"uom\":\"W\"},\"standard\":86,\"purpose\":\"colo_void\"},{\"band\":{\"value\":[2305,2360],\"uom\":\"MHz\"},\"erp\":{\"value\":2000,\"uom\":\"W\"},\"standard\":87,\"purpose\":\"colo_void\"},{\"band\":{\"value\":[2496,2690],\"uom\":\"MHz\"},\"erp\":{\"value\":500,\"uom\":\"W\"},\"standard\":88,\"purpose\":\"colo_void\"},{\"band\":{\"value\":[6,7],\"uom\":\"GHz\"},\"erp\":{\"value\":55,\"uom\":\"dBW\"},\"standard\":89,\"purpose\":\"colo_void\"},{\"band\":{\"value\":[10,11.7],\"uom\":\"GHz\"},\"erp\":{\"value\":55,\"uom\":\"dBW\"},\"standard\":90,\"purpose\":\"colo_void\"},{\"band\":{\"value\":[17.7,19.7],\"uom\":\"GHz\"},\"erp\":{\"value\":55,\"uom\":\"dBW\"},\"standard\":91,\"purpose\":\"colo_void\"},{\"band\":{\"value\":[21.2,23.6],\"uom\":\"GHz\"},\"erp\":{\"value\":55,\"uom\":\"dBW\"},\"standard\":92,\"purpose\":\"colo_void\"},{\"band\":{\"value\":[614,698],\"uom\":\"MHz\"},\"erp\":{\"value\":1000,\"uom\":\"W\"},\"standard\":93,\"purpose\":\"data_entry\"},{\"band\":{\"value\":[614,698],\"uom\":\"MHz\"},\"erp\":{\"value\":2000,\"uom\":\"W\"},\"standard\":94,\"purpose\":\"data_entry\"}]}"
2025-AAL-127-NRA,,Determined - No Hazard,To Proponent,2025-02-18,2025-02-18,2025-04-01,,57.75458056,-152.51209167,4D,,,,KODIAK,Kodiak Island,150,AK,KODIAK,0,,Y,This 7460 will cover a pedestrian gate  fence replacement and installation of a network tower. The the network tower will be be approximately 55 feet above ground level. A crane will be used to set the tower and will be approximately 120 feet tall while setting the network tower.,,New Construction,Temporary,0,2,2025-05-01,2025-07-01,,,CRANE,,,120,55,,,175,QAP,Alaska DOT & PF,,
2025-AAL-127-OE,,Determined - No Hazard,No Hazard,2025-03-26,2025-03-26,2025-05-06,2026-11-06,64.99586111,-150.63336667,4D,None,,Manley - Parker prelim,Manley,Yukon-Koyukuk,290,AK,MANLEY HOT SPRINGS,3634,39.8,,146' wireless communication facility (lattice) with 4' lightning rod (150' max height) contained within a 50' x 50' fenced compound.,Manley Hot Springs Rd  Manley  AK 99756,New Construction,Permanent,,,,,,,TOWER$ANTENNA,92,92,150,258,350,350,408,Atlas Tower Group,"ATLAS TOWER 1, LLC",651796133-658477556,"{\"frequencies\":[{\"band\":{\"value\":[806,824],\"uom\":\"MHz\"},\"erp\":{\"value\":500,\"uom\":\"W\"},\"standard\":1,\"purpose\":\"colo_void\"},{\"band\":{\"value\":[824,849],\"uom\":\"MHz\"},\"erp\":{\"value\":500,\"uom\":\"W\"},\"standard\":2,\"purpose\":\"colo_void\"},{\"band\":{\"value\":[851,866],\"uom\":\"MHz\"},\"erp\":{\"value\":500,\"uom\":\"W\"},\"standard\":3,\"purpose\":\"colo_void\"},{\"band\":{\"value\":[869,894],\"uom\":\"MHz\"},\"erp\":{\"value\":500,\"uom\":\"W\"},\"standard\":4,\"purpose\":\"colo_void\"},{\"band\":{\"value\":[896,901],\"uom\":\"MHz\"},\"erp\":{\"value\":500,\"uom\":\"W\"},\"standard\":5,\"purpose\":\"colo_void\"},{\"band\":{\"value\":[901,902],\"uom\":\"MHz\"},\"erp\":{\"value\":7,\"uom\":\"W\"},\"standard\":6,\"purpose\":\"colo_void\"},{\"band\":{\"value\":[930,931],\"uom\":\"MHz\"},\"erp\":{\"value\":3500,\"uom\":\"W\"},\"standard\":7,\"purpose\":\"colo_void\"},{\"band\":{\"value\":[931,932],\"uom\":\"MHz\"},\"erp\":{\"value\":3500,\"uom\":\"W\"},\"standard\":8,\"purpose\":\"colo_void\"},{\"band\":{\"value\":[932,932.5],\"uom\":\"MHz\"},\"erp\":{\"value\":17,\"uom\":\"dBW\"},\"standard\":9,\"purpose\":\"colo_void\"},{\"band\":{\"value\":[935,940],\"uom\":\"MHz\"},\"erp\":{\"value\":1000,\"uom\":\"W\"},\"standard\":10,\"purpose\":\"colo_void\"},{\"band\":{\"value\":[940,941],\"uom\":\"MHz\"},\"erp\":{\"value\":3500,\"uom\":\"W\"},\"standard\":11,\"purpose\":\"colo_void\"},{\"band\":{\"value\":[1850,1910],\"uom\":\"MHz\"},\"erp\":{\"value\":1640,\"uom\":\"W\"},\"standard\":12,\"purpose\":\"colo_void\"},{\"band\":{\"value\":[1930,1990],\"uom\":\"MHz\"},\"erp\":{\"value\":1640,\"uom\":\"W\"},\"standard\":13,\"purpose\":\"colo_void\"},{\"band\":{\"value\":[2305,2310],\"uom\":\"MHz\"},\"erp\":{\"value\":2000,\"uom\":\"W\"},\"standard\":14,\"purpose\":\"colo_void\"},{\"band\":{\"value\":[2345,2360],\"uom\":\"MHz\"},\"erp\":{\"value\":2000,\"uom\":\"W\"},\"standard\":15,\"purpose\":\"colo_void\"},{\"band\":{\"value\":[698,806],\"uom\":\"MHz\"},\"erp\":{\"value\":1000,\"uom\":\"W\"},\"standard\":16,\"purpose\":\"colo_void\"},{\"band\":{\"value\":[6,7],\"uom\":\"GHz\"},\"erp\":{\"value\":42,\"uom\":\"dBW\"},\"standard\":76,\"purpose\":\"colo_void\"},{\"band\":{\"value\":[10,11.7],\"uom\":\"GHz\"},\"erp\":{\"value\":42,\"uom\":\"dBW\"},\"standard\":77,\"purpose\":\"colo_void\"},{\"band\":{\"value\":[17.7,19.7],\"uom\":\"GHz\"},\"erp\":{\"value\":42,\"uom\":\"dBW\"},\"standard\":78,\"purpose\":\"colo_void\"},{\"band\":{\"value\":[21.2,23.6],\"uom\":\"GHz\"},\"erp\":{\"value\":42,\"uom\":\"dBW\"},\"standard\":79,\"purpose\":\"colo_void\"},{\"band\":{\"value\":[806,901],\"uom\":\"MHz\"},\"erp\":{\"value\":500,\"uom\":\"W\"},\"standard\":80,\"purpose\":\"colo_void\"},{\"band\":{\"value\":[929,932],\"uom\":\"MHz\"},\"erp\":{\"value\":3500,\"uom\":\"W\"},\"standard\":81,\"purpose\":\"colo_void\"},{\"band\":{\"value\":[1670,1675],\"uom\":\"MHz\"},\"erp\":{\"value\":500,\"uom\":\"W\"},\"standard\":82,\"purpose\":\"colo_void\"},{\"band\":{\"value\":[1710,1755],\"uom\":\"MHz\"},\"erp\":{\"value\":500,\"uom\":\"W\"},\"standard\":83,\"purpose\":\"colo_void\"},{\"band\":{\"value\":[1850,1990],\"uom\":\"MHz\"},\"erp\":{\"value\":1640,\"uom\":\"W\"},\"standard\":84,\"purpose\":\"colo_void\"},{\"band\":{\"value\":[1990,2025],\"uom\":\"MHz\"},\"erp\":{\"value\":500,\"uom\":\"W\"},\"standard\":85,\"purpose\":\"colo_void\"},{\"band\":{\"value\":[2110,2200],\"uom\":\"MHz\"},\"erp\":{\"value\":500,\"uom\":\"W\"},\"standard\":86,\"purpose\":\"colo_void\"},{\"band\":{\"value\":[2305,2360],\"uom\":\"MHz\"},\"erp\":{\"value\":2000,\"uom\":\"W\"},\"standard\":87,\"purpose\":\"colo_void\"},{\"band\":{\"value\":[2496,2690],\"uom\":\"MHz\"},\"erp\":{\"value\":500,\"uom\":\"W\"},\"standard\":88,\"purpose\":\"colo_void\"},{\"band\":{\"value\":[6,7],\"uom\":\"GHz\"},\"erp\":{\"value\":55,\"uom\":\"dBW\"},\"standard\":89,\"purpose\":\"colo_void\"},{\"band\":{\"value\":[10,11.7],\"uom\":\"GHz\"},\"erp\":{\"value\":55,\"uom\":\"dBW\"},\"standard\":90,\"purpose\":\"colo_void\"},{\"band\":{\"value\":[17.7,19.7],\"uom\":\"GHz\"},\"erp\":{\"value\":55,\"uom\":\"dBW\"},\"standard\":91,\"purpose\":\"colo_void\"},{\"band\":{\"value\":[21.2,23.6],\"uom\":\"GHz\"},\"erp\":{\"value\":55,\"uom\":\"dBW\"},\"standard\":92,\"purpose\":\"colo_void\"},{\"band\":{\"value\":[614,698],\"uom\":\"MHz\"},\"erp\":{\"value\":1000,\"uom\":\"W\"},\"standard\":93,\"purpose\":\"data_entry\"},{\"band\":{\"value\":[614,698],\"uom\":\"MHz\"},\"erp\":{\"value\":2000,\"uom\":\"W\"},\"standard\":94,\"purpose\":\"data_entry\"}]}"
2025-AAL-128-NRA,,Determined - No Hazard,To Proponent,2025-02-18,2025-02-18,2025-04-01,,57.75491389,-152.51318611,4D,,,,KODIAK,Kodiak Island,150,AK,KODIAK,0,,Y,Request use of temporary crane. This 7460 will cover a pedestrian gate  fence replacement and installation of a network tower. The the network tower will be be approximately 55 feet above ground level. A crane will be used to set the tower and will be approximately 120 feet tall while setting the network tower.,,New Construction,Temporary,0,2,2025-05-01,2025-07-01,,,CRANE,,,120,55,,,175,QAP,Alaska DOT & PF,,
2025-AAL-128-OE,,Determined - No Hazard,No Hazard,2025-03-27,2025-03-27,2025-04-23,2026-10-23,63.97261111,-145.73186111,4D,Red lights and paint,,Ft Greely Campground,Ft Greely,Southeast Fairbanks,240,AK,ALLEN AAF,8463,193,,AWN is proposing to construct a 160 foot  with appurtenances  lattice tower for communications purposes,1500 Feet East of the Ft Greely visitor's gate  near the RV campground.,New Construction,Permanent,,,,,,,TOWER$ANTENNA,160,,160,1328,1488,,1488,GCI,Alaska Wireless Network,651944069-654838746,"{\"frequencies\":[{\"band\":{\"value\":[806,824],\"uom\":\"MHz\"},\"erp\":{\"value\":500,\"uom\":\"W\"},\"standard\":1,\"purpose\":\"colo_void\"},{\"band\":{\"value\":[824,849],\"uom\":\"MHz\"},\"erp\":{\"value\":500,\"uom\":\"W\"},\"standard\":2,\"purpose\":\"colo_void\"},{\"band\":{\"value\":[851,866],\"uom\":\"MHz\"},\"erp\":{\"value\":500,\"uom\":\"W\"},\"standard\":3,\"purpose\":\"colo_void\"},{\"band\":{\"value\":[869,894],\"uom\":\"MHz\"},\"erp\":{\"value\":500,\"uom\":\"W\"},\"standard\":4,\"purpose\":\"colo_void\"},{\"band\":{\"value\":[896,901],\"uom\":\"MHz\"},\"erp\":{\"value\":500,\"uom\":\"W\"},\"standard\":5,\"purpose\":\"colo_void\"},{\"band\":{\"value\":[901,902],\"uom\":\"MHz\"},\"erp\":{\"value\":7,\"uom\":\"W\"},\"standard\":6,\"purpose\":\"colo_void\"},{\"band\":{\"value\":[930,931],\"uom\":\"MHz\"},\"erp\":{\"value\":3500,\"uom\":\"W\"},\"standard\":7,\"purpose\":\"colo_void\"},{\"band\":{\"value\":[931,932],\"uom\":\"MHz\"},\"erp\":{\"value\":3500,\"uom\":\"W\"},\"standard\":8,\"purpose\":\"colo_void\"},{\"band\":{\"value\":[932,932.5],\"uom\":\"MHz\"},\"erp\":{\"value\":17,\"uom\":\"dBW\"},\"standard\":9,\"purpose\":\"colo_void\"},{\"band\":{\"value\":[935,940],\"uom\":\"MHz\"},\"erp\":{\"value\":1000,\"uom\":\"W\"},\"standard\":10,\"purpose\":\"colo_void\"},{\"band\":{\"value\":[940,941],\"uom\":\"MHz\"},\"erp\":{\"value\":3500,\"uom\":\"W\"},\"standard\":11,\"purpose\":\"colo_void\"},{\"band\":{\"value\":[1850,1910],\"uom\":\"MHz\"},\"erp\":{\"value\":1640,\"uom\":\"W\"},\"standard\":12,\"purpose\":\"colo_void\"},{\"band\":{\"value\":[1930,1990],\"uom\":\"MHz\"},\"erp\":{\"value\":1640,\"uom\":\"W\"},\"standard\":13,\"purpose\":\"colo_void\"},{\"band\":{\"value\":[2305,2310],\"uom\":\"MHz\"},\"erp\":{\"value\":2000,\"uom\":\"W\"},\"standard\":14,\"purpose\":\"colo_void\"},{\"band\":{\"value\":[2345,2360],\"uom\":\"MHz\"},\"erp\":{\"value\":2000,\"uom\":\"W\"},\"standard\":15,\"purpose\":\"colo_void\"},{\"band\":{\"value\":[698,806],\"uom\":\"MHz\"},\"erp\":{\"value\":1000,\"uom\":\"W\"},\"standard\":16,\"purpose\":\"colo_void\"},{\"band\":{\"value\":[6,7],\"uom\":\"GHz\"},\"erp\":{\"value\":42,\"uom\":\"dBW\"},\"standard\":76,\"purpose\":\"colo_void\"},{\"band\":{\"value\":[10,11.7],\"uom\":\"GHz\"},\"erp\":{\"value\":42,\"uom\":\"dBW\"},\"standard\":77,\"purpose\":\"colo_void\"},{\"band\":{\"value\":[17.7,19.7],\"uom\":\"GHz\"},\"erp\":{\"value\":42,\"uom\":\"dBW\"},\"standard\":78,\"purpose\":\"colo_void\"},{\"band\":{\"value\":[21.2,23.6],\"uom\":\"GHz\"},\"erp\":{\"value\":42,\"uom\":\"dBW\"},\"standard\":79,\"purpose\":\"colo_void\"},{\"band\":{\"value\":[806,901],\"uom\":\"MHz\"},\"erp\":{\"value\":500,\"uom\":\"W\"},\"standard\":80,\"purpose\":\"colo_void\"},{\"band\":{\"value\":[929,932],\"uom\":\"MHz\"},\"erp\":{\"value\":3500,\"uom\":\"W\"},\"standard\":81,\"purpose\":\"colo_void\"},{\"band\":{\"value\":[1670,1675],\"uom\":\"MHz\"},\"erp\":{\"value\":500,\"uom\":\"W\"},\"standard\":82,\"purpose\":\"colo_void\"},{\"band\":{\"value\":[1710,1755],\"uom\":\"MHz\"},\"erp\":{\"value\":500,\"uom\":\"W\"},\"standard\":83,\"purpose\":\"colo_void\"},{\"band\":{\"value\":[1850,1990],\"uom\":\"MHz\"},\"erp\":{\"value\":1640,\"uom\":\"W\"},\"standard\":84,\"purpose\":\"colo_void\"},{\"band\":{\"value\":[1990,2025],\"uom\":\"MHz\"},\"erp\":{\"value\":500,\"uom\":\"W\"},\"standard\":85,\"purpose\":\"colo_void\"},{\"band\":{\"value\":[2110,2200],\"uom\":\"MHz\"},\"erp\":{\"value\":500,\"uom\":\"W\"},\"standard\":86,\"purpose\":\"colo_void\"},{\"band\":{\"value\":[2305,2360],\"uom\":\"MHz\"},\"erp\":{\"value\":2000,\"uom\":\"W\"},\"standard\":87,\"purpose\":\"colo_void\"},{\"band\":{\"value\":[2496,2690],\"uom\":\"MHz\"},\"erp\":{\"value\":500,\"uom\":\"W\"},\"standard\":88,\"purpose\":\"colo_void\"},{\"band\":{\"value\":[6,7],\"uom\":\"GHz\"},\"erp\":{\"value\":55,\"uom\":\"dBW\"},\"standard\":89,\"purpose\":\"colo_void\"},{\"band\":{\"value\":[10,11.7],\"uom\":\"GHz\"},\"erp\":{\"value\":55,\"uom\":\"dBW\"},\"standard\":90,\"purpose\":\"colo_void\"},{\"band\":{\"value\":[17.7,19.7],\"uom\":\"GHz\"},\"erp\":{\"value\":55,\"uom\":\"dBW\"},\"standard\":91,\"purpose\":\"colo_void\"},{\"band\":{\"value\":[21.2,23.6],\"uom\":\"GHz\"},\"erp\":{\"value\":55,\"uom\":\"dBW\"},\"standard\":92,\"purpose\":\"colo_void\"},{\"band\":{\"value\":[614,698],\"uom\":\"MHz\"},\"erp\":{\"value\":1000,\"uom\":\"W\"},\"standard\":93,\"purpose\":\"data_entry\"},{\"band\":{\"value\":[614,698],\"uom\":\"MHz\"},\"erp\":{\"value\":2000,\"uom\":\"W\"},\"standard\":94,\"purpose\":\"data_entry\"},{\"band\":{\"value\":[14000,14500],\"uom\":\"MHz\"},\"erp\":{\"value\":7,\"uom\":\"kW\"},\"standard\":false}],\"overlaps\":[{\"recorded\":\"2025-03-27T19:23:23Z\",\"reason\":\"StarLink (SpaceX) Over-the-Counter antenna operating in the Ku-Band, 47 CFR Part 25\"}]}"
2025-AAL-129-NRA,,Determined - No Hazard,To Proponent,2025-02-18,2025-02-18,2025-04-01,,57.75555,-152.5125,4D,,,,KODIAK,Kodiak Island,150,AK,KODIAK,0,,Y,Request use of temporary crane. This 7460 will cover a pedestrian gate  fence replacement and installation of a network tower. The the network tower will be be approximately 55 feet above ground level. A crane will be used to set the tower and will be approximately 120 feet tall while setting the network tower.,,New Construction,Temporary,0,2,2025-05-01,2025-07-01,,,CRANE,,,120,55,,,175,QAP,Alaska DOT & PF,,
2025-AAL-129-OE,,Determined - No Hazard,No Hazard,2025-03-28,2025-03-28,2025-04-23,2026-10-23,59.41113889,-136.01161111,4D,None,,KLUKWAN AK 2.0,Haines,Haines,100,AK,HAINES,109769,304.1,,140 wireless communication tower with 4' lightning rod (144' max height) contained within a 50x50' fenced compound.,26769 Porcupine Rd  AK 99827  Haines Borough,New Construction,Permanent,,,,,,,TOWER$ANTENNA,144,,144,254,398,,398,Atlas Tower Group,"ATLAS TOWER 1, LLC",652026543-654823217,"{\"frequencies\":[{\"band\":{\"value\":[806,824],\"uom\":\"MHz\"},\"erp\":{\"value\":500,\"uom\":\"W\"},\"standard\":1,\"purpose\":\"colo_void\"},{\"band\":{\"value\":[824,849],\"uom\":\"MHz\"},\"erp\":{\"value\":500,\"uom\":\"W\"},\"standard\":2,\"purpose\":\"colo_void\"},{\"band\":{\"value\":[851,866],\"uom\":\"MHz\"},\"erp\":{\"value\":500,\"uom\":\"W\"},\"standard\":3,\"purpose\":\"colo_void\"},{\"band\":{\"value\":[869,894],\"uom\":\"MHz\"},\"erp\":{\"value\":500,\"uom\":\"W\"},\"standard\":4,\"purpose\":\"colo_void\"},{\"band\":{\"value\":[896,901],\"uom\":\"MHz\"},\"erp\":{\"value\":500,\"uom\":\"W\"},\"standard\":5,\"purpose\":\"colo_void\"},{\"band\":{\"value\":[901,902],\"uom\":\"MHz\"},\"erp\":{\"value\":7,\"uom\":\"W\"},\"standard\":6,\"purpose\":\"colo_void\"},{\"band\":{\"value\":[930,931],\"uom\":\"MHz\"},\"erp\":{\"value\":3500,\"uom\":\"W\"},\"standard\":7,\"purpose\":\"colo_void\"},{\"band\":{\"value\":[931,932],\"uom\":\"MHz\"},\"erp\":{\"value\":3500,\"uom\":\"W\"},\"standard\":8,\"purpose\":\"colo_void\"},{\"band\":{\"value\":[932,932.5],\"uom\":\"MHz\"},\"erp\":{\"value\":17,\"uom\":\"dBW\"},\"standard\":9,\"purpose\":\"colo_void\"},{\"band\":{\"value\":[935,940],\"uom\":\"MHz\"},\"erp\":{\"value\":1000,\"uom\":\"W\"},\"standard\":10,\"purpose\":\"colo_void\"},{\"band\":{\"value\":[940,941],\"uom\":\"MHz\"},\"erp\":{\"value\":3500,\"uom\":\"W\"},\"standard\":11,\"purpose\":\"colo_void\"},{\"band\":{\"value\":[1850,1910],\"uom\":\"MHz\"},\"erp\":{\"value\":1640,\"uom\":\"W\"},\"standard\":12,\"purpose\":\"colo_void\"},{\"band\":{\"value\":[1930,1990],\"uom\":\"MHz\"},\"erp\":{\"value\":1640,\"uom\":\"W\"},\"standard\":13,\"purpose\":\"colo_void\"},{\"band\":{\"value\":[2305,2310],\"uom\":\"MHz\"},\"erp\":{\"value\":2000,\"uom\":\"W\"},\"standard\":14,\"purpose\":\"colo_void\"},{\"band\":{\"value\":[2345,2360],\"uom\":\"MHz\"},\"erp\":{\"value\":2000,\"uom\":\"W\"},\"standard\":15,\"purpose\":\"colo_void\"},{\"band\":{\"value\":[698,806],\"uom\":\"MHz\"},\"erp\":{\"value\":1000,\"uom\":\"W\"},\"standard\":16,\"purpose\":\"colo_void\"},{\"band\":{\"value\":[6,7],\"uom\":\"GHz\"},\"erp\":{\"value\":42,\"uom\":\"dBW\"},\"standard\":76,\"purpose\":\"colo_void\"},{\"band\":{\"value\":[10,11.7],\"uom\":\"GHz\"},\"erp\":{\"value\":42,\"uom\":\"dBW\"},\"standard\":77,\"purpose\":\"colo_void\"},{\"band\":{\"value\":[17.7,19.7],\"uom\":\"GHz\"},\"erp\":{\"value\":42,\"uom\":\"dBW\"},\"standard\":78,\"purpose\":\"colo_void\"},{\"band\":{\"value\":[21.2,23.6],\"uom\":\"GHz\"},\"erp\":{\"value\":42,\"uom\":\"dBW\"},\"standard\":79,\"purpose\":\"colo_void\"},{\"band\":{\"value\":[806,901],\"uom\":\"MHz\"},\"erp\":{\"value\":500,\"uom\":\"W\"},\"standard\":80,\"purpose\":\"colo_void\"},{\"band\":{\"value\":[929,932],\"uom\":\"MHz\"},\"erp\":{\"value\":3500,\"uom\":\"W\"},\"standard\":81,\"purpose\":\"colo_void\"},{\"band\":{\"value\":[1670,1675],\"uom\":\"MHz\"},\"erp\":{\"value\":500,\"uom\":\"W\"},\"standard\":82,\"purpose\":\"colo_void\"},{\"band\":{\"value\":[1710,1755],\"uom\":\"MHz\"},\"erp\":{\"value\":500,\"uom\":\"W\"},\"standard\":83,\"purpose\":\"colo_void\"},{\"band\":{\"value\":[1850,1990],\"uom\":\"MHz\"},\"erp\":{\"value\":1640,\"uom\":\"W\"},\"standard\":84,\"purpose\":\"colo_void\"},{\"band\":{\"value\":[1990,2025],\"uom\":\"MHz\"},\"erp\":{\"value\":500,\"uom\":\"W\"},\"standard\":85,\"purpose\":\"colo_void\"},{\"band\":{\"value\":[2110,2200],\"uom\":\"MHz\"},\"erp\":{\"value\":500,\"uom\":\"W\"},\"standard\":86,\"purpose\":\"colo_void\"},{\"band\":{\"value\":[2305,2360],\"uom\":\"MHz\"},\"erp\":{\"value\":2000,\"uom\":\"W\"},\"standard\":87,\"purpose\":\"colo_void\"},{\"band\":{\"value\":[2496,2690],\"uom\":\"MHz\"},\"erp\":{\"value\":500,\"uom\":\"W\"},\"standard\":88,\"purpose\":\"colo_void\"},{\"band\":{\"value\":[6,7],\"uom\":\"GHz\"},\"erp\":{\"value\":55,\"uom\":\"dBW\"},\"standard\":89,\"purpose\":\"colo_void\"},{\"band\":{\"value\":[10,11.7],\"uom\":\"GHz\"},\"erp\":{\"value\":55,\"uom\":\"dBW\"},\"standard\":90,\"purpose\":\"colo_void\"},{\"band\":{\"value\":[17.7,19.7],\"uom\":\"GHz\"},\"erp\":{\"value\":55,\"uom\":\"dBW\"},\"standard\":91,\"purpose\":\"colo_void\"},{\"band\":{\"value\":[21.2,23.6],\"uom\":\"GHz\"},\"erp\":{\"value\":55,\"uom\":\"dBW\"},\"standard\":92,\"purpose\":\"colo_void\"},{\"band\":{\"value\":[614,698],\"uom\":\"MHz\"},\"erp\":{\"value\":1000,\"uom\":\"W\"},\"standard\":93,\"purpose\":\"data_entry\"},{\"band\":{\"value\":[614,698],\"uom\":\"MHz\"},\"erp\":{\"value\":2000,\"uom\":\"W\"},\"standard\":94,\"purpose\":\"data_entry\"}]}"
2025-AAL-130-NRA,,Determined - No Hazard,To Proponent,2025-02-18,2025-02-18,2025-04-01,,57.75536111,-152.51169444,4D,,,,KODIAK,Kodiak Island,150,AK,KODIAK,0,,Y,Request use of temporary crane. This 7460 will cover a pedestrian gate  fence replacement and installation of a network tower. The the network tower will be be approximately 55 feet above ground level. A crane will be used to set the tower and will be approximately 120 feet tall while setting the network tower.,,New Construction,Temporary,0,2,2025-05-01,2025-07-01,,,CRANE,,,120,55,,,175,QAP,Alaska DOT & PF,,
2025-AAL-130-OE,,Determined - No Hazard,No Hazard,2025-03-28,2025-03-29,2025-04-23,2026-10-23,62.68310556,-164.65773333,4D,None,,ATS-Alakanuk,Alakanuk,Kusilvak,158,AK,ALAKANUK,10833,89.9,,Applicant proposes to build a lattice self supported tower. The overall height of the structure to the tip is 65&amp;apos; AGL,Site is located in the Village of Alakanuk,New Construction,Permanent,,,2025-05-14,2025-06-06,,,TOWER,65,,65,10,75,,75,Alaska Tribal Spectrum,Alaska Tribal Spectrum,652101844-654823320,"{\"frequencies\":[{\"band\":{\"value\":[2496,2690],\"uom\":\"MHz\"},\"erp\":{\"value\":500,\"uom\":\"W\"},\"standard\":88,\"purpose\":\"colo_void\"}]}"
2025-AAL-131-NRA,,Determined - No Hazard,To Proponent,2025-02-18,2025-02-18,2025-04-01,,57.755075,-152.51193333,4D,,,,KODIAK,Kodiak Island,150,AK,KODIAK,0,,Y,Request use of temporary crane. This 7460 will cover a pedestrian gate  fence replacement and installation of a network tower. The the network tower will be be approximately 55 feet above ground level. A crane will be used to set the tower and will be approximately 120 feet tall while setting the network tower.,,New Construction,Temporary,0,2,2025-05-01,2025-07-01,,,CRANE,,,120,55,,,175,QAP,Alaska DOT & PF,,
2025-AAL-131-OE,,Determined - No Hazard,No Hazard,2025-03-28,2025-03-29,2025-04-23,2026-10-23,64.61599167,-162.26058889,4D,None,,ATS-Elim,Elim,Nome,180,AK,ELIM,1604,76.6,,Applicant proposes to build a lattice self supported tower. The overall height of the structure to the tip is 65&apos; AGL,Site is located in the Native Village of Alakanuk,New Construction,Permanent,,,2025-05-14,2025-06-06,,,TOWER,65,,65,35,100,,100,Alaska Tribal Spectrum,Alaska Tribal Spectrum,652101854-654823428,
2025-AAL-132-NRA,,Determined - No Hazard,To Proponent,2025-02-18,2025-02-18,2025-04-01,,57.75501389,-152.51168611,4D,,,,KODIAK,Kodiak Island,150,AK,KODIAK,0,,Y,Request use of temporary crane. This 7460 will cover a pedestrian gate  fence replacement and installation of a network tower. The the network tower will be be approximately 55 feet above ground level. A crane will be used to set the tower and will be approximately 120 feet tall while setting the network tower.,,New Construction,Temporary,0,2,2025-05-01,2025-07-01,,,CRANE,,,120,55,,,175,QAP,Alaska DOT & PF,,
2025-AAL-133-OE,,Determined - No Hazard,No Hazard,2025-04-01,2025-04-01,2025-05-16,2026-11-16,56.47423333,-132.35921944,4D,None,,Utility Building,Wrangell,Wrangell,275,AK,WRANGELL,4268,149.8,,Setting of a prefabricated 16'x24' building for food prep  storage  and bathroom.,.5 Mile Ishiyama Drive  Muskeg Meadows Golf Course  between current Driving Range and Clubhouse building.,New Construction,Permanent,,,2025-04-02,2025-06-01,,,BUILDING$COMMERCIAL,15,,15,81,96,,96,"Wrangell Golf Club, Inc","Wrangell Golf Club, Inc",652429014-659764594,
2025-AAL-134-NRA,,Determined - No Hazard,To Proponent,2025-02-19,2025-02-19,2025-04-01,,61.17305833,-149.98353333,4D,,,,ANCHORAGE,Anchorage,20,AK,TED STEVENS ANCHORAGE INTL,0,,Y,point represents the SE corner of the construction zone,,New Construction,Temporary,0,2,2025-03-01,2025-04-30,,,CONSTRUCTION$VEHICLE,,,75,88,,,163,"Consolidated Contracting and Engineering, LLC","Consolidated Contracting and Engineering, LLC",,
2025-AAL-134-OE,,Determined - No Hazard,No Hazard,2025-04-02,2025-04-02,2025-04-23,,60.19558333,-154.33043333,4D,None,,Port Alsworth 658,Port Alsworth,Lake and Peninsula,164,AK,WILDER RUNWAY,1711,231.8,,Re-filing as prior ASN was terminated.  Prior ASN 2011-AAL-280-OE,Within the town of Port Alsworth,Existing,Permanent,,,,,,1284792,TOWER$ANTENNA,66,,66,291,357,,357,GCI,Alaska Wireless Network,652531287-654823866,"{\"frequencies\":[{\"band\":{\"value\":[806,824],\"uom\":\"MHz\"},\"erp\":{\"value\":500,\"uom\":\"W\"},\"standard\":1,\"purpose\":\"colo_void\"},{\"band\":{\"value\":[824,849],\"uom\":\"MHz\"},\"erp\":{\"value\":500,\"uom\":\"W\"},\"standard\":2,\"purpose\":\"colo_void\"},{\"band\":{\"value\":[851,866],\"uom\":\"MHz\"},\"erp\":{\"value\":500,\"uom\":\"W\"},\"standard\":3,\"purpose\":\"colo_void\"},{\"band\":{\"value\":[869,894],\"uom\":\"MHz\"},\"erp\":{\"value\":500,\"uom\":\"W\"},\"standard\":4,\"purpose\":\"colo_void\"},{\"band\":{\"value\":[896,901],\"uom\":\"MHz\"},\"erp\":{\"value\":500,\"uom\":\"W\"},\"standard\":5,\"purpose\":\"colo_void\"},{\"band\":{\"value\":[901,902],\"uom\":\"MHz\"},\"erp\":{\"value\":7,\"uom\":\"W\"},\"standard\":6,\"purpose\":\"colo_void\"},{\"band\":{\"value\":[930,931],\"uom\":\"MHz\"},\"erp\":{\"value\":3500,\"uom\":\"W\"},\"standard\":7,\"purpose\":\"colo_void\"},{\"band\":{\"value\":[931,932],\"uom\":\"MHz\"},\"erp\":{\"value\":3500,\"uom\":\"W\"},\"standard\":8,\"purpose\":\"colo_void\"},{\"band\":{\"value\":[932,932.5],\"uom\":\"MHz\"},\"erp\":{\"value\":17,\"uom\":\"dBW\"},\"standard\":9,\"purpose\":\"colo_void\"},{\"band\":{\"value\":[935,940],\"uom\":\"MHz\"},\"erp\":{\"value\":1000,\"uom\":\"W\"},\"standard\":10,\"purpose\":\"colo_void\"},{\"band\":{\"value\":[940,941],\"uom\":\"MHz\"},\"erp\":{\"value\":3500,\"uom\":\"W\"},\"standard\":11,\"purpose\":\"colo_void\"},{\"band\":{\"value\":[1850,1910],\"uom\":\"MHz\"},\"erp\":{\"value\":1640,\"uom\":\"W\"},\"standard\":12,\"purpose\":\"colo_void\"},{\"band\":{\"value\":[1930,1990],\"uom\":\"MHz\"},\"erp\":{\"value\":1640,\"uom\":\"W\"},\"standard\":13,\"purpose\":\"colo_void\"},{\"band\":{\"value\":[2305,2310],\"uom\":\"MHz\"},\"erp\":{\"value\":2000,\"uom\":\"W\"},\"standard\":14,\"purpose\":\"colo_void\"},{\"band\":{\"value\":[2345,2360],\"uom\":\"MHz\"},\"erp\":{\"value\":2000,\"uom\":\"W\"},\"standard\":15,\"purpose\":\"colo_void\"},{\"band\":{\"value\":[698,806],\"uom\":\"MHz\"},\"erp\":{\"value\":1000,\"uom\":\"W\"},\"standard\":16,\"purpose\":\"colo_void\"},{\"band\":{\"value\":[6,7],\"uom\":\"GHz\"},\"erp\":{\"value\":42,\"uom\":\"dBW\"},\"standard\":76,\"purpose\":\"colo_void\"},{\"band\":{\"value\":[10,11.7],\"uom\":\"GHz\"},\"erp\":{\"value\":42,\"uom\":\"dBW\"},\"standard\":77,\"purpose\":\"colo_void\"},{\"band\":{\"value\":[17.7,19.7],\"uom\":\"GHz\"},\"erp\":{\"value\":42,\"uom\":\"dBW\"},\"standard\":78,\"purpose\":\"colo_void\"},{\"band\":{\"value\":[21.2,23.6],\"uom\":\"GHz\"},\"erp\":{\"value\":42,\"uom\":\"dBW\"},\"standard\":79,\"purpose\":\"colo_void\"},{\"band\":{\"value\":[806,901],\"uom\":\"MHz\"},\"erp\":{\"value\":500,\"uom\":\"W\"},\"standard\":80,\"purpose\":\"colo_void\"},{\"band\":{\"value\":[929,932],\"uom\":\"MHz\"},\"erp\":{\"value\":3500,\"uom\":\"W\"},\"standard\":81,\"purpose\":\"colo_void\"},{\"band\":{\"value\":[1670,1675],\"uom\":\"MHz\"},\"erp\":{\"value\":500,\"uom\":\"W\"},\"standard\":82,\"purpose\":\"colo_void\"},{\"band\":{\"value\":[1710,1755],\"uom\":\"MHz\"},\"erp\":{\"value\":500,\"uom\":\"W\"},\"standard\":83,\"purpose\":\"colo_void\"},{\"band\":{\"value\":[1850,1990],\"uom\":\"MHz\"},\"erp\":{\"value\":1640,\"uom\":\"W\"},\"standard\":84,\"purpose\":\"colo_void\"},{\"band\":{\"value\":[1990,2025],\"uom\":\"MHz\"},\"erp\":{\"value\":500,\"uom\":\"W\"},\"standard\":85,\"purpose\":\"colo_void\"},{\"band\":{\"value\":[2110,2200],\"uom\":\"MHz\"},\"erp\":{\"value\":500,\"uom\":\"W\"},\"standard\":86,\"purpose\":\"colo_void\"},{\"band\":{\"value\":[2305,2360],\"uom\":\"MHz\"},\"erp\":{\"value\":2000,\"uom\":\"W\"},\"standard\":87,\"purpose\":\"colo_void\"},{\"band\":{\"value\":[2496,2690],\"uom\":\"MHz\"},\"erp\":{\"value\":500,\"uom\":\"W\"},\"standard\":88,\"purpose\":\"colo_void\"},{\"band\":{\"value\":[6,7],\"uom\":\"GHz\"},\"erp\":{\"value\":55,\"uom\":\"dBW\"},\"standard\":89,\"purpose\":\"colo_void\"},{\"band\":{\"value\":[10,11.7],\"uom\":\"GHz\"},\"erp\":{\"value\":55,\"uom\":\"dBW\"},\"standard\":90,\"purpose\":\"colo_void\"},{\"band\":{\"value\":[17.7,19.7],\"uom\":\"GHz\"},\"erp\":{\"value\":55,\"uom\":\"dBW\"},\"standard\":91,\"purpose\":\"colo_void\"},{\"band\":{\"value\":[21.2,23.6],\"uom\":\"GHz\"},\"erp\":{\"value\":55,\"uom\":\"dBW\"},\"standard\":92,\"purpose\":\"colo_void\"},{\"band\":{\"value\":[614,698],\"uom\":\"MHz\"},\"erp\":{\"value\":1000,\"uom\":\"W\"},\"standard\":93,\"purpose\":\"data_entry\"},{\"band\":{\"value\":[614,698],\"uom\":\"MHz\"},\"erp\":{\"value\":2000,\"uom\":\"W\"},\"standard\":94,\"purpose\":\"data_entry\"}]}"
2025-AAL-135-NRA,,Determined - No Hazard,To Proponent,2025-02-19,2025-02-19,2025-04-01,,61.17322778,-149.98380556,4D,,,,ANCHORAGE,Anchorage,20,AK,TED STEVENS ANCHORAGE INTL,0,,Y,point represents the NE corner of the construction zone,,New Construction,Temporary,0,2,2025-03-01,2025-04-30,,,CONSTRUCTION$VEHICLE,,,75,88,,,163,"Consolidated Contracting and Engineering, LLC","Consolidated Contracting and Engineering, LLC",,
2025-AAL-135-OE,,Determined - No Hazard,No Hazard,2025-04-02,2025-04-02,2025-04-23,,62.64913889,-160.19497222,4D,None,,Anvik School 4712,Anvik,Yukon-Koyukuk,290,AK,ANVIK,1058,308.6,,The overall height of the proposed antenna will be 24 feet AGL.  The antenna will protrude above the rooftop by approximately 2 feet.  The building height at its highest point is 30 feet.,On the rooftop of the Anvik school,Existing,Permanent,,,,,,,BUILDING$SCHOOL,30,,30,254,284,,284,GCI,GCI Communication Corp,652603727-654824295,"{\"frequencies\":[{\"band\":{\"value\":[14000,14500],\"uom\":\"MHz\"},\"erp\":{\"value\":7,\"uom\":\"kW\"},\"standard\":false}],\"overlaps\":[{\"recorded\":\"2025-04-02T22:46:38Z\",\"reason\":\"StarLink (SpaceX) Over-the-Counter antenna operating in the Ku-Band, 47 CFR Part 25\"}]}"
2025-AAL-136-NRA,,Determined - No Hazard,To Proponent,2025-02-19,2025-02-19,2025-04-01,,61.17315278,-149.98434722,4D,,,,ANCHORAGE,Anchorage,20,AK,TED STEVENS ANCHORAGE INTL,0,,Y,point represents the NW corner of the construction zone,,New Construction,Temporary,0,2,2025-03-01,2025-04-30,,,CONSTRUCTION$VEHICLE,,,75,88,,,163,"Consolidated Contracting and Engineering, LLC","Consolidated Contracting and Engineering, LLC",,
2025-AAL-136-OE,,Determined - No Hazard,No Hazard,2025-04-02,2025-04-02,2025-04-23,,62.95336111,-155.59597222,4D,None,,McGrath School 4712,McGrath,Yukon-Koyukuk,290,AK,MC GRATH,1856,83.5,,The overall height of the proposed antenna will be 43 feet AGL.  The antenna will protrude above the rooftop by approximately 2 feet.  The building height at its highest point is 45 feet.,On the rooftop of the McGrath School,Existing,Permanent,,,,,,,BUILDING$SCHOOL,45,,45,332,377,,377,GCI,GCI Communication Corp,652605575-654824406,"{\"frequencies\":[{\"band\":{\"value\":[14000,14500],\"uom\":\"MHz\"},\"erp\":{\"value\":7,\"uom\":\"kW\"},\"standard\":false}],\"overlaps\":[{\"recorded\":\"2025-04-02T22:55:40Z\",\"reason\":\"StarLink (SpaceX) Over-the-Counter antenna operating in the Ku-Band, 47 CFR Part 25\"}]}"
2025-AAL-137-NRA,,Determined - No Hazard,To Proponent,2025-02-19,2025-02-19,2025-04-01,,61.17293889,-149.98403889,4D,,,,ANCHORAGE,Anchorage,20,AK,TED STEVENS ANCHORAGE INTL,0,,Y,point represents the NW corner of the construction zone,,New Construction,Temporary,0,2,2025-03-01,2025-04-30,,,CONSTRUCTION$VEHICLE,,,75,88,,,163,"Consolidated Contracting and Engineering, LLC","Consolidated Contracting and Engineering, LLC",,
2025-AAL-137-OE,,Determined - No Hazard,No Hazard,2025-04-02,2025-04-02,2025-05-16,2026-11-16,63.01358333,-154.37347222,4D,None,,SIDEMOUNT: Nikolai School 4724,Nikolai,Yukon-Koyukuk,290,AK,NIKOLAI,3090,233.9,,GCI proposes to mount  two (2) antennas  spanning approx. 10 feet total  with an overall height of 20 feet to the existing 26 foot building.  The antennas will protrude 1-2 feet above the rooftop but will not be higher than the highest peak of the rooftop.,On the rooftop of the Nikolai School,Existing,Permanent,,,,,,,BUILDING$SCHOOL,26,,26,427,453,,453,GCI,GCI Communication Corp,652608589-659764633,"{\"frequencies\":[{\"band\":{\"value\":[14000,14500],\"uom\":\"MHz\"},\"erp\":{\"value\":7,\"uom\":\"kW\"},\"standard\":false}],\"overlaps\":[{\"recorded\":\"2025-04-02T23:25:26Z\",\"reason\":\"StarLink (SpaceX) Over-the-Counter antenna operating in the Ku-Band, 47 CFR Part 25\"}]}"
2025-AAL-138-NRA,,Determined - No Hazard,To Proponent,2025-02-19,2025-02-19,2025-04-01,,61.17306389,-149.98400278,4D,,,,ANCHORAGE,Anchorage,20,AK,TED STEVENS ANCHORAGE INTL,0,,Y,"temporary crane for the removal and replacement of  Gate B4 Passenger Boarding Bridge at TSAIA.\r\n\r\nNote; Initial case submittal has a skewed coordinate set. Please use this case as the baseline",,New Construction,Temporary,0,2,2025-03-01,2025-04-30,,,CONSTRUCTION$VEHICLE,,,75,88,,,163,"Consolidated Contracting and Engineering, LLC","Consolidated Contracting and Engineering, LLC",,
2025-AAL-138-OE,,Determined - No Hazard,No Hazard,2025-04-02,2025-04-02,2025-05-16,2026-11-16,62.20083333,-159.76869444,4D,None,,SIDEMOUNT: Holy Cross School 4727,Holy Cross,Yukon-Koyukuk,290,AK,HOLY CROSS,4703,13.1,,The overall height of the proposed antenna will be 38 feet AGL.  The antenna will protrude above the rooftop by approximately 2 feet.  The building height at its highest point is 24 feet.,On the rooftop of the Holy cross School,Existing,Permanent,,,,,,,BUILDING$SCHOOL,38,,38,89,127,,127,GCI,GCI Communication Corp,652609620-659764741,"{\"frequencies\":[{\"band\":{\"value\":[14000,14500],\"uom\":\"MHz\"},\"erp\":{\"value\":7,\"uom\":\"kW\"},\"standard\":false}],\"overlaps\":[{\"recorded\":\"2025-04-02T23:36:48Z\",\"reason\":\"StarLink (SpaceX) Over-the-Counter antenna operating in the Ku-Band, 47 CFR Part 25\"}]}"
2025-AAL-139-OE,,Determined - No Hazard,No Hazard,2025-04-03,2025-04-03,2025-04-23,2026-10-23,60.11969444,-149.42744722,4D,Red lights and flags,,Brightwater,Seward,Kenai Peninsula,122,AK,SEWARD,4162,210.7,,Barge crane with 240' of boom to demolish and construction new cruise terminal dock.,Seward Cruise ship terminal  ~0.517 NM from nearest airport.,New Construction,Temporary,0,18,2025-05-01,2026-11-01,,,CRANE$BARGE,240,,240,0,240,,240,Turnagain Marine Construction,Turnagain Marine Construction,652699451-654772706,
2025-AAL-140-NRA,,Determined - No Hazard,To Proponent,2025-02-24,2025-02-24,2025-04-01,,57.05255603,-135.36583889,4D,,,,SITKA,Sitka,220,AK,SITKA ROCKY GUTIERREZ,0,,Y,"Request for use of temporary crane. Case represents center of work area for passenger boarding bridge at SIT.\r\nConstruction scope includes a temporary crane for the installation of a new passenger boarding bridge",,New Construction,Temporary,0,3,2025-05-01,2025-07-31,,,CRANE,,,75,26,,,101,"Consolidated Contracting and Engineering, LLC","Consolidated Contracting and Engineering, LLC",,
2025-AAL-140-OE,,Determined - No Hazard,No Hazard,2025-04-03,2025-04-03,2025-05-16,2026-11-16,66.25746667,-166.05964722,4D,None,,SIDEMOUNT: Shishmaref Clinic Rooftop 4707,Shishmaref,Nome,180,AK,SHISHMAREF,5246,56.6,,The overall height of the proposed antenna will be 17 feet AGL.  The antenna will protrude above the rooftop by approximately 19 feet.  The building height at its highest point is 24 feet.,On the rooftop of the Shishmaref Health Clinic,Existing,Permanent,,,,,,,BUILDING$COMMERCIAL,19,,19,12,31,,31,GCI,GCI Communication Corp,652753802-659769005,"{\"frequencies\":[{\"band\":{\"value\":[14000,14500],\"uom\":\"MHz\"},\"erp\":{\"value\":7,\"uom\":\"kW\"},\"standard\":false}],\"overlaps\":[{\"recorded\":\"2025-04-03T20:06:40Z\",\"reason\":\"StarLink (SpaceX) Over-the-Counter antenna operating in the Ku-Band, 47 CFR Part 25\"}]}"
2025-AAL-141-NRA,,Determined - No Hazard,To Proponent,2025-02-24,2025-02-24,2025-04-01,,57.05238611,-135.36597222,4D,,,,SITKA,Sitka,220,AK,SITKA ROCKY GUTIERREZ,0,,Y,"Request for use of temporary crane. Case represents NW corner work area for passenger boarding bridge at SIT.\r\nConstruction scope includes a temporary crane for the installation of a new passenger boarding bridge",,New Construction,Temporary,0,3,2025-05-01,2025-07-31,,,CRANE,,,75,26,,,101,"Consolidated Contracting and Engineering, LLC","Consolidated Contracting and Engineering, LLC",,
2025-AAL-142-NRA,,Determined - No Hazard,To Proponent,2025-02-24,2025-02-24,2025-04-01,,57.05223611,-135.36578889,4D,,,,SITKA,Sitka,220,AK,SITKA ROCKY GUTIERREZ,0,,Y,"Request for use of temporary crane. Case represents NE corner of work area for passenger boarding bridge at SIT.\r\nConstruction scope includes a temporary crane for the installation of a new passenger boarding bridge",,New Construction,Temporary,0,3,2025-05-01,2025-07-31,,,CRANE,,,75,26,,,101,"Consolidated Contracting and Engineering, LLC","Consolidated Contracting and Engineering, LLC",,
2025-AAL-142-OE,,Determined - No Hazard,No Hazard,2025-04-03,2025-04-03,2025-04-23,2026-10-23,65.757975,-168.951825,4D,None,,SIDEMOUNT: Diomede Clinic Rooftop 4705,Little Diomede,Nome,180,AK,WALES,138359,291.4,,The overall height of the proposed antenna will be 25 feet AGL.  The antenna will protrude above the rooftop by approximately 1-2 feet.  The building height at its highest point is 27 feet.,On the rooftop of the Little Diomede Health Clinic,Existing,Permanent,,,,,,,BUILDING$COMMERCIAL,27,,27,121,148,,148,GCI,GCI Communication Corp,652764746-654849085,"{\"frequencies\":[{\"band\":{\"value\":[14000,14500],\"uom\":\"MHz\"},\"erp\":{\"value\":7,\"uom\":\"kW\"},\"standard\":false}],\"overlaps\":[{\"recorded\":\"2025-04-03T20:58:51Z\",\"reason\":\"StarLink (SpaceX) Over-the-Counter antenna operating in the Ku-Band, 47 CFR Part 25\"}]}"
2025-AAL-143-NRA,,Determined - No Hazard,To Proponent,2025-02-24,2025-02-24,2025-04-01,,57.05242778,-135.36559167,4D,,,,SITKA,Sitka,220,AK,SITKA ROCKY GUTIERREZ,0,,Y,"Request for use of temporary crane. Case represents SE corner of work area for passenger boarding bridge at SIT.\r\nConstruction scope includes a temporary crane for the installation of a new passenger boarding bridge",,New Construction,Temporary,0,3,2025-05-01,2025-07-31,,,CRANE,,,75,26,,,101,"Consolidated Contracting and Engineering, LLC","Consolidated Contracting and Engineering, LLC",,
2025-AAL-143-OE,,Determined - No Hazard,No Hazard,2025-04-03,2025-04-03,2025-05-06,2026-11-06,60.12111111,-149.43006667,4D,Red lights and flags,,Grove RT890E 1H,Seward,Kenai Peninsula,122,AK,SEWARD,4018,220.4,,Hydraulic boom crane being used to erect a metal building,Seward Cruise Ship Terminal,New Construction,Temporary,0,18,2025-05-01,2026-11-01,,,CRANE$MOBILE,185,,185,25,210,,210,HPM Contracting,Robert Dodge,652766154-658505074,
2025-AAL-144-NRA,,Determined - No Hazard,To Proponent,2025-02-24,2025-02-24,2025-04-01,,57.05247222,-135.36618056,4D,,,,SITKA,Sitka,220,AK,SITKA ROCKY GUTIERREZ,0,,Y,"Request for use of temporary crane. Case represents SW corner of work area for passenger boarding bridge at SIT.\r\nConstruction scope includes a temporary crane for the installation of a new passenger boarding bridge",,New Construction,Temporary,0,3,2025-05-01,2025-07-31,,,CRANE,,,75,26,,,101,"Consolidated Contracting and Engineering, LLC","Consolidated Contracting and Engineering, LLC",,
2025-AAL-144-OE,,Determined - No Hazard,No Hazard,2025-04-03,2025-04-04,2025-04-22,2026-10-22,59.64008889,-151.52091389,4D,None,,Excavator,Homer,Kenai Peninsula,122,AK,HOMER,8440,256.3,,liner in the manhole and construct new below grade valve vault,sewer manhole west side of Beluga Lake causeway,New Construction,Temporary,14,0,2025-04-04,2025-04-14,,,CONSTRUCTION$VEHICLE,20,,20,20,40,,40,City of Homer,City of Homer,652795843-654723010,
2025-AAL-145-OE,,Determined - No Hazard,No Hazard,2025-04-04,2025-04-05,2025-05-16,2026-11-16,65.61298056,-168.08858333,4D,None,,SIDEMOUNT: Wales Clinic 4709,Wales,Nome,180,AK,WALES,3633,164.6,,The overall height of the proposed antenna will be 18 feet AGL.  The antenna will protrude above the rooftop by approximately 1-2 feet.  The building height at its highest point is 20 feet.,On the rooftop of the Wales Clinic,Existing,Permanent,,,,,,,BUILDING$COMMERCIAL,20,,20,12,32,,32,GCI,GCI Communication Corp,652891096-659769120,"{\"frequencies\":[{\"band\":{\"value\":[14000,14500],\"uom\":\"MHz\"},\"erp\":{\"value\":7,\"uom\":\"kW\"},\"standard\":false}],\"overlaps\":[{\"recorded\":\"2025-04-05T00:17:43Z\",\"reason\":\"StarLink (SpaceX) Over-the-Counter antenna operating in the Ku-Band, 47 CFR Part 25\"}]}"
2025-AAL-146-OE,,Determined - No Hazard,No Hazard,2025-04-07,2025-04-07,2025-05-16,2026-11-16,65.33535833,-166.49156944,4D,None,,SIDEMOUNT: Brevig Mission HC 4704,Brevig Mission,Nome,180,AK,BREVIG MISSION,4216,290.5,,The overall height of the proposed antenna will be 20 feet AGL.  The antenna will protrude above the rooftop by approximately 1-2 feet.  The building height at its highest point is 22 feet.,On the rooftop of the Brevig Mission Health Clinic,Existing,Permanent,,,,,,,BUILDING$COMMERCIAL,22,,22,21,43,,43,GCI,GCI Communication Corp,653013250-659769222,"{\"frequencies\":[{\"band\":{\"value\":[14000,14500],\"uom\":\"MHz\"},\"erp\":{\"value\":7,\"uom\":\"kW\"},\"standard\":false}],\"overlaps\":[{\"recorded\":\"2025-04-07T18:18:48Z\",\"reason\":\"StarLink (SpaceX) Over-the-Counter antenna operating in the Ku-Band, 47 CFR Part 25\"}]}"
2025-AAL-147-OE,2024-AAL-475-OE,Determined - No Hazard,No Hazard,2025-04-08,2025-04-08,2025-04-23,,55.20337222,-162.71218611,1A,None,,Cold Bay Rohn 65 G 515,Cold Bay,Aleutians East,13,AK,COLD BAY,2742,112.8,,Filing to add the 14000 - 14500 MHz frequency,Within the community of Cold Bay.  See attached 1A survey,Existing,Permanent,,,,,,1294922,TOWER$ANTENNA,75,,75,74,149,,149,GCI,Alaska Wireless Network,653151503-654824525,"{\"frequencies\":[{\"band\":{\"value\":[806,824],\"uom\":\"MHz\"},\"erp\":{\"value\":500,\"uom\":\"W\"},\"standard\":1,\"purpose\":\"colo_void\"},{\"band\":{\"value\":[824,849],\"uom\":\"MHz\"},\"erp\":{\"value\":500,\"uom\":\"W\"},\"standard\":2,\"purpose\":\"colo_void\"},{\"band\":{\"value\":[851,866],\"uom\":\"MHz\"},\"erp\":{\"value\":500,\"uom\":\"W\"},\"standard\":3,\"purpose\":\"colo_void\"},{\"band\":{\"value\":[869,894],\"uom\":\"MHz\"},\"erp\":{\"value\":500,\"uom\":\"W\"},\"standard\":4,\"purpose\":\"colo_void\"},{\"band\":{\"value\":[896,901],\"uom\":\"MHz\"},\"erp\":{\"value\":500,\"uom\":\"W\"},\"standard\":5,\"purpose\":\"colo_void\"},{\"band\":{\"value\":[901,902],\"uom\":\"MHz\"},\"erp\":{\"value\":7,\"uom\":\"W\"},\"standard\":6,\"purpose\":\"colo_void\"},{\"band\":{\"value\":[930,931],\"uom\":\"MHz\"},\"erp\":{\"value\":3500,\"uom\":\"W\"},\"standard\":7,\"purpose\":\"colo_void\"},{\"band\":{\"value\":[931,932],\"uom\":\"MHz\"},\"erp\":{\"value\":3500,\"uom\":\"W\"},\"standard\":8,\"purpose\":\"colo_void\"},{\"band\":{\"value\":[932,932.5],\"uom\":\"MHz\"},\"erp\":{\"value\":17,\"uom\":\"dBW\"},\"standard\":9,\"purpose\":\"colo_void\"},{\"band\":{\"value\":[935,940],\"uom\":\"MHz\"},\"erp\":{\"value\":1000,\"uom\":\"W\"},\"standard\":10,\"purpose\":\"colo_void\"},{\"band\":{\"value\":[940,941],\"uom\":\"MHz\"},\"erp\":{\"value\":3500,\"uom\":\"W\"},\"standard\":11,\"purpose\":\"colo_void\"},{\"band\":{\"value\":[1850,1910],\"uom\":\"MHz\"},\"erp\":{\"value\":1640,\"uom\":\"W\"},\"standard\":12,\"purpose\":\"colo_void\"},{\"band\":{\"value\":[1930,1990],\"uom\":\"MHz\"},\"erp\":{\"value\":1640,\"uom\":\"W\"},\"standard\":13,\"purpose\":\"colo_void\"},{\"band\":{\"value\":[2305,2310],\"uom\":\"MHz\"},\"erp\":{\"value\":2000,\"uom\":\"W\"},\"standard\":14,\"purpose\":\"colo_void\"},{\"band\":{\"value\":[2345,2360],\"uom\":\"MHz\"},\"erp\":{\"value\":2000,\"uom\":\"W\"},\"standard\":15,\"purpose\":\"colo_void\"},{\"band\":{\"value\":[698,806],\"uom\":\"MHz\"},\"erp\":{\"value\":1000,\"uom\":\"W\"},\"standard\":16,\"purpose\":\"colo_void\"},{\"band\":{\"value\":[6,7],\"uom\":\"GHz\"},\"erp\":{\"value\":42,\"uom\":\"dBW\"},\"standard\":76,\"purpose\":\"colo_void\"},{\"band\":{\"value\":[10,11.7],\"uom\":\"GHz\"},\"erp\":{\"value\":42,\"uom\":\"dBW\"},\"standard\":77,\"purpose\":\"colo_void\"},{\"band\":{\"value\":[17.7,19.7],\"uom\":\"GHz\"},\"erp\":{\"value\":42,\"uom\":\"dBW\"},\"standard\":78,\"purpose\":\"colo_void\"},{\"band\":{\"value\":[21.2,23.6],\"uom\":\"GHz\"},\"erp\":{\"value\":42,\"uom\":\"dBW\"},\"standard\":79,\"purpose\":\"colo_void\"},{\"band\":{\"value\":[806,901],\"uom\":\"MHz\"},\"erp\":{\"value\":500,\"uom\":\"W\"},\"standard\":80,\"purpose\":\"colo_void\"},{\"band\":{\"value\":[929,932],\"uom\":\"MHz\"},\"erp\":{\"value\":3500,\"uom\":\"W\"},\"standard\":81,\"purpose\":\"colo_void\"},{\"band\":{\"value\":[1670,1675],\"uom\":\"MHz\"},\"erp\":{\"value\":500,\"uom\":\"W\"},\"standard\":82,\"purpose\":\"colo_void\"},{\"band\":{\"value\":[1710,1755],\"uom\":\"MHz\"},\"erp\":{\"value\":500,\"uom\":\"W\"},\"standard\":83,\"purpose\":\"colo_void\"},{\"band\":{\"value\":[1850,1990],\"uom\":\"MHz\"},\"erp\":{\"value\":1640,\"uom\":\"W\"},\"standard\":84,\"purpose\":\"colo_void\"},{\"band\":{\"value\":[1990,2025],\"uom\":\"MHz\"},\"erp\":{\"value\":500,\"uom\":\"W\"},\"standard\":85,\"purpose\":\"colo_void\"},{\"band\":{\"value\":[2110,2200],\"uom\":\"MHz\"},\"erp\":{\"value\":500,\"uom\":\"W\"},\"standard\":86,\"purpose\":\"colo_void\"},{\"band\":{\"value\":[2305,2360],\"uom\":\"MHz\"},\"erp\":{\"value\":2000,\"uom\":\"W\"},\"standard\":87,\"purpose\":\"colo_void\"},{\"band\":{\"value\":[2496,2690],\"uom\":\"MHz\"},\"erp\":{\"value\":500,\"uom\":\"W\"},\"standard\":88,\"purpose\":\"colo_void\"},{\"band\":{\"value\":[6,7],\"uom\":\"GHz\"},\"erp\":{\"value\":55,\"uom\":\"dBW\"},\"standard\":89,\"purpose\":\"colo_void\"},{\"band\":{\"value\":[10,11.7],\"uom\":\"GHz\"},\"erp\":{\"value\":55,\"uom\":\"dBW\"},\"standard\":90,\"purpose\":\"colo_void\"},{\"band\":{\"value\":[17.7,19.7],\"uom\":\"GHz\"},\"erp\":{\"value\":55,\"uom\":\"dBW\"},\"standard\":91,\"purpose\":\"colo_void\"},{\"band\":{\"value\":[21.2,23.6],\"uom\":\"GHz\"},\"erp\":{\"value\":55,\"uom\":\"dBW\"},\"standard\":92,\"purpose\":\"colo_void\"},{\"band\":{\"value\":[614,698],\"uom\":\"MHz\"},\"erp\":{\"value\":1000,\"uom\":\"W\"},\"standard\":93,\"purpose\":\"data_entry\"},{\"band\":{\"value\":[614,698],\"uom\":\"MHz\"},\"erp\":{\"value\":2000,\"uom\":\"W\"},\"standard\":94,\"purpose\":\"data_entry\"},{\"band\":{\"value\":[2120,2130],\"uom\":\"MHz\"},\"erp\":{\"value\":62,\"uom\":\"dBm\"},\"standard\":false},{\"band\":{\"value\":[14000,14500],\"uom\":\"MHz\"},\"erp\":{\"value\":7,\"uom\":\"kW\"},\"standard\":false}],\"overlaps\":[{\"recorded\":\"2025-04-08T17:25:41Z\",\"reason\":\"StarLink (SpaceX) Over-the-Counter antenna operating in the Ku-Band, 47 CFR Part 25\"}]}"
2025-AAL-148-OE,2024-AAL-478-OE,Determined - No Hazard,No Hazard,2025-04-08,2025-04-08,2025-05-16,,64.73829167,-155.49006389,1A,None,,Ruby Secondary Yukon Tel 643,Ruby,Yukon-Koyukuk,290,AK,RUBY,5132,322.1,,"Re-filing with 1A coordinates and to add the 14000-14500 MHz frequency\r\nPer Notice Criteria Tool  filing is not required for this location",located near the Yukon Tel CO building in Ruby  AK,Existing,Permanent,,,,,,1274636,TOWER$ANTENNA,75,,75,248,323,,323,GCI,Alaska Wireless Network,653161659-659769318,"{\"frequencies\":[{\"band\":{\"value\":[806,824],\"uom\":\"MHz\"},\"erp\":{\"value\":500,\"uom\":\"W\"},\"standard\":1,\"purpose\":\"colo_void\"},{\"band\":{\"value\":[824,849],\"uom\":\"MHz\"},\"erp\":{\"value\":500,\"uom\":\"W\"},\"standard\":2,\"purpose\":\"colo_void\"},{\"band\":{\"value\":[851,866],\"uom\":\"MHz\"},\"erp\":{\"value\":500,\"uom\":\"W\"},\"standard\":3,\"purpose\":\"colo_void\"},{\"band\":{\"value\":[869,894],\"uom\":\"MHz\"},\"erp\":{\"value\":500,\"uom\":\"W\"},\"standard\":4,\"purpose\":\"colo_void\"},{\"band\":{\"value\":[896,901],\"uom\":\"MHz\"},\"erp\":{\"value\":500,\"uom\":\"W\"},\"standard\":5,\"purpose\":\"colo_void\"},{\"band\":{\"value\":[901,902],\"uom\":\"MHz\"},\"erp\":{\"value\":7,\"uom\":\"W\"},\"standard\":6,\"purpose\":\"colo_void\"},{\"band\":{\"value\":[930,931],\"uom\":\"MHz\"},\"erp\":{\"value\":3500,\"uom\":\"W\"},\"standard\":7,\"purpose\":\"colo_void\"},{\"band\":{\"value\":[931,932],\"uom\":\"MHz\"},\"erp\":{\"value\":3500,\"uom\":\"W\"},\"standard\":8,\"purpose\":\"colo_void\"},{\"band\":{\"value\":[932,932.5],\"uom\":\"MHz\"},\"erp\":{\"value\":17,\"uom\":\"dBW\"},\"standard\":9,\"purpose\":\"colo_void\"},{\"band\":{\"value\":[935,940],\"uom\":\"MHz\"},\"erp\":{\"value\":1000,\"uom\":\"W\"},\"standard\":10,\"purpose\":\"colo_void\"},{\"band\":{\"value\":[940,941],\"uom\":\"MHz\"},\"erp\":{\"value\":3500,\"uom\":\"W\"},\"standard\":11,\"purpose\":\"colo_void\"},{\"band\":{\"value\":[1850,1910],\"uom\":\"MHz\"},\"erp\":{\"value\":1640,\"uom\":\"W\"},\"standard\":12,\"purpose\":\"colo_void\"},{\"band\":{\"value\":[1930,1990],\"uom\":\"MHz\"},\"erp\":{\"value\":1640,\"uom\":\"W\"},\"standard\":13,\"purpose\":\"colo_void\"},{\"band\":{\"value\":[2305,2310],\"uom\":\"MHz\"},\"erp\":{\"value\":2000,\"uom\":\"W\"},\"standard\":14,\"purpose\":\"colo_void\"},{\"band\":{\"value\":[2345,2360],\"uom\":\"MHz\"},\"erp\":{\"value\":2000,\"uom\":\"W\"},\"standard\":15,\"purpose\":\"colo_void\"},{\"band\":{\"value\":[698,806],\"uom\":\"MHz\"},\"erp\":{\"value\":1000,\"uom\":\"W\"},\"standard\":16,\"purpose\":\"colo_void\"},{\"band\":{\"value\":[6,7],\"uom\":\"GHz\"},\"erp\":{\"value\":42,\"uom\":\"dBW\"},\"standard\":76,\"purpose\":\"colo_void\"},{\"band\":{\"value\":[10,11.7],\"uom\":\"GHz\"},\"erp\":{\"value\":42,\"uom\":\"dBW\"},\"standard\":77,\"purpose\":\"colo_void\"},{\"band\":{\"value\":[17.7,19.7],\"uom\":\"GHz\"},\"erp\":{\"value\":42,\"uom\":\"dBW\"},\"standard\":78,\"purpose\":\"colo_void\"},{\"band\":{\"value\":[21.2,23.6],\"uom\":\"GHz\"},\"erp\":{\"value\":42,\"uom\":\"dBW\"},\"standard\":79,\"purpose\":\"colo_void\"},{\"band\":{\"value\":[806,901],\"uom\":\"MHz\"},\"erp\":{\"value\":500,\"uom\":\"W\"},\"standard\":80,\"purpose\":\"colo_void\"},{\"band\":{\"value\":[929,932],\"uom\":\"MHz\"},\"erp\":{\"value\":3500,\"uom\":\"W\"},\"standard\":81,\"purpose\":\"colo_void\"},{\"band\":{\"value\":[1670,1675],\"uom\":\"MHz\"},\"erp\":{\"value\":500,\"uom\":\"W\"},\"standard\":82,\"purpose\":\"colo_void\"},{\"band\":{\"value\":[1710,1755],\"uom\":\"MHz\"},\"erp\":{\"value\":500,\"uom\":\"W\"},\"standard\":83,\"purpose\":\"colo_void\"},{\"band\":{\"value\":[1850,1990],\"uom\":\"MHz\"},\"erp\":{\"value\":1640,\"uom\":\"W\"},\"standard\":84,\"purpose\":\"colo_void\"},{\"band\":{\"value\":[1990,2025],\"uom\":\"MHz\"},\"erp\":{\"value\":500,\"uom\":\"W\"},\"standard\":85,\"purpose\":\"colo_void\"},{\"band\":{\"value\":[2110,2200],\"uom\":\"MHz\"},\"erp\":{\"value\":500,\"uom\":\"W\"},\"standard\":86,\"purpose\":\"colo_void\"},{\"band\":{\"value\":[2305,2360],\"uom\":\"MHz\"},\"erp\":{\"value\":2000,\"uom\":\"W\"},\"standard\":87,\"purpose\":\"colo_void\"},{\"band\":{\"value\":[2496,2690],\"uom\":\"MHz\"},\"erp\":{\"value\":500,\"uom\":\"W\"},\"standard\":88,\"purpose\":\"colo_void\"},{\"band\":{\"value\":[6,7],\"uom\":\"GHz\"},\"erp\":{\"value\":55,\"uom\":\"dBW\"},\"standard\":89,\"purpose\":\"colo_void\"},{\"band\":{\"value\":[10,11.7],\"uom\":\"GHz\"},\"erp\":{\"value\":55,\"uom\":\"dBW\"},\"standard\":90,\"purpose\":\"colo_void\"},{\"band\":{\"value\":[17.7,19.7],\"uom\":\"GHz\"},\"erp\":{\"value\":55,\"uom\":\"dBW\"},\"standard\":91,\"purpose\":\"colo_void\"},{\"band\":{\"value\":[21.2,23.6],\"uom\":\"GHz\"},\"erp\":{\"value\":55,\"uom\":\"dBW\"},\"standard\":92,\"purpose\":\"colo_void\"},{\"band\":{\"value\":[614,698],\"uom\":\"MHz\"},\"erp\":{\"value\":1000,\"uom\":\"W\"},\"standard\":93,\"purpose\":\"data_entry\"},{\"band\":{\"value\":[614,698],\"uom\":\"MHz\"},\"erp\":{\"value\":2000,\"uom\":\"W\"},\"standard\":94,\"purpose\":\"data_entry\"},{\"band\":{\"value\":[14000,14500],\"uom\":\"MHz\"},\"erp\":{\"value\":7,\"uom\":\"kW\"},\"standard\":false}],\"overlaps\":[{\"recorded\":\"2025-04-08T17:59:48Z\",\"reason\":\"StarLink (SpaceX) Over-the-Counter antenna operating in the Ku-Band, 47 CFR Part 25\"}]}"
2025-AAL-149-OE,2024-AAL-477-OE,Determined - No Hazard,No Hazard,2025-04-08,2025-04-08,2025-05-16,,65.14885556,-149.35224167,1A,None,,Minto Wireless Tower 324,Minto,Yukon-Koyukuk,290,AK,MINTO AL WRIGHT,2528,84.3,,Re-fileing with 1A survey and adding the 14000-14500 MHz frequency,On the Southwest corner of Lot 17  Block 5 Minto AK 99758,Existing,Permanent,,,,,,1293716,TOWER$ANTENNA,68,,68,434,502,,502,GCI,Alaska Wireless Network,653165878-659769418,"{\"frequencies\":[{\"band\":{\"value\":[806,824],\"uom\":\"MHz\"},\"erp\":{\"value\":500,\"uom\":\"W\"},\"standard\":1,\"purpose\":\"colo_void\"},{\"band\":{\"value\":[824,849],\"uom\":\"MHz\"},\"erp\":{\"value\":500,\"uom\":\"W\"},\"standard\":2,\"purpose\":\"colo_void\"},{\"band\":{\"value\":[851,866],\"uom\":\"MHz\"},\"erp\":{\"value\":500,\"uom\":\"W\"},\"standard\":3,\"purpose\":\"colo_void\"},{\"band\":{\"value\":[869,894],\"uom\":\"MHz\"},\"erp\":{\"value\":500,\"uom\":\"W\"},\"standard\":4,\"purpose\":\"colo_void\"},{\"band\":{\"value\":[896,901],\"uom\":\"MHz\"},\"erp\":{\"value\":500,\"uom\":\"W\"},\"standard\":5,\"purpose\":\"colo_void\"},{\"band\":{\"value\":[901,902],\"uom\":\"MHz\"},\"erp\":{\"value\":7,\"uom\":\"W\"},\"standard\":6,\"purpose\":\"colo_void\"},{\"band\":{\"value\":[930,931],\"uom\":\"MHz\"},\"erp\":{\"value\":3500,\"uom\":\"W\"},\"standard\":7,\"purpose\":\"colo_void\"},{\"band\":{\"value\":[931,932],\"uom\":\"MHz\"},\"erp\":{\"value\":3500,\"uom\":\"W\"},\"standard\":8,\"purpose\":\"colo_void\"},{\"band\":{\"value\":[932,932.5],\"uom\":\"MHz\"},\"erp\":{\"value\":17,\"uom\":\"dBW\"},\"standard\":9,\"purpose\":\"colo_void\"},{\"band\":{\"value\":[935,940],\"uom\":\"MHz\"},\"erp\":{\"value\":1000,\"uom\":\"W\"},\"standard\":10,\"purpose\":\"colo_void\"},{\"band\":{\"value\":[940,941],\"uom\":\"MHz\"},\"erp\":{\"value\":3500,\"uom\":\"W\"},\"standard\":11,\"purpose\":\"colo_void\"},{\"band\":{\"value\":[1850,1910],\"uom\":\"MHz\"},\"erp\":{\"value\":1640,\"uom\":\"W\"},\"standard\":12,\"purpose\":\"colo_void\"},{\"band\":{\"value\":[1930,1990],\"uom\":\"MHz\"},\"erp\":{\"value\":1640,\"uom\":\"W\"},\"standard\":13,\"purpose\":\"colo_void\"},{\"band\":{\"value\":[2305,2310],\"uom\":\"MHz\"},\"erp\":{\"value\":2000,\"uom\":\"W\"},\"standard\":14,\"purpose\":\"colo_void\"},{\"band\":{\"value\":[2345,2360],\"uom\":\"MHz\"},\"erp\":{\"value\":2000,\"uom\":\"W\"},\"standard\":15,\"purpose\":\"colo_void\"},{\"band\":{\"value\":[698,806],\"uom\":\"MHz\"},\"erp\":{\"value\":1000,\"uom\":\"W\"},\"standard\":16,\"purpose\":\"colo_void\"},{\"band\":{\"value\":[6,7],\"uom\":\"GHz\"},\"erp\":{\"value\":42,\"uom\":\"dBW\"},\"standard\":76,\"purpose\":\"colo_void\"},{\"band\":{\"value\":[10,11.7],\"uom\":\"GHz\"},\"erp\":{\"value\":42,\"uom\":\"dBW\"},\"standard\":77,\"purpose\":\"colo_void\"},{\"band\":{\"value\":[17.7,19.7],\"uom\":\"GHz\"},\"erp\":{\"value\":42,\"uom\":\"dBW\"},\"standard\":78,\"purpose\":\"colo_void\"},{\"band\":{\"value\":[21.2,23.6],\"uom\":\"GHz\"},\"erp\":{\"value\":42,\"uom\":\"dBW\"},\"standard\":79,\"purpose\":\"colo_void\"},{\"band\":{\"value\":[806,901],\"uom\":\"MHz\"},\"erp\":{\"value\":500,\"uom\":\"W\"},\"standard\":80,\"purpose\":\"colo_void\"},{\"band\":{\"value\":[929,932],\"uom\":\"MHz\"},\"erp\":{\"value\":3500,\"uom\":\"W\"},\"standard\":81,\"purpose\":\"colo_void\"},{\"band\":{\"value\":[1670,1675],\"uom\":\"MHz\"},\"erp\":{\"value\":500,\"uom\":\"W\"},\"standard\":82,\"purpose\":\"colo_void\"},{\"band\":{\"value\":[1710,1755],\"uom\":\"MHz\"},\"erp\":{\"value\":500,\"uom\":\"W\"},\"standard\":83,\"purpose\":\"colo_void\"},{\"band\":{\"value\":[1850,1990],\"uom\":\"MHz\"},\"erp\":{\"value\":1640,\"uom\":\"W\"},\"standard\":84,\"purpose\":\"colo_void\"},{\"band\":{\"value\":[1990,2025],\"uom\":\"MHz\"},\"erp\":{\"value\":500,\"uom\":\"W\"},\"standard\":85,\"purpose\":\"colo_void\"},{\"band\":{\"value\":[2110,2200],\"uom\":\"MHz\"},\"erp\":{\"value\":500,\"uom\":\"W\"},\"standard\":86,\"purpose\":\"colo_void\"},{\"band\":{\"value\":[2305,2360],\"uom\":\"MHz\"},\"erp\":{\"value\":2000,\"uom\":\"W\"},\"standard\":87,\"purpose\":\"colo_void\"},{\"band\":{\"value\":[2496,2690],\"uom\":\"MHz\"},\"erp\":{\"value\":500,\"uom\":\"W\"},\"standard\":88,\"purpose\":\"colo_void\"},{\"band\":{\"value\":[6,7],\"uom\":\"GHz\"},\"erp\":{\"value\":55,\"uom\":\"dBW\"},\"standard\":89,\"purpose\":\"colo_void\"},{\"band\":{\"value\":[10,11.7],\"uom\":\"GHz\"},\"erp\":{\"value\":55,\"uom\":\"dBW\"},\"standard\":90,\"purpose\":\"colo_void\"},{\"band\":{\"value\":[17.7,19.7],\"uom\":\"GHz\"},\"erp\":{\"value\":55,\"uom\":\"dBW\"},\"standard\":91,\"purpose\":\"colo_void\"},{\"band\":{\"value\":[21.2,23.6],\"uom\":\"GHz\"},\"erp\":{\"value\":55,\"uom\":\"dBW\"},\"standard\":92,\"purpose\":\"colo_void\"},{\"band\":{\"value\":[614,698],\"uom\":\"MHz\"},\"erp\":{\"value\":1000,\"uom\":\"W\"},\"standard\":93,\"purpose\":\"data_entry\"},{\"band\":{\"value\":[614,698],\"uom\":\"MHz\"},\"erp\":{\"value\":2000,\"uom\":\"W\"},\"standard\":94,\"purpose\":\"data_entry\"},{\"band\":{\"value\":[2120,2130],\"uom\":\"MHz\"},\"erp\":{\"value\":62,\"uom\":\"dBm\"},\"standard\":false},{\"band\":{\"value\":[14000,14500],\"uom\":\"MHz\"},\"erp\":{\"value\":7,\"uom\":\"kW\"},\"standard\":false}],\"overlaps\":[{\"recorded\":\"2025-04-08T18:28:57Z\",\"reason\":\"StarLink (SpaceX) Over-the-Counter antenna operating in the Ku-Band, 47 CFR Part 25\"}]}"
2025-AAL-150-NRA,,Determined - No Hazard,To Proponent,2025-02-25,2025-02-25,2025-04-01,,56.30994444,-158.53847222,4D,,,,CHIGNIK LAGOON,Lake and Peninsula,164,AK,CHIGNIK LAGOON,0,,Y,Request for use of temporary equipment. Unicom proposes to install an underground fiber optic cable and associated underground infrastructure  including overhead fiber routing on existing 37 ft AGL utility poles on and along airport ROW property. The extended height of the mobile construction equipment will be 30 ft AGL. Please see attached figure and POI description table.,,New Construction,Temporary,0,4,2025-05-05,2025-09-05,,,CONSTRUCTION$VEHICLE,,,30,71,,,101,GCI,"Unicom, Inc.",,
2025-AAL-151-NRA,,Determined - No Hazard,To Proponent,2025-02-25,2025-02-25,2025-04-01,,56.31275,-158.53025,4D,,,,CHIGNIK LAGOON,Lake and Peninsula,164,AK,CHIGNIK LAGOON,0,,Y,Request for use of temporary equipment. Unicom proposes to install an underground fiber optic cable and associated underground infrastructure  including overhead fiber routing on existing 37 ft AGL utility poles on and along airport ROW property. The extended height of the mobile construction equipment will be 30 ft AGL. Please see attached figure and POI description table.,,New Construction,Temporary,0,4,2025-05-05,2025-09-05,,,CONSTRUCTION$VEHICLE,,,30,73,,,103,GCI,"Unicom, Inc.",,
2025-AAL-151-OE,2014-AAL-73-OE,Determined - No Hazard,No Hazard,2025-04-08,2025-04-08,2025-05-20,,60.861175,-146.67641667,1A,,,Tatitlek Wireless 546,Tatitlek,Valdez-Cordova,261,AK,TATITLEK,4870,147.3,,Re-filing with 1A survey and to add the 600 & 14000-14500 MHz frequency,within community Tatitlek  see attached 1A survey,Existing,Permanent,,,,,,1294919,TOWER$ANTENNA,75,,75,35,110,,110,GCI,Alaska Wireless Network,653171408-660061752,"{\"frequencies\":[{\"band\":{\"value\":[806,824],\"uom\":\"MHz\"},\"erp\":{\"value\":500,\"uom\":\"W\"},\"standard\":1,\"purpose\":\"colo_void\"},{\"band\":{\"value\":[824,849],\"uom\":\"MHz\"},\"erp\":{\"value\":500,\"uom\":\"W\"},\"standard\":2,\"purpose\":\"colo_void\"},{\"band\":{\"value\":[851,866],\"uom\":\"MHz\"},\"erp\":{\"value\":500,\"uom\":\"W\"},\"standard\":3,\"purpose\":\"colo_void\"},{\"band\":{\"value\":[869,894],\"uom\":\"MHz\"},\"erp\":{\"value\":500,\"uom\":\"W\"},\"standard\":4,\"purpose\":\"colo_void\"},{\"band\":{\"value\":[896,901],\"uom\":\"MHz\"},\"erp\":{\"value\":500,\"uom\":\"W\"},\"standard\":5,\"purpose\":\"colo_void\"},{\"band\":{\"value\":[901,902],\"uom\":\"MHz\"},\"erp\":{\"value\":7,\"uom\":\"W\"},\"standard\":6,\"purpose\":\"colo_void\"},{\"band\":{\"value\":[930,931],\"uom\":\"MHz\"},\"erp\":{\"value\":3500,\"uom\":\"W\"},\"standard\":7,\"purpose\":\"colo_void\"},{\"band\":{\"value\":[931,932],\"uom\":\"MHz\"},\"erp\":{\"value\":3500,\"uom\":\"W\"},\"standard\":8,\"purpose\":\"colo_void\"},{\"band\":{\"value\":[932,932.5],\"uom\":\"MHz\"},\"erp\":{\"value\":17,\"uom\":\"dBW\"},\"standard\":9,\"purpose\":\"colo_void\"},{\"band\":{\"value\":[935,940],\"uom\":\"MHz\"},\"erp\":{\"value\":1000,\"uom\":\"W\"},\"standard\":10,\"purpose\":\"colo_void\"},{\"band\":{\"value\":[940,941],\"uom\":\"MHz\"},\"erp\":{\"value\":3500,\"uom\":\"W\"},\"standard\":11,\"purpose\":\"colo_void\"},{\"band\":{\"value\":[1850,1910],\"uom\":\"MHz\"},\"erp\":{\"value\":1640,\"uom\":\"W\"},\"standard\":12,\"purpose\":\"colo_void\"},{\"band\":{\"value\":[1930,1990],\"uom\":\"MHz\"},\"erp\":{\"value\":1640,\"uom\":\"W\"},\"standard\":13,\"purpose\":\"colo_void\"},{\"band\":{\"value\":[2305,2310],\"uom\":\"MHz\"},\"erp\":{\"value\":2000,\"uom\":\"W\"},\"standard\":14,\"purpose\":\"colo_void\"},{\"band\":{\"value\":[2345,2360],\"uom\":\"MHz\"},\"erp\":{\"value\":2000,\"uom\":\"W\"},\"standard\":15,\"purpose\":\"colo_void\"},{\"band\":{\"value\":[698,806],\"uom\":\"MHz\"},\"erp\":{\"value\":1000,\"uom\":\"W\"},\"standard\":16,\"purpose\":\"colo_void\"},{\"band\":{\"value\":[6,7],\"uom\":\"GHz\"},\"erp\":{\"value\":42,\"uom\":\"dBW\"},\"standard\":76,\"purpose\":\"colo_void\"},{\"band\":{\"value\":[10,11.7],\"uom\":\"GHz\"},\"erp\":{\"value\":42,\"uom\":\"dBW\"},\"standard\":77,\"purpose\":\"colo_void\"},{\"band\":{\"value\":[17.7,19.7],\"uom\":\"GHz\"},\"erp\":{\"value\":42,\"uom\":\"dBW\"},\"standard\":78,\"purpose\":\"colo_void\"},{\"band\":{\"value\":[21.2,23.6],\"uom\":\"GHz\"},\"erp\":{\"value\":42,\"uom\":\"dBW\"},\"standard\":79,\"purpose\":\"colo_void\"},{\"band\":{\"value\":[806,901],\"uom\":\"MHz\"},\"erp\":{\"value\":500,\"uom\":\"W\"},\"standard\":80,\"purpose\":\"colo_void\"},{\"band\":{\"value\":[929,932],\"uom\":\"MHz\"},\"erp\":{\"value\":3500,\"uom\":\"W\"},\"standard\":81,\"purpose\":\"colo_void\"},{\"band\":{\"value\":[1670,1675],\"uom\":\"MHz\"},\"erp\":{\"value\":500,\"uom\":\"W\"},\"standard\":82,\"purpose\":\"colo_void\"},{\"band\":{\"value\":[1710,1755],\"uom\":\"MHz\"},\"erp\":{\"value\":500,\"uom\":\"W\"},\"standard\":83,\"purpose\":\"colo_void\"},{\"band\":{\"value\":[1850,1990],\"uom\":\"MHz\"},\"erp\":{\"value\":1640,\"uom\":\"W\"},\"standard\":84,\"purpose\":\"colo_void\"},{\"band\":{\"value\":[1990,2025],\"uom\":\"MHz\"},\"erp\":{\"value\":500,\"uom\":\"W\"},\"standard\":85,\"purpose\":\"colo_void\"},{\"band\":{\"value\":[2110,2200],\"uom\":\"MHz\"},\"erp\":{\"value\":500,\"uom\":\"W\"},\"standard\":86,\"purpose\":\"colo_void\"},{\"band\":{\"value\":[2305,2360],\"uom\":\"MHz\"},\"erp\":{\"value\":2000,\"uom\":\"W\"},\"standard\":87,\"purpose\":\"colo_void\"},{\"band\":{\"value\":[2496,2690],\"uom\":\"MHz\"},\"erp\":{\"value\":500,\"uom\":\"W\"},\"standard\":88,\"purpose\":\"colo_void\"},{\"band\":{\"value\":[6,7],\"uom\":\"GHz\"},\"erp\":{\"value\":55,\"uom\":\"dBW\"},\"standard\":89,\"purpose\":\"colo_void\"},{\"band\":{\"value\":[10,11.7],\"uom\":\"GHz\"},\"erp\":{\"value\":55,\"uom\":\"dBW\"},\"standard\":90,\"purpose\":\"colo_void\"},{\"band\":{\"value\":[17.7,19.7],\"uom\":\"GHz\"},\"erp\":{\"value\":55,\"uom\":\"dBW\"},\"standard\":91,\"purpose\":\"colo_void\"},{\"band\":{\"value\":[21.2,23.6],\"uom\":\"GHz\"},\"erp\":{\"value\":55,\"uom\":\"dBW\"},\"standard\":92,\"purpose\":\"colo_void\"},{\"band\":{\"value\":[614,698],\"uom\":\"MHz\"},\"erp\":{\"value\":1000,\"uom\":\"W\"},\"standard\":93,\"purpose\":\"data_entry\"},{\"band\":{\"value\":[614,698],\"uom\":\"MHz\"},\"erp\":{\"value\":2000,\"uom\":\"W\"},\"standard\":94,\"purpose\":\"data_entry\"},{\"band\":{\"value\":[2120,2130],\"uom\":\"MHz\"},\"erp\":{\"value\":62,\"uom\":\"dBm\"},\"standard\":false},{\"band\":{\"value\":[14000,14500],\"uom\":\"MHz\"},\"erp\":{\"value\":7,\"uom\":\"kW\"},\"standard\":false}],\"overlaps\":[{\"recorded\":\"2025-04-08T19:00:39Z\",\"reason\":\"StarLink (SpaceX) Over-the-Counter antenna operating in the Ku-Band, 47 CFR Part 25\"}]}"
2025-AAL-152-NRA,,Determined - No Hazard,To Proponent,2025-02-25,2025-02-25,2025-04-01,,56.31261111,-158.52958333,4D,,,,CHIGNIK LAGOON,Lake and Peninsula,164,AK,CHIGNIK LAGOON,0,,Y,Request for use of temporary equipment. Unicom proposes to install an underground fiber optic cable and associated underground infrastructure  including overhead fiber routing on existing 37 ft AGL utility poles on and along airport ROW property. The extended height of the mobile construction equipment will be 30 ft AGL. Please see attached figure and POI description table.,,New Construction,Temporary,0,4,2025-05-05,2025-09-05,,,CONSTRUCTION$VEHICLE,,,30,63,,,93,GCI,"Unicom, Inc.",,
2025-AAL-152-OE,2024-AAL-476-OE,Determined - No Hazard,No Hazard,2025-04-08,2025-04-08,2025-04-23,,62.93253611,-143.79508889,1A,None,,Mentasta Rohn 65 G 642,Mentasta,Valdez-Cordova,261,AK,TANACROSS,178918,205.7,,re-filing with 1A Survey.  Adding 600 & 14000-14500 MHz Frequency.  Per FAA Notice Criteria tool  filing not required,GCI Mentasta Lake ES  see attached 1A survey,Existing,Permanent,,,,,,1267963,TOWER$ANTENNA,76,,76,2298,2374,,2374,GCI,Alaska Wireless Network,653174666-654824638,"{\"frequencies\":[{\"band\":{\"value\":[806,824],\"uom\":\"MHz\"},\"erp\":{\"value\":500,\"uom\":\"W\"},\"standard\":1,\"purpose\":\"colo_void\"},{\"band\":{\"value\":[824,849],\"uom\":\"MHz\"},\"erp\":{\"value\":500,\"uom\":\"W\"},\"standard\":2,\"purpose\":\"colo_void\"},{\"band\":{\"value\":[851,866],\"uom\":\"MHz\"},\"erp\":{\"value\":500,\"uom\":\"W\"},\"standard\":3,\"purpose\":\"colo_void\"},{\"band\":{\"value\":[869,894],\"uom\":\"MHz\"},\"erp\":{\"value\":500,\"uom\":\"W\"},\"standard\":4,\"purpose\":\"colo_void\"},{\"band\":{\"value\":[896,901],\"uom\":\"MHz\"},\"erp\":{\"value\":500,\"uom\":\"W\"},\"standard\":5,\"purpose\":\"colo_void\"},{\"band\":{\"value\":[901,902],\"uom\":\"MHz\"},\"erp\":{\"value\":7,\"uom\":\"W\"},\"standard\":6,\"purpose\":\"colo_void\"},{\"band\":{\"value\":[930,931],\"uom\":\"MHz\"},\"erp\":{\"value\":3500,\"uom\":\"W\"},\"standard\":7,\"purpose\":\"colo_void\"},{\"band\":{\"value\":[931,932],\"uom\":\"MHz\"},\"erp\":{\"value\":3500,\"uom\":\"W\"},\"standard\":8,\"purpose\":\"colo_void\"},{\"band\":{\"value\":[932,932.5],\"uom\":\"MHz\"},\"erp\":{\"value\":17,\"uom\":\"dBW\"},\"standard\":9,\"purpose\":\"colo_void\"},{\"band\":{\"value\":[935,940],\"uom\":\"MHz\"},\"erp\":{\"value\":1000,\"uom\":\"W\"},\"standard\":10,\"purpose\":\"colo_void\"},{\"band\":{\"value\":[940,941],\"uom\":\"MHz\"},\"erp\":{\"value\":3500,\"uom\":\"W\"},\"standard\":11,\"purpose\":\"colo_void\"},{\"band\":{\"value\":[1850,1910],\"uom\":\"MHz\"},\"erp\":{\"value\":1640,\"uom\":\"W\"},\"standard\":12,\"purpose\":\"colo_void\"},{\"band\":{\"value\":[1930,1990],\"uom\":\"MHz\"},\"erp\":{\"value\":1640,\"uom\":\"W\"},\"standard\":13,\"purpose\":\"colo_void\"},{\"band\":{\"value\":[2305,2310],\"uom\":\"MHz\"},\"erp\":{\"value\":2000,\"uom\":\"W\"},\"standard\":14,\"purpose\":\"colo_void\"},{\"band\":{\"value\":[2345,2360],\"uom\":\"MHz\"},\"erp\":{\"value\":2000,\"uom\":\"W\"},\"standard\":15,\"purpose\":\"colo_void\"},{\"band\":{\"value\":[698,806],\"uom\":\"MHz\"},\"erp\":{\"value\":1000,\"uom\":\"W\"},\"standard\":16,\"purpose\":\"colo_void\"},{\"band\":{\"value\":[6,7],\"uom\":\"GHz\"},\"erp\":{\"value\":42,\"uom\":\"dBW\"},\"standard\":76,\"purpose\":\"colo_void\"},{\"band\":{\"value\":[10,11.7],\"uom\":\"GHz\"},\"erp\":{\"value\":42,\"uom\":\"dBW\"},\"standard\":77,\"purpose\":\"colo_void\"},{\"band\":{\"value\":[17.7,19.7],\"uom\":\"GHz\"},\"erp\":{\"value\":42,\"uom\":\"dBW\"},\"standard\":78,\"purpose\":\"colo_void\"},{\"band\":{\"value\":[21.2,23.6],\"uom\":\"GHz\"},\"erp\":{\"value\":42,\"uom\":\"dBW\"},\"standard\":79,\"purpose\":\"colo_void\"},{\"band\":{\"value\":[806,901],\"uom\":\"MHz\"},\"erp\":{\"value\":500,\"uom\":\"W\"},\"standard\":80,\"purpose\":\"colo_void\"},{\"band\":{\"value\":[929,932],\"uom\":\"MHz\"},\"erp\":{\"value\":3500,\"uom\":\"W\"},\"standard\":81,\"purpose\":\"colo_void\"},{\"band\":{\"value\":[1670,1675],\"uom\":\"MHz\"},\"erp\":{\"value\":500,\"uom\":\"W\"},\"standard\":82,\"purpose\":\"colo_void\"},{\"band\":{\"value\":[1710,1755],\"uom\":\"MHz\"},\"erp\":{\"value\":500,\"uom\":\"W\"},\"standard\":83,\"purpose\":\"colo_void\"},{\"band\":{\"value\":[1850,1990],\"uom\":\"MHz\"},\"erp\":{\"value\":1640,\"uom\":\"W\"},\"standard\":84,\"purpose\":\"colo_void\"},{\"band\":{\"value\":[1990,2025],\"uom\":\"MHz\"},\"erp\":{\"value\":500,\"uom\":\"W\"},\"standard\":85,\"purpose\":\"colo_void\"},{\"band\":{\"value\":[2110,2200],\"uom\":\"MHz\"},\"erp\":{\"value\":500,\"uom\":\"W\"},\"standard\":86,\"purpose\":\"colo_void\"},{\"band\":{\"value\":[2305,2360],\"uom\":\"MHz\"},\"erp\":{\"value\":2000,\"uom\":\"W\"},\"standard\":87,\"purpose\":\"colo_void\"},{\"band\":{\"value\":[2496,2690],\"uom\":\"MHz\"},\"erp\":{\"value\":500,\"uom\":\"W\"},\"standard\":88,\"purpose\":\"colo_void\"},{\"band\":{\"value\":[6,7],\"uom\":\"GHz\"},\"erp\":{\"value\":55,\"uom\":\"dBW\"},\"standard\":89,\"purpose\":\"colo_void\"},{\"band\":{\"value\":[10,11.7],\"uom\":\"GHz\"},\"erp\":{\"value\":55,\"uom\":\"dBW\"},\"standard\":90,\"purpose\":\"colo_void\"},{\"band\":{\"value\":[17.7,19.7],\"uom\":\"GHz\"},\"erp\":{\"value\":55,\"uom\":\"dBW\"},\"standard\":91,\"purpose\":\"colo_void\"},{\"band\":{\"value\":[21.2,23.6],\"uom\":\"GHz\"},\"erp\":{\"value\":55,\"uom\":\"dBW\"},\"standard\":92,\"purpose\":\"colo_void\"},{\"band\":{\"value\":[614,698],\"uom\":\"MHz\"},\"erp\":{\"value\":1000,\"uom\":\"W\"},\"standard\":93,\"purpose\":\"data_entry\"},{\"band\":{\"value\":[614,698],\"uom\":\"MHz\"},\"erp\":{\"value\":2000,\"uom\":\"W\"},\"standard\":94,\"purpose\":\"data_entry\"},{\"band\":{\"value\":[869,894],\"uom\":\"MHz\"},\"erp\":{\"value\":56,\"uom\":\"dBm\"},\"standard\":false},{\"band\":{\"value\":[2400,2480],\"uom\":\"MHz\"},\"erp\":{\"value\":33.85,\"uom\":\"dBW\"},\"standard\":false},{\"band\":{\"value\":[14000,14500],\"uom\":\"MHz\"},\"erp\":{\"value\":7,\"uom\":\"kW\"},\"standard\":false}],\"overlaps\":[{\"recorded\":\"2025-04-08T19:15:42Z\",\"reason\":\"StarLink (SpaceX) Over-the-Counter antenna operating in the Ku-Band, 47 CFR Part 25\"}]}"
2025-AAL-153-NRA,,Determined - No Hazard,To Proponent,2025-02-25,2025-02-25,2025-04-01,,56.31183333,-158.5305,4D,,,,CHIGNIK LAGOON,Lake and Peninsula,164,AK,CHIGNIK LAGOON,0,,Y,Request for use of temporary equipment. Unicom proposes to install an underground fiber optic cable and associated underground infrastructure  including overhead fiber routing on existing 37 ft AGL utility poles on and along airport ROW property. The extended height of the mobile construction equipment will be 30 ft AGL. Please see attached figure and POI description table.,,New Construction,Temporary,0,4,2025-05-05,2025-09-05,,,CONSTRUCTION$VEHICLE,,,30,71,,,101,GCI,"Unicom, Inc.",,
2025-AAL-153-OE,2015-AAL-397-OE,Determined - No Hazard,No Hazard,2025-04-08,2025-04-08,2025-04-23,,60.52661111,-151.08356944,1A,None,,US-AK-5119 Soldotna Site 17 Pickle Hill,Kenai,Kenai Peninsula,122,AK,SOLDOTNA,20415,337.2,,Adding frequencies - MB,37677 Kenai Spur Highway,Existing,Permanent,,,,,,,TOWER$ANTENNA,182,,182,163,345,,345,Vertical Bridge,"Vertical Bridge S3 Assets, LLC",653198142-654824663,"{\"frequencies\":[{\"band\":{\"value\":[806,824],\"uom\":\"MHz\"},\"erp\":{\"value\":500,\"uom\":\"W\"},\"standard\":1,\"purpose\":\"colo_void\"},{\"band\":{\"value\":[824,849],\"uom\":\"MHz\"},\"erp\":{\"value\":500,\"uom\":\"W\"},\"standard\":2,\"purpose\":\"colo_void\"},{\"band\":{\"value\":[851,866],\"uom\":\"MHz\"},\"erp\":{\"value\":500,\"uom\":\"W\"},\"standard\":3,\"purpose\":\"colo_void\"},{\"band\":{\"value\":[869,894],\"uom\":\"MHz\"},\"erp\":{\"value\":500,\"uom\":\"W\"},\"standard\":4,\"purpose\":\"colo_void\"},{\"band\":{\"value\":[896,901],\"uom\":\"MHz\"},\"erp\":{\"value\":500,\"uom\":\"W\"},\"standard\":5,\"purpose\":\"colo_void\"},{\"band\":{\"value\":[901,902],\"uom\":\"MHz\"},\"erp\":{\"value\":7,\"uom\":\"W\"},\"standard\":6,\"purpose\":\"colo_void\"},{\"band\":{\"value\":[930,931],\"uom\":\"MHz\"},\"erp\":{\"value\":3500,\"uom\":\"W\"},\"standard\":7,\"purpose\":\"colo_void\"},{\"band\":{\"value\":[931,932],\"uom\":\"MHz\"},\"erp\":{\"value\":3500,\"uom\":\"W\"},\"standard\":8,\"purpose\":\"colo_void\"},{\"band\":{\"value\":[932,932.5],\"uom\":\"MHz\"},\"erp\":{\"value\":17,\"uom\":\"dBW\"},\"standard\":9,\"purpose\":\"colo_void\"},{\"band\":{\"value\":[935,940],\"uom\":\"MHz\"},\"erp\":{\"value\":1000,\"uom\":\"W\"},\"standard\":10,\"purpose\":\"colo_void\"},{\"band\":{\"value\":[940,941],\"uom\":\"MHz\"},\"erp\":{\"value\":3500,\"uom\":\"W\"},\"standard\":11,\"purpose\":\"colo_void\"},{\"band\":{\"value\":[1850,1910],\"uom\":\"MHz\"},\"erp\":{\"value\":1640,\"uom\":\"W\"},\"standard\":12,\"purpose\":\"colo_void\"},{\"band\":{\"value\":[1930,1990],\"uom\":\"MHz\"},\"erp\":{\"value\":1640,\"uom\":\"W\"},\"standard\":13,\"purpose\":\"colo_void\"},{\"band\":{\"value\":[2305,2310],\"uom\":\"MHz\"},\"erp\":{\"value\":2000,\"uom\":\"W\"},\"standard\":14,\"purpose\":\"colo_void\"},{\"band\":{\"value\":[2345,2360],\"uom\":\"MHz\"},\"erp\":{\"value\":2000,\"uom\":\"W\"},\"standard\":15,\"purpose\":\"colo_void\"},{\"band\":{\"value\":[698,806],\"uom\":\"MHz\"},\"erp\":{\"value\":1000,\"uom\":\"W\"},\"standard\":16,\"purpose\":\"colo_void\"},{\"band\":{\"value\":[6,7],\"uom\":\"GHz\"},\"erp\":{\"value\":42,\"uom\":\"dBW\"},\"standard\":76,\"purpose\":\"colo_void\"},{\"band\":{\"value\":[10,11.7],\"uom\":\"GHz\"},\"erp\":{\"value\":42,\"uom\":\"dBW\"},\"standard\":77,\"purpose\":\"colo_void\"},{\"band\":{\"value\":[17.7,19.7],\"uom\":\"GHz\"},\"erp\":{\"value\":42,\"uom\":\"dBW\"},\"standard\":78,\"purpose\":\"colo_void\"},{\"band\":{\"value\":[21.2,23.6],\"uom\":\"GHz\"},\"erp\":{\"value\":42,\"uom\":\"dBW\"},\"standard\":79,\"purpose\":\"colo_void\"},{\"band\":{\"value\":[806,901],\"uom\":\"MHz\"},\"erp\":{\"value\":500,\"uom\":\"W\"},\"standard\":80,\"purpose\":\"colo_void\"},{\"band\":{\"value\":[929,932],\"uom\":\"MHz\"},\"erp\":{\"value\":3500,\"uom\":\"W\"},\"standard\":81,\"purpose\":\"colo_void\"},{\"band\":{\"value\":[1670,1675],\"uom\":\"MHz\"},\"erp\":{\"value\":500,\"uom\":\"W\"},\"standard\":82,\"purpose\":\"colo_void\"},{\"band\":{\"value\":[1710,1755],\"uom\":\"MHz\"},\"erp\":{\"value\":500,\"uom\":\"W\"},\"standard\":83,\"purpose\":\"colo_void\"},{\"band\":{\"value\":[1850,1990],\"uom\":\"MHz\"},\"erp\":{\"value\":1640,\"uom\":\"W\"},\"standard\":84,\"purpose\":\"colo_void\"},{\"band\":{\"value\":[1990,2025],\"uom\":\"MHz\"},\"erp\":{\"value\":500,\"uom\":\"W\"},\"standard\":85,\"purpose\":\"colo_void\"},{\"band\":{\"value\":[2110,2200],\"uom\":\"MHz\"},\"erp\":{\"value\":500,\"uom\":\"W\"},\"standard\":86,\"purpose\":\"colo_void\"},{\"band\":{\"value\":[2305,2360],\"uom\":\"MHz\"},\"erp\":{\"value\":2000,\"uom\":\"W\"},\"standard\":87,\"purpose\":\"colo_void\"},{\"band\":{\"value\":[2496,2690],\"uom\":\"MHz\"},\"erp\":{\"value\":500,\"uom\":\"W\"},\"standard\":88,\"purpose\":\"colo_void\"},{\"band\":{\"value\":[6,7],\"uom\":\"GHz\"},\"erp\":{\"value\":55,\"uom\":\"dBW\"},\"standard\":89,\"purpose\":\"colo_void\"},{\"band\":{\"value\":[10,11.7],\"uom\":\"GHz\"},\"erp\":{\"value\":55,\"uom\":\"dBW\"},\"standard\":90,\"purpose\":\"colo_void\"},{\"band\":{\"value\":[17.7,19.7],\"uom\":\"GHz\"},\"erp\":{\"value\":55,\"uom\":\"dBW\"},\"standard\":91,\"purpose\":\"colo_void\"},{\"band\":{\"value\":[21.2,23.6],\"uom\":\"GHz\"},\"erp\":{\"value\":55,\"uom\":\"dBW\"},\"standard\":92,\"purpose\":\"colo_void\"},{\"band\":{\"value\":[614,698],\"uom\":\"MHz\"},\"erp\":{\"value\":1000,\"uom\":\"W\"},\"standard\":93,\"purpose\":\"data_entry\"},{\"band\":{\"value\":[614,698],\"uom\":\"MHz\"},\"erp\":{\"value\":2000,\"uom\":\"W\"},\"standard\":94,\"purpose\":\"data_entry\"}]}"
2025-AAL-154-NRA,,Determined - No Hazard,To Proponent,2025-02-25,2025-02-25,2025-04-01,,56.31208333,-158.53122222,4D,,,,CHIGNIK LAGOON,Lake and Peninsula,164,AK,CHIGNIK LAGOON,0,,Y,Request for use of temporary equipment. Unicom proposes to install an underground fiber optic cable and associated underground infrastructure  including overhead fiber routing on existing 37 ft AGL utility poles on and along airport ROW property. The extended height of the mobile construction equipment will be 30 ft AGL. Please see attached figure and POI description table.,,New Construction,Temporary,0,4,2025-05-05,2025-09-05,,,CONSTRUCTION$VEHICLE,,,30,72,,,102,GCI,"Unicom, Inc.",,
2025-AAL-154-OE,2024-AAL-550-OE,Determined - No Hazard,No Hazard,2025-04-09,2025-04-09,2025-05-16,2026-11-16,59.46904722,-135.30243056,1A,None,,FA16105528 AKL03074,SKAGWAY,Skagway,230,AK,SKAGWAY,4195,39.7,,FAA needed for new tower. Lowering to 79ft as response to letter related to terminated filing 2024-AAL-550-OE,200 KLONDIKE HIGHWAY,New Construction,Permanent,,,,,,,POLE$MONO,79,,79,79,158,,158,AT&T,AT&T (JC),653355351-659773029,"{\"frequencies\":[{\"band\":{\"value\":[806,824],\"uom\":\"MHz\"},\"erp\":{\"value\":500,\"uom\":\"W\"},\"standard\":1,\"purpose\":\"colo_void\"},{\"band\":{\"value\":[824,849],\"uom\":\"MHz\"},\"erp\":{\"value\":500,\"uom\":\"W\"},\"standard\":2,\"purpose\":\"colo_void\"},{\"band\":{\"value\":[851,866],\"uom\":\"MHz\"},\"erp\":{\"value\":500,\"uom\":\"W\"},\"standard\":3,\"purpose\":\"colo_void\"},{\"band\":{\"value\":[869,894],\"uom\":\"MHz\"},\"erp\":{\"value\":500,\"uom\":\"W\"},\"standard\":4,\"purpose\":\"colo_void\"},{\"band\":{\"value\":[896,901],\"uom\":\"MHz\"},\"erp\":{\"value\":500,\"uom\":\"W\"},\"standard\":5,\"purpose\":\"colo_void\"},{\"band\":{\"value\":[901,902],\"uom\":\"MHz\"},\"erp\":{\"value\":7,\"uom\":\"W\"},\"standard\":6,\"purpose\":\"colo_void\"},{\"band\":{\"value\":[930,931],\"uom\":\"MHz\"},\"erp\":{\"value\":3500,\"uom\":\"W\"},\"standard\":7,\"purpose\":\"colo_void\"},{\"band\":{\"value\":[931,932],\"uom\":\"MHz\"},\"erp\":{\"value\":3500,\"uom\":\"W\"},\"standard\":8,\"purpose\":\"colo_void\"},{\"band\":{\"value\":[932,932.5],\"uom\":\"MHz\"},\"erp\":{\"value\":17,\"uom\":\"dBW\"},\"standard\":9,\"purpose\":\"colo_void\"},{\"band\":{\"value\":[935,940],\"uom\":\"MHz\"},\"erp\":{\"value\":1000,\"uom\":\"W\"},\"standard\":10,\"purpose\":\"colo_void\"},{\"band\":{\"value\":[940,941],\"uom\":\"MHz\"},\"erp\":{\"value\":3500,\"uom\":\"W\"},\"standard\":11,\"purpose\":\"colo_void\"},{\"band\":{\"value\":[1850,1910],\"uom\":\"MHz\"},\"erp\":{\"value\":1640,\"uom\":\"W\"},\"standard\":12,\"purpose\":\"colo_void\"},{\"band\":{\"value\":[1930,1990],\"uom\":\"MHz\"},\"erp\":{\"value\":1640,\"uom\":\"W\"},\"standard\":13,\"purpose\":\"colo_void\"},{\"band\":{\"value\":[2305,2310],\"uom\":\"MHz\"},\"erp\":{\"value\":2000,\"uom\":\"W\"},\"standard\":14,\"purpose\":\"colo_void\"},{\"band\":{\"value\":[2345,2360],\"uom\":\"MHz\"},\"erp\":{\"value\":2000,\"uom\":\"W\"},\"standard\":15,\"purpose\":\"colo_void\"},{\"band\":{\"value\":[698,806],\"uom\":\"MHz\"},\"erp\":{\"value\":1000,\"uom\":\"W\"},\"standard\":16,\"purpose\":\"colo_void\"},{\"band\":{\"value\":[6,7],\"uom\":\"GHz\"},\"erp\":{\"value\":42,\"uom\":\"dBW\"},\"standard\":76,\"purpose\":\"colo_void\"},{\"band\":{\"value\":[10,11.7],\"uom\":\"GHz\"},\"erp\":{\"value\":42,\"uom\":\"dBW\"},\"standard\":77,\"purpose\":\"colo_void\"},{\"band\":{\"value\":[17.7,19.7],\"uom\":\"GHz\"},\"erp\":{\"value\":42,\"uom\":\"dBW\"},\"standard\":78,\"purpose\":\"colo_void\"},{\"band\":{\"value\":[21.2,23.6],\"uom\":\"GHz\"},\"erp\":{\"value\":42,\"uom\":\"dBW\"},\"standard\":79,\"purpose\":\"colo_void\"},{\"band\":{\"value\":[806,901],\"uom\":\"MHz\"},\"erp\":{\"value\":500,\"uom\":\"W\"},\"standard\":80,\"purpose\":\"colo_void\"},{\"band\":{\"value\":[929,932],\"uom\":\"MHz\"},\"erp\":{\"value\":3500,\"uom\":\"W\"},\"standard\":81,\"purpose\":\"colo_void\"},{\"band\":{\"value\":[1670,1675],\"uom\":\"MHz\"},\"erp\":{\"value\":500,\"uom\":\"W\"},\"standard\":82,\"purpose\":\"colo_void\"},{\"band\":{\"value\":[1710,1755],\"uom\":\"MHz\"},\"erp\":{\"value\":500,\"uom\":\"W\"},\"standard\":83,\"purpose\":\"colo_void\"},{\"band\":{\"value\":[1850,1990],\"uom\":\"MHz\"},\"erp\":{\"value\":1640,\"uom\":\"W\"},\"standard\":84,\"purpose\":\"colo_void\"},{\"band\":{\"value\":[1990,2025],\"uom\":\"MHz\"},\"erp\":{\"value\":500,\"uom\":\"W\"},\"standard\":85,\"purpose\":\"colo_void\"},{\"band\":{\"value\":[2110,2200],\"uom\":\"MHz\"},\"erp\":{\"value\":500,\"uom\":\"W\"},\"standard\":86,\"purpose\":\"colo_void\"},{\"band\":{\"value\":[2305,2360],\"uom\":\"MHz\"},\"erp\":{\"value\":2000,\"uom\":\"W\"},\"standard\":87,\"purpose\":\"colo_void\"},{\"band\":{\"value\":[2496,2690],\"uom\":\"MHz\"},\"erp\":{\"value\":500,\"uom\":\"W\"},\"standard\":88,\"purpose\":\"colo_void\"},{\"band\":{\"value\":[6,7],\"uom\":\"GHz\"},\"erp\":{\"value\":55,\"uom\":\"dBW\"},\"standard\":89,\"purpose\":\"colo_void\"},{\"band\":{\"value\":[10,11.7],\"uom\":\"GHz\"},\"erp\":{\"value\":55,\"uom\":\"dBW\"},\"standard\":90,\"purpose\":\"colo_void\"},{\"band\":{\"value\":[17.7,19.7],\"uom\":\"GHz\"},\"erp\":{\"value\":55,\"uom\":\"dBW\"},\"standard\":91,\"purpose\":\"colo_void\"},{\"band\":{\"value\":[21.2,23.6],\"uom\":\"GHz\"},\"erp\":{\"value\":55,\"uom\":\"dBW\"},\"standard\":92,\"purpose\":\"colo_void\"},{\"band\":{\"value\":[614,698],\"uom\":\"MHz\"},\"erp\":{\"value\":1000,\"uom\":\"W\"},\"standard\":93,\"purpose\":\"data_entry\"},{\"band\":{\"value\":[614,698],\"uom\":\"MHz\"},\"erp\":{\"value\":2000,\"uom\":\"W\"},\"standard\":94,\"purpose\":\"data_entry\"}]}"
2025-AAL-155-NRA,,Determined - No Hazard,To Proponent,2025-02-25,2025-02-25,2025-04-01,,56.31119444,-158.53238889,4D,,,,CHIGNIK LAGOON,Lake and Peninsula,164,AK,CHIGNIK LAGOON,0,,Y,Request for use of temporary equipment. Unicom proposes to install an underground fiber optic cable and associated underground infrastructure  including overhead fiber routing on existing 37 ft AGL utility poles on and along airport ROW property. The extended height of the mobile construction equipment will be 30 ft AGL. Please see attached figure and POI description table.,,New Construction,Temporary,0,4,2025-05-05,2025-09-05,,,CONSTRUCTION$VEHICLE,,,30,88,,,118,GCI,"Unicom, Inc.",,
2025-AAL-155-OE,,Pending,Preliminary Findings,2025-04-09,2025-04-09,,,58.72802778,-157.02098611,4D,,,Naknek Proposed Structure,Naknek,Bristol Bay,60,AK,NAKNEK,2488,161.6,,AWN proposed to construct a 120 foot antenna tower  including appurtenances  for communication purposes,Near 3 Airport Rd,New Construction,Permanent,,,,,,,TOWER$ANTENNA,,73,120,105,,178,225,GCI,Alaska Wireless Network,,"{\"frequencies\":[{\"band\":{\"value\":[806,824],\"uom\":\"MHz\"},\"erp\":{\"value\":500,\"uom\":\"W\"},\"standard\":1,\"purpose\":\"colo_void\"},{\"band\":{\"value\":[824,849],\"uom\":\"MHz\"},\"erp\":{\"value\":500,\"uom\":\"W\"},\"standard\":2,\"purpose\":\"colo_void\"},{\"band\":{\"value\":[851,866],\"uom\":\"MHz\"},\"erp\":{\"value\":500,\"uom\":\"W\"},\"standard\":3,\"purpose\":\"colo_void\"},{\"band\":{\"value\":[869,894],\"uom\":\"MHz\"},\"erp\":{\"value\":500,\"uom\":\"W\"},\"standard\":4,\"purpose\":\"colo_void\"},{\"band\":{\"value\":[896,901],\"uom\":\"MHz\"},\"erp\":{\"value\":500,\"uom\":\"W\"},\"standard\":5,\"purpose\":\"colo_void\"},{\"band\":{\"value\":[901,902],\"uom\":\"MHz\"},\"erp\":{\"value\":7,\"uom\":\"W\"},\"standard\":6,\"purpose\":\"colo_void\"},{\"band\":{\"value\":[930,931],\"uom\":\"MHz\"},\"erp\":{\"value\":3500,\"uom\":\"W\"},\"standard\":7,\"purpose\":\"colo_void\"},{\"band\":{\"value\":[931,932],\"uom\":\"MHz\"},\"erp\":{\"value\":3500,\"uom\":\"W\"},\"standard\":8,\"purpose\":\"colo_void\"},{\"band\":{\"value\":[932,932.5],\"uom\":\"MHz\"},\"erp\":{\"value\":17,\"uom\":\"dBW\"},\"standard\":9,\"purpose\":\"colo_void\"},{\"band\":{\"value\":[935,940],\"uom\":\"MHz\"},\"erp\":{\"value\":1000,\"uom\":\"W\"},\"standard\":10,\"purpose\":\"colo_void\"},{\"band\":{\"value\":[940,941],\"uom\":\"MHz\"},\"erp\":{\"value\":3500,\"uom\":\"W\"},\"standard\":11,\"purpose\":\"colo_void\"},{\"band\":{\"value\":[1850,1910],\"uom\":\"MHz\"},\"erp\":{\"value\":1640,\"uom\":\"W\"},\"standard\":12,\"purpose\":\"colo_void\"},{\"band\":{\"value\":[1930,1990],\"uom\":\"MHz\"},\"erp\":{\"value\":1640,\"uom\":\"W\"},\"standard\":13,\"purpose\":\"colo_void\"},{\"band\":{\"value\":[2305,2310],\"uom\":\"MHz\"},\"erp\":{\"value\":2000,\"uom\":\"W\"},\"standard\":14,\"purpose\":\"colo_void\"},{\"band\":{\"value\":[2345,2360],\"uom\":\"MHz\"},\"erp\":{\"value\":2000,\"uom\":\"W\"},\"standard\":15,\"purpose\":\"colo_void\"},{\"band\":{\"value\":[698,806],\"uom\":\"MHz\"},\"erp\":{\"value\":1000,\"uom\":\"W\"},\"standard\":16,\"purpose\":\"colo_void\"},{\"band\":{\"value\":[6,7],\"uom\":\"GHz\"},\"erp\":{\"value\":42,\"uom\":\"dBW\"},\"standard\":76,\"purpose\":\"colo_void\"},{\"band\":{\"value\":[10,11.7],\"uom\":\"GHz\"},\"erp\":{\"value\":42,\"uom\":\"dBW\"},\"standard\":77,\"purpose\":\"colo_void\"},{\"band\":{\"value\":[17.7,19.7],\"uom\":\"GHz\"},\"erp\":{\"value\":42,\"uom\":\"dBW\"},\"standard\":78,\"purpose\":\"colo_void\"},{\"band\":{\"value\":[21.2,23.6],\"uom\":\"GHz\"},\"erp\":{\"value\":42,\"uom\":\"dBW\"},\"standard\":79,\"purpose\":\"colo_void\"},{\"band\":{\"value\":[806,901],\"uom\":\"MHz\"},\"erp\":{\"value\":500,\"uom\":\"W\"},\"standard\":80,\"purpose\":\"colo_void\"},{\"band\":{\"value\":[929,932],\"uom\":\"MHz\"},\"erp\":{\"value\":3500,\"uom\":\"W\"},\"standard\":81,\"purpose\":\"colo_void\"},{\"band\":{\"value\":[1670,1675],\"uom\":\"MHz\"},\"erp\":{\"value\":500,\"uom\":\"W\"},\"standard\":82,\"purpose\":\"colo_void\"},{\"band\":{\"value\":[1710,1755],\"uom\":\"MHz\"},\"erp\":{\"value\":500,\"uom\":\"W\"},\"standard\":83,\"purpose\":\"colo_void\"},{\"band\":{\"value\":[1850,1990],\"uom\":\"MHz\"},\"erp\":{\"value\":1640,\"uom\":\"W\"},\"standard\":84,\"purpose\":\"colo_void\"},{\"band\":{\"value\":[1990,2025],\"uom\":\"MHz\"},\"erp\":{\"value\":500,\"uom\":\"W\"},\"standard\":85,\"purpose\":\"colo_void\"},{\"band\":{\"value\":[2110,2200],\"uom\":\"MHz\"},\"erp\":{\"value\":500,\"uom\":\"W\"},\"standard\":86,\"purpose\":\"colo_void\"},{\"band\":{\"value\":[2305,2360],\"uom\":\"MHz\"},\"erp\":{\"value\":2000,\"uom\":\"W\"},\"standard\":87,\"purpose\":\"colo_void\"},{\"band\":{\"value\":[2496,2690],\"uom\":\"MHz\"},\"erp\":{\"value\":500,\"uom\":\"W\"},\"standard\":88,\"purpose\":\"colo_void\"},{\"band\":{\"value\":[6,7],\"uom\":\"GHz\"},\"erp\":{\"value\":55,\"uom\":\"dBW\"},\"standard\":89,\"purpose\":\"colo_void\"},{\"band\":{\"value\":[10,11.7],\"uom\":\"GHz\"},\"erp\":{\"value\":55,\"uom\":\"dBW\"},\"standard\":90,\"purpose\":\"colo_void\"},{\"band\":{\"value\":[17.7,19.7],\"uom\":\"GHz\"},\"erp\":{\"value\":55,\"uom\":\"dBW\"},\"standard\":91,\"purpose\":\"colo_void\"},{\"band\":{\"value\":[21.2,23.6],\"uom\":\"GHz\"},\"erp\":{\"value\":55,\"uom\":\"dBW\"},\"standard\":92,\"purpose\":\"colo_void\"},{\"band\":{\"value\":[614,698],\"uom\":\"MHz\"},\"erp\":{\"value\":1000,\"uom\":\"W\"},\"standard\":93,\"purpose\":\"data_entry\"},{\"band\":{\"value\":[614,698],\"uom\":\"MHz\"},\"erp\":{\"value\":2000,\"uom\":\"W\"},\"standard\":94,\"purpose\":\"data_entry\"},{\"band\":{\"value\":[14000,14500],\"uom\":\"MHz\"},\"erp\":{\"value\":7,\"uom\":\"kW\"},\"standard\":false}],\"overlaps\":[{\"recorded\":\"2025-04-09T22:17:57Z\",\"reason\":\"StarLink (SpaceX) Over-the-Counter antenna operating in the Ku-Band, 47 CFR Part 25\"}]}"
2025-AAL-156-NRA,,Determined - No Hazard,To Proponent,2025-02-25,2025-02-25,2025-04-01,,56.30955556,-158.53630556,4D,,,,CHIGNIK LAGOON,Lake and Peninsula,164,AK,CHIGNIK LAGOON,0,,Y,Request for use of temporary equipment. Unicom proposes to install an underground fiber optic cable and associated underground infrastructure  including overhead fiber routing on existing 37 ft AGL utility poles on and along airport ROW property. The extended height of the mobile construction equipment will be 30 ft AGL. Please see attached figure and POI description table.,,New Construction,Temporary,0,4,2025-05-05,2025-09-05,,,CONSTRUCTION$VEHICLE,,,37,84,,,121,GCI,"Unicom, Inc.",,
2025-AAL-156-OE,2016-AAL-441-OE,Determined - No Hazard,No Hazard,2025-04-09,2025-04-09,2025-05-16,,61.56294167,-160.31680833,1A,None,,Kalskag UUI 628,Kalskag,Bethel,50,AK,KALSKAG,11026,27.1,,UUI is proposing to increase the height of the existing structure and add the 600 & 14000-14500 MHz frequencies,On mountaintop near Kalskag See attached survey,Existing,Permanent,,,,,,1248710,TOWER$ANTENNA,128,,128,1048,1176,,1176,GCI,"Unitied Utilities, Inc.",653373362-659773280,"{\"frequencies\":[{\"band\":{\"value\":[806,824],\"uom\":\"MHz\"},\"erp\":{\"value\":500,\"uom\":\"W\"},\"standard\":1,\"purpose\":\"colo_void\"},{\"band\":{\"value\":[824,849],\"uom\":\"MHz\"},\"erp\":{\"value\":500,\"uom\":\"W\"},\"standard\":2,\"purpose\":\"colo_void\"},{\"band\":{\"value\":[851,866],\"uom\":\"MHz\"},\"erp\":{\"value\":500,\"uom\":\"W\"},\"standard\":3,\"purpose\":\"colo_void\"},{\"band\":{\"value\":[869,894],\"uom\":\"MHz\"},\"erp\":{\"value\":500,\"uom\":\"W\"},\"standard\":4,\"purpose\":\"colo_void\"},{\"band\":{\"value\":[896,901],\"uom\":\"MHz\"},\"erp\":{\"value\":500,\"uom\":\"W\"},\"standard\":5,\"purpose\":\"colo_void\"},{\"band\":{\"value\":[901,902],\"uom\":\"MHz\"},\"erp\":{\"value\":7,\"uom\":\"W\"},\"standard\":6,\"purpose\":\"colo_void\"},{\"band\":{\"value\":[930,931],\"uom\":\"MHz\"},\"erp\":{\"value\":3500,\"uom\":\"W\"},\"standard\":7,\"purpose\":\"colo_void\"},{\"band\":{\"value\":[931,932],\"uom\":\"MHz\"},\"erp\":{\"value\":3500,\"uom\":\"W\"},\"standard\":8,\"purpose\":\"colo_void\"},{\"band\":{\"value\":[932,932.5],\"uom\":\"MHz\"},\"erp\":{\"value\":17,\"uom\":\"dBW\"},\"standard\":9,\"purpose\":\"colo_void\"},{\"band\":{\"value\":[935,940],\"uom\":\"MHz\"},\"erp\":{\"value\":1000,\"uom\":\"W\"},\"standard\":10,\"purpose\":\"colo_void\"},{\"band\":{\"value\":[940,941],\"uom\":\"MHz\"},\"erp\":{\"value\":3500,\"uom\":\"W\"},\"standard\":11,\"purpose\":\"colo_void\"},{\"band\":{\"value\":[1850,1910],\"uom\":\"MHz\"},\"erp\":{\"value\":1640,\"uom\":\"W\"},\"standard\":12,\"purpose\":\"colo_void\"},{\"band\":{\"value\":[1930,1990],\"uom\":\"MHz\"},\"erp\":{\"value\":1640,\"uom\":\"W\"},\"standard\":13,\"purpose\":\"colo_void\"},{\"band\":{\"value\":[2305,2310],\"uom\":\"MHz\"},\"erp\":{\"value\":2000,\"uom\":\"W\"},\"standard\":14,\"purpose\":\"colo_void\"},{\"band\":{\"value\":[2345,2360],\"uom\":\"MHz\"},\"erp\":{\"value\":2000,\"uom\":\"W\"},\"standard\":15,\"purpose\":\"colo_void\"},{\"band\":{\"value\":[698,806],\"uom\":\"MHz\"},\"erp\":{\"value\":1000,\"uom\":\"W\"},\"standard\":16,\"purpose\":\"colo_void\"},{\"band\":{\"value\":[6,7],\"uom\":\"GHz\"},\"erp\":{\"value\":42,\"uom\":\"dBW\"},\"standard\":76,\"purpose\":\"colo_void\"},{\"band\":{\"value\":[10,11.7],\"uom\":\"GHz\"},\"erp\":{\"value\":42,\"uom\":\"dBW\"},\"standard\":77,\"purpose\":\"colo_void\"},{\"band\":{\"value\":[17.7,19.7],\"uom\":\"GHz\"},\"erp\":{\"value\":42,\"uom\":\"dBW\"},\"standard\":78,\"purpose\":\"colo_void\"},{\"band\":{\"value\":[21.2,23.6],\"uom\":\"GHz\"},\"erp\":{\"value\":42,\"uom\":\"dBW\"},\"standard\":79,\"purpose\":\"colo_void\"},{\"band\":{\"value\":[806,901],\"uom\":\"MHz\"},\"erp\":{\"value\":500,\"uom\":\"W\"},\"standard\":80,\"purpose\":\"colo_void\"},{\"band\":{\"value\":[929,932],\"uom\":\"MHz\"},\"erp\":{\"value\":3500,\"uom\":\"W\"},\"standard\":81,\"purpose\":\"colo_void\"},{\"band\":{\"value\":[1670,1675],\"uom\":\"MHz\"},\"erp\":{\"value\":500,\"uom\":\"W\"},\"standard\":82,\"purpose\":\"colo_void\"},{\"band\":{\"value\":[1710,1755],\"uom\":\"MHz\"},\"erp\":{\"value\":500,\"uom\":\"W\"},\"standard\":83,\"purpose\":\"colo_void\"},{\"band\":{\"value\":[1850,1990],\"uom\":\"MHz\"},\"erp\":{\"value\":1640,\"uom\":\"W\"},\"standard\":84,\"purpose\":\"colo_void\"},{\"band\":{\"value\":[1990,2025],\"uom\":\"MHz\"},\"erp\":{\"value\":500,\"uom\":\"W\"},\"standard\":85,\"purpose\":\"colo_void\"},{\"band\":{\"value\":[2110,2200],\"uom\":\"MHz\"},\"erp\":{\"value\":500,\"uom\":\"W\"},\"standard\":86,\"purpose\":\"colo_void\"},{\"band\":{\"value\":[2305,2360],\"uom\":\"MHz\"},\"erp\":{\"value\":2000,\"uom\":\"W\"},\"standard\":87,\"purpose\":\"colo_void\"},{\"band\":{\"value\":[2496,2690],\"uom\":\"MHz\"},\"erp\":{\"value\":500,\"uom\":\"W\"},\"standard\":88,\"purpose\":\"colo_void\"},{\"band\":{\"value\":[6,7],\"uom\":\"GHz\"},\"erp\":{\"value\":55,\"uom\":\"dBW\"},\"standard\":89,\"purpose\":\"colo_void\"},{\"band\":{\"value\":[10,11.7],\"uom\":\"GHz\"},\"erp\":{\"value\":55,\"uom\":\"dBW\"},\"standard\":90,\"purpose\":\"colo_void\"},{\"band\":{\"value\":[17.7,19.7],\"uom\":\"GHz\"},\"erp\":{\"value\":55,\"uom\":\"dBW\"},\"standard\":91,\"purpose\":\"colo_void\"},{\"band\":{\"value\":[21.2,23.6],\"uom\":\"GHz\"},\"erp\":{\"value\":55,\"uom\":\"dBW\"},\"standard\":92,\"purpose\":\"colo_void\"},{\"band\":{\"value\":[614,698],\"uom\":\"MHz\"},\"erp\":{\"value\":1000,\"uom\":\"W\"},\"standard\":93,\"purpose\":\"data_entry\"},{\"band\":{\"value\":[614,698],\"uom\":\"MHz\"},\"erp\":{\"value\":2000,\"uom\":\"W\"},\"standard\":94,\"purpose\":\"data_entry\"},{\"band\":{\"value\":[1710,1755],\"uom\":\"MHz\"},\"erp\":{\"value\":2000,\"uom\":\"W\"},\"standard\":false},{\"band\":{\"value\":[2110,2155],\"uom\":\"MHz\"},\"erp\":{\"value\":2000,\"uom\":\"W\"},\"standard\":false},{\"band\":{\"value\":[5925,6425],\"uom\":\"MHz\"},\"erp\":{\"value\":55,\"uom\":\"dBW\"},\"standard\":false},{\"band\":{\"value\":[6525,6875],\"uom\":\"MHz\"},\"erp\":{\"value\":55,\"uom\":\"dBW\"},\"standard\":false},{\"band\":{\"value\":[10700,11700],\"uom\":\"MHz\"},\"erp\":{\"value\":55,\"uom\":\"dBW\"},\"standard\":false},{\"band\":{\"value\":[14000,14500],\"uom\":\"MHz\"},\"erp\":{\"value\":7,\"uom\":\"kW\"},\"standard\":false},{\"band\":{\"value\":[17700,19700],\"uom\":\"MHz\"},\"erp\":{\"value\":55,\"uom\":\"dBW\"},\"standard\":false},{\"band\":{\"value\":[21200,23600],\"uom\":\"MHz\"},\"erp\":{\"value\":55,\"uom\":\"dBW\"},\"standard\":false}],\"overlaps\":[{\"recorded\":\"2025-04-09T22:35:34Z\",\"reason\":\"StarLink (SpaceX) Over-the-Counter antenna operating in the Ku-Band, 47 CFR Part 25\"}]}"
2025-AAL-157-NRA,,Determined - No Hazard,To Proponent,2025-02-25,2025-02-25,2025-04-01,,56.30891667,-158.53619444,4D,,,,CHIGNIK LAGOON,Lake and Peninsula,164,AK,CHIGNIK LAGOON,0,,Y,Request for use of temporary equipment. Unicom proposes to install an underground fiber optic cable and associated underground infrastructure  including overhead fiber routing on existing 37 ft AGL utility poles on and along airport ROW property. The extended height of the mobile construction equipment will be 30 ft AGL. Please see attached figure and POI description table.,,New Construction,Temporary,0,4,2025-05-05,2025-09-05,,,CONSTRUCTION$VEHICLE,,,37,82,,,119,GCI,"Unicom, Inc.",,
2025-AAL-157-OE,,Determined - No Hazard,No Hazard,2025-04-10,2025-04-10,2025-05-06,2026-11-06,60.49991944,-150.99845833,4D,Red lights,,Soldotna Sub,Soldotna,Kenai Peninsula,122,AK,SOLDOTNA,11715,39.3,,The existing line is a 115 kV transmission line primarily of wooden H-Frame and mono pole structures. The proposed line will be a double circuit transmission line having a 115 kV insulated circuit  a 230 kV insulated circuit  and include a new fiber communication line. The new structures are expected to be mostly single pole wood or steel vertical construction tangent structures and two pole wood or steel vertical construction for running angle structures or dead-end structures.,14.1-Mile Transmission Line between Soldotna Substation and Sterling Substation located on the  Kenai Peninsula  AK.,New Construction,Permanent,,,,,,,TRANSMISSION_LINE$T_L_TOWER,42,,42,245,287,,287,Homer electric Assoc. In.c,Homer Electric Assoc. Inc.,653470742-658515812,
2025-AAL-158-NRA,,Determined - No Hazard,To Proponent,2025-02-25,2025-02-25,2025-04-01,,56.30877778,-158.53544444,4D,,,,CHIGNIK LAGOON,Lake and Peninsula,164,AK,CHIGNIK LAGOON,0,,Y,Request for use of temporary equipment. Unicom proposes to install an underground fiber optic cable and associated underground infrastructure  including overhead fiber routing on existing 37 ft AGL utility poles on and along airport ROW property. The extended height of the mobile construction equipment will be 30 ft AGL. Please see attached figure and POI description table.,,New Construction,Temporary,0,4,2025-05-05,2025-09-05,,,CONSTRUCTION$VEHICLE,,,37,86,,,123,GCI,"Unicom, Inc.",,
2025-AAL-158-OE,,Determined - No Hazard,No Hazard,2025-04-10,2025-04-10,2025-05-06,2026-11-06,60.5005,-150.99846944,4D,Red lights,,SS 0 1,Soldotna,Kenai Peninsula,122,AK,SOLDOTNA,11878,38.7,,The existing line is a 115 kV transmission line primarily of wooden H-Frame and mono pole structures. The proposed line will be a double circuit transmission line having a 115 kV insulated circuit  a 230 kV insulated circuit  and include a new fiber communication line. The new structures are expected to be mostly single pole wood or steel vertical construction tangent structures and two pole wood or steel vertical construction for running angle structures or dead-end structures.,14.1-Mile Transmission Line between Soldotna Substation and Sterling Substation located on the  Kenai Peninsula  AK.,New Construction,Permanent,,,,,,,TRANSMISSION_LINE$T_L_TOWER,60,,60,242,302,,302,Homer electric Assoc. In.c,Homer Electric Assoc. Inc.,653470743-658515814,
2025-AAL-159-NRA,,Determined - No Hazard,To Proponent,2025-02-25,2025-02-25,2025-04-01,,56.30877778,-158.53452778,4D,,,,CHIGNIK LAGOON,Lake and Peninsula,164,AK,CHIGNIK LAGOON,0,,Y,Request for use of temporary equipment. Unicom proposes to install an underground fiber optic cable and associated underground infrastructure  including overhead fiber routing on existing 37 ft AGL utility poles on and along airport ROW property. The extended height of the mobile construction equipment will be 30 ft AGL. Please see attached figure and POI description table.,,New Construction,Temporary,0,4,2025-05-05,2025-09-05,,,CONSTRUCTION$VEHICLE,,,37,94,,,131,GCI,"Unicom, Inc.",,
2025-AAL-159-OE,,Determined - No Hazard,No Hazard,2025-04-10,2025-04-10,2025-05-06,2026-11-06,60.50128611,-150.99848611,4D,Red lights,,SS 0 2 L R,Soldotna,Kenai Peninsula,122,AK,SOLDOTNA,12102,37.8,,The existing line is a 115 kV transmission line primarily of wooden H-Frame and mono pole structures. The proposed line will be a double circuit transmission line having a 115 kV insulated circuit  a 230 kV insulated circuit  and include a new fiber communication line. The new structures are expected to be mostly single pole wood or steel vertical construction tangent structures and two pole wood or steel vertical construction for running angle structures or dead-end structures.,14.1-Mile Transmission Line between Soldotna Substation and Sterling Substation located on the  Kenai Peninsula  AK.,New Construction,Permanent,,,,,,,TRANSMISSION_LINE$T_L_TOWER,102,,102,225,327,,327,Homer electric Assoc. In.c,Homer Electric Assoc. Inc.,653470744-658515813,
2025-AAL-160-NRA,,Determined - No Hazard,To Proponent,2025-02-25,2025-02-25,2025-04-01,,56.30877778,-158.53383333,4D,,,,CHIGNIK LAGOON,Lake and Peninsula,164,AK,CHIGNIK LAGOON,0,,Y,Request for use of temporary equipment. Unicom proposes to install an underground fiber optic cable and associated underground infrastructure  including overhead fiber routing on existing 37 ft AGL utility poles on and along airport ROW property. The extended height of the mobile construction equipment will be 30 ft AGL. Please see attached figure and POI description table.,,New Construction,Temporary,0,4,2025-05-05,2025-09-05,,,CONSTRUCTION$VEHICLE,,,37,97,,,134,GCI,"Unicom, Inc.",,
2025-AAL-160-OE,,Determined - No Hazard,No Hazard,2025-04-10,2025-04-10,2025-05-06,2026-11-06,60.50248889,-150.99848889,4D,Red lights,,SS 0 3,Soldotna,Kenai Peninsula,122,AK,SOLDOTNA,12452,36.6,,The existing line is a 115 kV transmission line primarily of wooden H-Frame and mono pole structures. The proposed line will be a double circuit transmission line having a 115 kV insulated circuit  a 230 kV insulated circuit  and include a new fiber communication line. The new structures are expected to be mostly single pole wood or steel vertical construction tangent structures and two pole wood or steel vertical construction for running angle structures or dead-end structures.,14.1-Mile Transmission Line between Soldotna Substation and Sterling Substation located on the  Kenai Peninsula  AK.,New Construction,Permanent,,,,,,,TRANSMISSION_LINE$T_L_TOWER,107,,107,210,317,,317,Homer electric Assoc. In.c,Homer Electric Assoc. Inc.,653470746-658515815,
2025-AAL-161-NRA,,Determined - No Hazard,To Proponent,2025-02-25,2025-02-25,2025-04-01,,56.30869444,-158.53327778,4D,,,,CHIGNIK LAGOON,Lake and Peninsula,164,AK,CHIGNIK LAGOON,0,,Y,Request for use of temporary equipment. Unicom proposes to install an underground fiber optic cable and associated underground infrastructure  including overhead fiber routing on existing 37 ft AGL utility poles on and along airport ROW property. The extended height of the mobile construction equipment will be 30 ft AGL. Please see attached figure and POI description table.,,New Construction,Temporary,0,4,2025-05-05,2025-09-05,,,CONSTRUCTION$VEHICLE,,,37,112,,,149,GCI,"Unicom, Inc.",,
2025-AAL-161-OE,,Determined - No Hazard,No Hazard,2025-04-10,2025-04-10,2025-05-06,2026-11-06,60.50423889,-150.99849167,4D,None,,SS 0 4,Soldotna,Kenai Peninsula,122,AK,SOLDOTNA,12970,34.9,,The existing line is a 115 kV transmission line primarily of wooden H-Frame and mono pole structures. The proposed line will be a double circuit transmission line having a 115 kV insulated circuit  a 230 kV insulated circuit  and include a new fiber communication line. The new structures are expected to be mostly single pole wood or steel vertical construction tangent structures and two pole wood or steel vertical construction for running angle structures or dead-end structures.,14.1-Mile Transmission Line between Soldotna Substation and Sterling Substation located on the  Kenai Peninsula  AK.,New Construction,Permanent,,,,,,,TRANSMISSION_LINE$T_L_TOWER,134,,134,152,286,,286,Homer electric Assoc. In.c,Homer Electric Assoc. Inc.,653470747-658518269,
2025-AAL-162-NRA,2023-AAL-182-NRA,Determined - No Hazard,To Proponent,2025-02-25,2025-02-25,2025-05-05,,70.20384444,-148.47304444,4D,,,,DEADHORSE,North Slope,185,AK,DEADHORSE,0,,Y,"Temporary use of 120 foot crane for installation of outdoor enclosed generator. \r\nWork Start and End dates are a range. Duration of work on-site will only be 2 days.",,New Construction,Temporary,0,1,2025-04-01,2025-04-20,,,CRANE,,,120,52,,,172,"New Horizons Telecom, Inc.","New Horizons Telecom, Inc.",,
2025-AAL-162-OE,,Determined - No Hazard,No Hazard,2025-04-10,2025-04-10,2025-05-06,2026-11-06,60.506275,-150.99849444,4D,None,,SS 0 5,Soldotna,Kenai Peninsula,122,AK,SOLDOTNA,13587,33.1,,The existing line is a 115 kV transmission line primarily of wooden H-Frame and mono pole structures. The proposed line will be a double circuit transmission line having a 115 kV insulated circuit  a 230 kV insulated circuit  and include a new fiber communication line. The new structures are expected to be mostly single pole wood or steel vertical construction tangent structures and two pole wood or steel vertical construction for running angle structures or dead-end structures.,14.1-Mile Transmission Line between Soldotna Substation and Sterling Substation located on the  Kenai Peninsula  AK.,New Construction,Permanent,,,,,,,TRANSMISSION_LINE$T_L_TOWER,129,,129,153,282,,282,Homer electric Assoc. In.c,Homer Electric Assoc. Inc.,653470751-658518263,
2025-AAL-163-NRA,2023-AAL-182-NRA,Determined - No Hazard,To Proponent,2025-02-25,2025-02-25,2025-05-05,,70.20384444,-148.47304444,4D,,,,DEADHORSE,North Slope,185,AK,DEADHORSE,0,,Y,"Temporary use of 120 foot crane for installation of outdoor enclosed generator. \r\nWork Start and End dates are a range. Duration of work on-site will only be 2 days.",,New Construction,Temporary,0,1,2025-04-01,2025-04-20,,,CRANE,,,120,52,,,172,"New Horizons Telecom, Inc.","New Horizons Telecom, Inc.",,
2025-AAL-163-OE,,Determined - No Hazard,No Hazard,2025-04-10,2025-04-10,2025-05-06,2026-11-06,60.50828611,-150.9985,4D,None,,SS 0 6,Soldotna,Kenai Peninsula,122,AK,SOLDOTNA,14208,31.5,,The existing line is a 115 kV transmission line primarily of wooden H-Frame and mono pole structures. The proposed line will be a double circuit transmission line having a 115 kV insulated circuit  a 230 kV insulated circuit  and include a new fiber communication line. The new structures are expected to be mostly single pole wood or steel vertical construction tangent structures and two pole wood or steel vertical construction for running angle structures or dead-end structures.,14.1-Mile Transmission Line between Soldotna Substation and Sterling Substation located on the  Kenai Peninsula  AK.,New Construction,Permanent,,,,,,,TRANSMISSION_LINE$T_L_TOWER,129,,129,167,296,,296,Homer electric Assoc. In.c,Homer Electric Assoc. Inc.,653470756-658518262,
2025-AAL-164-NRA,,Determined - No Hazard,To Proponent,2025-02-26,2025-02-26,2025-04-30,,55.356925,-131.71112222,4D,,,,KETCHIKAN,Ketchikan Gateway,130,AK,KETCHIKAN INTL,0,,Y,"PROPOSED TERMINAL EXPANSION HIGH MAST LIGHTS - POIs L1-L4\r\nAIP NO.: 3-02-XXXX-XXX-202X\r\n\r\nThese updated POIs REPLACE the previous ASNs which should be canceled:\r\n\r\n2024-AAL-1582-NRA\r\n2024-AAL-1583-NRA\r\n2024-AAL-1584-NRA\r\n2024-AAL-1585-NRA",,New Construction,Permanent,,,2025-04-01,2027-01-01,,,POLE$HIGH_MAST,,,52,43,,,95,Mead & Hunt,Ketchikan International Airport,,
2025-AAL-164-OE,,Determined - No Hazard,No Hazard,2025-04-10,2025-04-10,2025-05-06,2026-11-06,60.51085556,-150.99850278,4D,None,,SS 0 7,Soldotna,Kenai Peninsula,122,AK,SOLDOTNA,15017,29.6,,The existing line is a 115 kV transmission line primarily of wooden H-Frame and mono pole structures. The proposed line will be a double circuit transmission line having a 115 kV insulated circuit  a 230 kV insulated circuit  and include a new fiber communication line. The new structures are expected to be mostly single pole wood or steel vertical construction tangent structures and two pole wood or steel vertical construction for running angle structures or dead-end structures.,14.1-Mile Transmission Line between Soldotna Substation and Sterling Substation located on the  Kenai Peninsula  AK.,New Construction,Permanent,,,,,,,TRANSMISSION_LINE$T_L_TOWER,129,,129,176,305,,305,Homer electric Assoc. In.c,Homer Electric Assoc. Inc.,653470759-658518264,
2025-AAL-165-NRA,,Determined - No Hazard,To Proponent,2025-02-26,2025-02-26,2025-04-30,,55.35684167,-131.71033889,4D,,,,KETCHIKAN,Ketchikan Gateway,130,AK,KETCHIKAN INTL,0,,Y,"PROPOSED TERMINAL EXPANSION HIGH MAST LIGHTS - POIs L1-L4\r\nAIP NO.: 3-02-XXXX-XXX-202X\r\n\r\nThese updated POIs REPLACE the previous ASNs which should be canceled:\r\n\r\n2024-AAL-1582-NRA\r\n2024-AAL-1583-NRA\r\n2024-AAL-1584-NRA\r\n2024-AAL-1585-NRA",,New Construction,Permanent,,,2025-04-01,2027-01-01,,,POLE$HIGH_MAST,,,52,44,,,96,Mead & Hunt,Ketchikan International Airport,,
2025-AAL-165-OE,,Determined - No Hazard,No Hazard,2025-04-10,2025-04-10,2025-05-06,2026-11-06,60.51333611,-150.99850833,4D,None,,SS 0 8,Soldotna,Kenai Peninsula,122,AK,SOLDOTNA,15811,28,,The existing line is a 115 kV transmission line primarily of wooden H-Frame and mono pole structures. The proposed line will be a double circuit transmission line having a 115 kV insulated circuit  a 230 kV insulated circuit  and include a new fiber communication line. The new structures are expected to be mostly single pole wood or steel vertical construction tangent structures and two pole wood or steel vertical construction for running angle structures or dead-end structures.,14.1-Mile Transmission Line between Soldotna Substation and Sterling Substation located on the  Kenai Peninsula  AK.,New Construction,Permanent,,,,,,,TRANSMISSION_LINE$T_L_TOWER,129,,129,160,289,,289,Homer electric Assoc. In.c,Homer Electric Assoc. Inc.,653470761-658518257,
2025-AAL-166-NRA,,Determined - No Hazard,To Proponent,2025-02-26,2025-02-26,2025-04-30,,55.35649722,-131.70974722,4D,,,,KETCHIKAN,Ketchikan Gateway,130,AK,KETCHIKAN INTL,0,,Y,"PROPOSED TERMINAL EXPANSION HIGH MAST LIGHTS - POIs L1-L4\r\nAIP NO.: 3-02-XXXX-XXX-202X\r\n\r\nThese updated POIs REPLACE the previous ASNs which should be canceled:\r\n\r\n2024-AAL-1582-NRA\r\n2024-AAL-1583-NRA\r\n2024-AAL-1584-NRA\r\n2024-AAL-1585-NRA",,New Construction,Permanent,,,2025-04-01,2027-01-01,,,POLE$HIGH_MAST,,,52,45,,,97,Mead & Hunt,Ketchikan International Airport,,
2025-AAL-166-OE,,Determined - No Hazard,No Hazard,2025-04-10,2025-04-10,2025-05-06,2026-11-06,60.51580556,-150.99851111,4D,None,,SS 1 1,Soldotna,Kenai Peninsula,122,AK,SOLDOTNA,16613,26.5,,The existing line is a 115 kV transmission line primarily of wooden H-Frame and mono pole structures. The proposed line will be a double circuit transmission line having a 115 kV insulated circuit  a 230 kV insulated circuit  and include a new fiber communication line. The new structures are expected to be mostly single pole wood or steel vertical construction tangent structures and two pole wood or steel vertical construction for running angle structures or dead-end structures.,14.1-Mile Transmission Line between Soldotna Substation and Sterling Substation located on the  Kenai Peninsula  AK.,New Construction,Permanent,,,,,,,TRANSMISSION_LINE$T_L_TOWER,111,,111,193,304,,304,Homer electric Assoc. In.c,Homer Electric Assoc. Inc.,653470764-658518261,
2025-AAL-167-NRA,,Determined - No Hazard,To Proponent,2025-02-26,2025-02-26,2025-04-30,,55.35628333,-131.70943611,4D,,,,KETCHIKAN,Ketchikan Gateway,130,AK,KETCHIKAN INTL,0,,Y,"PROPOSED TERMINAL EXPANSION HIGH MAST LIGHTS - POIs L1-L4\r\nAIP NO.: 3-02-XXXX-XXX-202X\r\n\r\nThese updated POIs REPLACE the previous ASNs which should be canceled:\r\n\r\n2024-AAL-1582-NRA\r\n2024-AAL-1583-NRA\r\n2024-AAL-1584-NRA\r\n2024-AAL-1585-NRA",,New Construction,Permanent,,,2025-04-01,2027-01-01,,,POLE$HIGH_MAST,,,52,45,,,97,Mead & Hunt,Ketchikan International Airport,,
2025-AAL-167-OE,,Determined - No Hazard,No Hazard,2025-04-10,2025-04-10,2025-05-06,2026-11-06,60.51698056,-150.99851389,4D,None,,SS 1 2 L R,Soldotna,Kenai Peninsula,122,AK,SOLDOTNA,16998,25.8,,The existing line is a 115 kV transmission line primarily of wooden H-Frame and mono pole structures. The proposed line will be a double circuit transmission line having a 115 kV insulated circuit  a 230 kV insulated circuit  and include a new fiber communication line. The new structures are expected to be mostly single pole wood or steel vertical construction tangent structures and two pole wood or steel vertical construction for running angle structures or dead-end structures.,14.1-Mile Transmission Line between Soldotna Substation and Sterling Substation located on the  Kenai Peninsula  AK.,New Construction,Permanent,,,,,,,TRANSMISSION_LINE$T_L_TOWER,111,,111,201,312,,312,Homer electric Assoc. In.c,Homer Electric Assoc. Inc.,653470766-658518258,
2025-AAL-168-OE,,Determined - No Hazard,No Hazard,2025-04-10,2025-04-10,2025-05-06,2026-11-06,60.51698611,-151.00265,4D,None,,SS 1 3,Soldotna,Kenai Peninsula,122,AK,SOLDOTNA,16688,23.5,,The existing line is a 115 kV transmission line primarily of wooden H-Frame and mono pole structures. The proposed line will be a double circuit transmission line having a 115 kV insulated circuit  a 230 kV insulated circuit  and include a new fiber communication line. The new structures are expected to be mostly single pole wood or steel vertical construction tangent structures and two pole wood or steel vertical construction for running angle structures or dead-end structures.,14.1-Mile Transmission Line between Soldotna Substation and Sterling Substation located on the  Kenai Peninsula  AK.,New Construction,Permanent,,,,,,,TRANSMISSION_LINE$T_L_TOWER,116,,116,218,334,,334,Homer electric Assoc. In.c,Homer Electric Assoc. Inc.,653470774-658518266,
2025-AAL-169-NRA,,Determined - No Hazard,To Proponent,2025-02-26,2025-02-26,2025-04-01,,56.25538889,-158.769,4D,,,,CHIGNIK LAKE,Lake and Peninsula,164,AK,CHIGNIK LAKE,0,,Y,Request for use of temporary equipment. Unicom proposes to install an underground fiber optic cable and associated underground infrastructure  including overhead fiber routing on an existing 33 ft AGL utility pole on and along airport ROW property. The extended height of the mobile construction equipment will be 30 ft AGL. Please see attached figure and POI description table.,,New Construction,Temporary,0,4,2025-05-05,2025-09-05,,,CONSTRUCTION$VEHICLE,,,30,94,,,124,GCI,"Unicom, Inc.",,
2025-AAL-169-OE,,Determined - No Hazard,No Hazard,2025-04-10,2025-04-10,2025-05-06,2026-11-06,60.51698889,-151.00628056,4D,None,,SS 1 4,Soldotna,Kenai Peninsula,122,AK,SOLDOTNA,16439,21.5,,The existing line is a 115 kV transmission line primarily of wooden H-Frame and mono pole structures. The proposed line will be a double circuit transmission line having a 115 kV insulated circuit  a 230 kV insulated circuit  and include a new fiber communication line. The new structures are expected to be mostly single pole wood or steel vertical construction tangent structures and two pole wood or steel vertical construction for running angle structures or dead-end structures.,14.1-Mile Transmission Line between Soldotna Substation and Sterling Substation located on the  Kenai Peninsula  AK.,New Construction,Permanent,,,,,,,TRANSMISSION_LINE$T_L_TOWER,126,,126,196,322,,322,Homer electric Assoc. In.c,Homer Electric Assoc. Inc.,653470775-658518267,
2025-AAL-170-NRA,,Determined - No Hazard,To Proponent,2025-02-26,2025-02-26,2025-04-01,,56.25536111,-158.76908333,4D,,,,CHIGNIK LAKE,Lake and Peninsula,164,AK,CHIGNIK LAKE,0,,Y,Request for use of temporary equipment. Unicom proposes to install an underground fiber optic cable and associated underground infrastructure  including overhead fiber routing on an existing 33 ft AGL utility pole on and along airport ROW property. The extended height of the mobile construction equipment will be 30 ft AGL. Please see attached figure and POI description table.,,New Construction,Temporary,0,4,2025-05-05,2025-09-05,,,CONSTRUCTION$VEHICLE,,,33,94,,,127,GCI,"Unicom, Inc.",,
2025-AAL-170-OE,,Determined - No Hazard,No Hazard,2025-04-10,2025-04-10,2025-05-06,2026-11-06,60.51699167,-151.01041111,4D,None,,SS 1 5,Soldotna,Kenai Peninsula,122,AK,SOLDOTNA,16182,19,,The existing line is a 115 kV transmission line primarily of wooden H-Frame and mono pole structures. The proposed line will be a double circuit transmission line having a 115 kV insulated circuit  a 230 kV insulated circuit  and include a new fiber communication line. The new structures are expected to be mostly single pole wood or steel vertical construction tangent structures and two pole wood or steel vertical construction for running angle structures or dead-end structures.,14.1-Mile Transmission Line between Soldotna Substation and Sterling Substation located on the  Kenai Peninsula  AK.,New Construction,Permanent,,,,,,,TRANSMISSION_LINE$T_L_TOWER,111,,111,210,321,,321,Homer electric Assoc. In.c,Homer Electric Assoc. Inc.,653470776-658518270,
2025-AAL-171-NRA,,Determined - No Hazard,To Proponent,2025-02-26,2025-02-26,2025-04-01,,56.25511111,-158.76902778,4D,,,,CHIGNIK LAKE,Lake and Peninsula,164,AK,CHIGNIK LAKE,0,,Y,Request for use of temporary equipment. Unicom proposes to install an underground fiber optic cable and associated underground infrastructure  including overhead fiber routing on an existing 33 ft AGL utility pole on and along airport ROW property. The extended height of the mobile construction equipment will be 30 ft AGL. Please see attached figure and POI description table.,,New Construction,Temporary,0,4,2025-05-05,2025-09-05,,,CONSTRUCTION$VEHICLE,,,30,91,,,121,GCI,"Unicom, Inc.",,
2025-AAL-171-OE,,Determined - No Hazard,No Hazard,2025-04-10,2025-04-10,2025-05-06,2026-11-06,60.51699722,-151.014925,4D,None,,SS 1 6,Soldotna,Kenai Peninsula,122,AK,SOLDOTNA,15937,16.2,,The existing line is a 115 kV transmission line primarily of wooden H-Frame and mono pole structures. The proposed line will be a double circuit transmission line having a 115 kV insulated circuit  a 230 kV insulated circuit  and include a new fiber communication line. The new structures are expected to be mostly single pole wood or steel vertical construction tangent structures and two pole wood or steel vertical construction for running angle structures or dead-end structures.,14.1-Mile Transmission Line between Soldotna Substation and Sterling Substation located on the  Kenai Peninsula  AK.,New Construction,Permanent,,,,,,,TRANSMISSION_LINE$T_L_TOWER,121,,121,191,312,,312,Homer electric Assoc. In.c,Homer Electric Assoc. Inc.,653470777-658518291,
2025-AAL-172-NRA,,Determined - No Hazard,To Proponent,2025-02-26,2025-02-26,2025-04-01,,56.25394444,-158.76927778,4D,,,,CHIGNIK LAKE,Lake and Peninsula,164,AK,CHIGNIK LAKE,0,,Y,Request for use of temporary equipment. Unicom proposes to install an underground fiber optic cable and associated underground infrastructure  including overhead fiber routing on an existing 33 ft AGL utility pole on and along airport ROW property. The extended height of the mobile construction equipment will be 30 ft AGL. Please see attached figure and POI description table.,,New Construction,Temporary,0,4,2025-05-05,2025-09-05,,,CONSTRUCTION$VEHICLE,,,30,80,,,110,GCI,"Unicom, Inc.",,
2025-AAL-172-OE,,Determined - No Hazard,No Hazard,2025-04-10,2025-04-10,2025-05-06,2026-11-06,60.517,-151.01938889,4D,None,,SS 1 7,Soldotna,Kenai Peninsula,122,AK,SOLDOTNA,15732,13.4,,The existing line is a 115 kV transmission line primarily of wooden H-Frame and mono pole structures. The proposed line will be a double circuit transmission line having a 115 kV insulated circuit  a 230 kV insulated circuit  and include a new fiber communication line. The new structures are expected to be mostly single pole wood or steel vertical construction tangent structures and two pole wood or steel vertical construction for running angle structures or dead-end structures.,14.1-Mile Transmission Line between Soldotna Substation and Sterling Substation located on the  Kenai Peninsula  AK.,New Construction,Permanent,,,,,,,TRANSMISSION_LINE$T_L_TOWER,126,,126,191,317,,317,Homer electric Assoc. In.c,Homer Electric Assoc. Inc.,653470778-658518260,
2025-AAL-173-OE,,Determined - No Hazard,No Hazard,2025-04-10,2025-04-10,2025-05-06,2026-11-06,60.51700278,-151.02380556,4D,None,,SS 2 1,Soldotna,Kenai Peninsula,122,AK,SOLDOTNA,15568,10.6,,The existing line is a 115 kV transmission line primarily of wooden H-Frame and mono pole structures. The proposed line will be a double circuit transmission line having a 115 kV insulated circuit  a 230 kV insulated circuit  and include a new fiber communication line. The new structures are expected to be mostly single pole wood or steel vertical construction tangent structures and two pole wood or steel vertical construction for running angle structures or dead-end structures.,14.1-Mile Transmission Line between Soldotna Substation and Sterling Substation located on the  Kenai Peninsula  AK.,New Construction,Permanent,,,,,,,TRANSMISSION_LINE$T_L_TOWER,111,,111,205,316,,316,Homer electric Assoc. In.c,Homer Electric Assoc. Inc.,653470780-658518271,
2025-AAL-174-OE,,Determined - No Hazard,No Hazard,2025-04-10,2025-04-10,2025-05-06,2026-11-06,60.51700556,-151.027775,4D,None,,SS 2 2,Soldotna,Kenai Peninsula,122,AK,SOLDOTNA,15453,8,,The existing line is a 115 kV transmission line primarily of wooden H-Frame and mono pole structures. The proposed line will be a double circuit transmission line having a 115 kV insulated circuit  a 230 kV insulated circuit  and include a new fiber communication line. The new structures are expected to be mostly single pole wood or steel vertical construction tangent structures and two pole wood or steel vertical construction for running angle structures or dead-end structures.,14.1-Mile Transmission Line between Soldotna Substation and Sterling Substation located on the  Kenai Peninsula  AK.,New Construction,Permanent,,,,,,,TRANSMISSION_LINE$T_L_TOWER,126,,126,201,327,,327,Homer electric Assoc. In.c,Homer Electric Assoc. Inc.,653470782-658518303,
2025-AAL-175-OE,,Determined - No Hazard,No Hazard,2025-04-10,2025-04-10,2025-05-06,2026-11-06,60.51700833,-151.03129444,4D,None,,SS 2 3,Soldotna,Kenai Peninsula,122,AK,SOLDOTNA,15379,5.6,,The existing line is a 115 kV transmission line primarily of wooden H-Frame and mono pole structures. The proposed line will be a double circuit transmission line having a 115 kV insulated circuit  a 230 kV insulated circuit  and include a new fiber communication line. The new structures are expected to be mostly single pole wood or steel vertical construction tangent structures and two pole wood or steel vertical construction for running angle structures or dead-end structures.,14.1-Mile Transmission Line between Soldotna Substation and Sterling Substation located on the  Kenai Peninsula  AK.,New Construction,Permanent,,,,,,,TRANSMISSION_LINE$T_L_TOWER,116,,116,218,334,,334,Homer electric Assoc. In.c,Homer Electric Assoc. Inc.,653470783-658518265,
2025-AAL-176-NRA,,Determined - No Hazard,To Proponent,2025-02-26,2025-02-26,2025-05-05,,64.5075,-165.43944444,4D,,,,NOME,Nome,180,AK,NOME,0,,Y,Use wheel cat front-end loaders to demo the existing structure outside the tarmac area.,,New Construction,Temporary,30,2,2025-07-15,2025-09-15,,,CONSTRUCTION$VEHICLE,,,24,17,,,41,Alaska Commercial Development Group,Alaska Commercial Development Group,,
2025-AAL-176-OE,,Determined - No Hazard,No Hazard,2025-04-10,2025-04-10,2025-05-06,2026-11-06,60.51701111,-151.0349,4D,None,,SS 2 4 L R,Soldotna,Kenai Peninsula,122,AK,SOLDOTNA,15330,3.2,,The existing line is a 115 kV transmission line primarily of wooden H-Frame and mono pole structures. The proposed line will be a double circuit transmission line having a 115 kV insulated circuit  a 230 kV insulated circuit  and include a new fiber communication line. The new structures are expected to be mostly single pole wood or steel vertical construction tangent structures and two pole wood or steel vertical construction for running angle structures or dead-end structures.,14.1-Mile Transmission Line between Soldotna Substation and Sterling Substation located on the  Kenai Peninsula  AK.,New Construction,Permanent,,,,,,,TRANSMISSION_LINE$T_L_TOWER,113,,113,204,317,,317,Homer electric Assoc. In.c,Homer Electric Assoc. Inc.,653470786-658518259,
2025-AAL-177-NRA,,Determined - No Hazard,To Proponent,2025-02-26,2025-02-26,2025-05-05,,64.50777778,-165.44,4D,,,,NOME,Nome,180,AK,NOME,0,,Y,Use wheel cat front-end loaders to demo the existing structure outside the tarmac area.,,New Construction,Temporary,30,2,2025-07-15,2025-09-15,,,CONSTRUCTION$VEHICLE,,,24,16,,,40,Alaska Commercial Development Group,Alaska Commercial Development Group,,
2025-AAL-177-OE,,Determined - No Hazard,No Hazard,2025-04-10,2025-04-10,2025-05-06,2026-11-06,60.51865556,-151.03591389,4D,None,,SS 2 5 L R,Soldotna,Kenai Peninsula,122,AK,SOLDOTNA,15922,2.4,,The existing line is a 115 kV transmission line primarily of wooden H-Frame and mono pole structures. The proposed line will be a double circuit transmission line having a 115 kV insulated circuit  a 230 kV insulated circuit  and include a new fiber communication line. The new structures are expected to be mostly single pole wood or steel vertical construction tangent structures and two pole wood or steel vertical construction for running angle structures or dead-end structures.,14.1-Mile Transmission Line between Soldotna Substation and Sterling Substation located on the  Kenai Peninsula  AK.,New Construction,Permanent,,,,,,,TRANSMISSION_LINE$T_L_TOWER,120,,120,214,334,,334,Homer electric Assoc. In.c,Homer Electric Assoc. Inc.,653470788-658518268,
2025-AAL-178-NRA,,Determined - No Hazard,To Proponent,2025-02-26,2025-02-26,2025-05-05,,64.50764722,-165.439175,4D,,,,NOME,Nome,180,AK,NOME,0,,Y,Use wheel cat front-end loaders to demo the existing structure outside the tarmac area.,,New Construction,Temporary,30,2,2025-07-15,2025-09-15,,,CONSTRUCTION$VEHICLE,,,24,16,,,40,Alaska Commercial Development Group,Alaska Commercial Development Group,,
2025-AAL-178-OE,,Determined - No Hazard,No Hazard,2025-04-10,2025-04-10,2025-05-06,2026-11-06,60.5197,-151.04015833,4D,None,,SS 2 6,Soldotna,Kenai Peninsula,122,AK,SOLDOTNA,16290,359.7,,The existing line is a 115 kV transmission line primarily of wooden H-Frame and mono pole structures. The proposed line will be a double circuit transmission line having a 115 kV insulated circuit  a 230 kV insulated circuit  and include a new fiber communication line. The new structures are expected to be mostly single pole wood or steel vertical construction tangent structures and two pole wood or steel vertical construction for running angle structures or dead-end structures.,14.1-Mile Transmission Line between Soldotna Substation and Sterling Substation located on the  Kenai Peninsula  AK.,New Construction,Permanent,,,,,,,TRANSMISSION_LINE$T_L_TOWER,125,,125,214,339,,339,Homer electric Assoc. In.c,Homer Electric Assoc. Inc.,653470789-658518302,
2025-AAL-179-OE,,Determined - No Hazard,No Hazard,2025-04-10,2025-04-10,2025-05-06,2026-11-06,60.52058611,-151.04375833,4D,None,,SS 2 7,Soldotna,Kenai Peninsula,122,AK,SOLDOTNA,16630,357.4,,The existing line is a 115 kV transmission line primarily of wooden H-Frame and mono pole structures. The proposed line will be a double circuit transmission line having a 115 kV insulated circuit  a 230 kV insulated circuit  and include a new fiber communication line. The new structures are expected to be mostly single pole wood or steel vertical construction tangent structures and two pole wood or steel vertical construction for running angle structures or dead-end structures.,14.1-Mile Transmission Line between Soldotna Substation and Sterling Substation located on the  Kenai Peninsula  AK.,New Construction,Permanent,,,,,,,TRANSMISSION_LINE$T_L_TOWER,111,,111,233,344,,344,Homer electric Assoc. In.c,Homer Electric Assoc. Inc.,653470790-658518301,
2025-AAL-180-NRA,,Determined - No Hazard,To Proponent,2025-02-26,2025-02-26,2025-05-05,,64.50760278,-165.44014167,4D,,,,NOME,Nome,180,AK,NOME,0,,Y,Use wheel cat front-end loaders to demo the existing structure outside the tarmac area.,,New Construction,Temporary,30,2,2025-07-15,2025-09-15,,,CONSTRUCTION$VEHICLE,,,24,16,,,40,Alaska Commercial Development Group,Alaska Commercial Development Group,,
2025-AAL-180-OE,,Determined - No Hazard,No Hazard,2025-04-10,2025-04-10,2025-05-06,2026-11-06,60.52153056,-151.04759167,4D,None,,SS 2 8,Soldotna,Kenai Peninsula,122,AK,SOLDOTNA,17019,355.2,,The existing line is a 115 kV transmission line primarily of wooden H-Frame and mono pole structures. The proposed line will be a double circuit transmission line having a 115 kV insulated circuit  a 230 kV insulated circuit  and include a new fiber communication line. The new structures are expected to be mostly single pole wood or steel vertical construction tangent structures and two pole wood or steel vertical construction for running angle structures or dead-end structures.,14.1-Mile Transmission Line between Soldotna Substation and Sterling Substation located on the  Kenai Peninsula  AK.,New Construction,Permanent,,,,,,,TRANSMISSION_LINE$T_L_TOWER,125,,125,227,352,,352,Homer electric Assoc. In.c,Homer Electric Assoc. Inc.,653470796-658518290,
2025-AAL-181-NRA,,Determined - No Hazard,To Proponent,2025-02-26,2025-02-26,2025-04-23,,66.24923333,-166.09759167,4D,,,Excavator 30 feet height,SHISHMAREF,Nome,180,AK,SHISHMAREF,0,,Y,Request use for temporary equipment. Construction activities to perform post storm repairs to the existing Shishmaref Sanitation Road are to occur in summer 2025. Work to include repairing the existing rock revetment  removing debris  and repairing damaged sections of the road.,,New Construction,Temporary,0,3,2025-06-30,2025-09-30,,,CONSTRUCTION$VEHICLE,,,30,14,,,44,Alaska DOT&PF,Alaska DOT&PF,,
2025-AAL-181-OE,,Determined - No Hazard,No Hazard,2025-04-10,2025-04-10,2025-05-06,2026-11-06,60.52230833,-151.05075556,4D,None,,SS 3 1,Soldotna,Kenai Peninsula,122,AK,SOLDOTNA,17359,353.4,,The existing line is a 115 kV transmission line primarily of wooden H-Frame and mono pole structures. The proposed line will be a double circuit transmission line having a 115 kV insulated circuit  a 230 kV insulated circuit  and include a new fiber communication line. The new structures are expected to be mostly single pole wood or steel vertical construction tangent structures and two pole wood or steel vertical construction for running angle structures or dead-end structures.,14.1-Mile Transmission Line between Soldotna Substation and Sterling Substation located on the  Kenai Peninsula  AK.,New Construction,Permanent,,,,,,,TRANSMISSION_LINE$T_L_TOWER,116,,116,222,338,,338,Homer electric Assoc. In.c,Homer Electric Assoc. Inc.,653470803-658518489,
2025-AAL-182-NRA,,Determined - No Hazard,To Proponent,2025-02-26,2025-02-26,2025-04-23,,66.24569722,-166.11011111,4D,,,Excavator 30 feet height,SHISHMAREF,Nome,180,AK,SHISHMAREF,0,,Y,Request use for temporary equipment. POINT #1: Construction activities to perform post storm repairs to the existing Shishmaref Sanitation Road are to occur in summer 2025. Work to include repairing the existing rock revetment  removing debris  and repairing damaged sections of the road.,,New Construction,Temporary,0,3,2025-06-30,2025-09-30,,,CONSTRUCTION$VEHICLE,,,30,14,,,44,Alaska DOT&PF,Alaska DOT&PF,,
2025-AAL-182-OE,,Determined - No Hazard,No Hazard,2025-04-10,2025-04-10,2025-05-06,2026-11-06,60.5231,-151.05396944,4D,None,,SS 3 2,Soldotna,Kenai Peninsula,122,AK,SOLDOTNA,17722,351.6,,The existing line is a 115 kV transmission line primarily of wooden H-Frame and mono pole structures. The proposed line will be a double circuit transmission line having a 115 kV insulated circuit  a 230 kV insulated circuit  and include a new fiber communication line. The new structures are expected to be mostly single pole wood or steel vertical construction tangent structures and two pole wood or steel vertical construction for running angle structures or dead-end structures.,14.1-Mile Transmission Line between Soldotna Substation and Sterling Substation located on the  Kenai Peninsula  AK.,New Construction,Permanent,,,,,,,TRANSMISSION_LINE$T_L_TOWER,121,,121,208,329,,329,Homer electric Assoc. In.c,Homer Electric Assoc. Inc.,653470811-658518488,
2025-AAL-183-NRA,,Determined - No Hazard,To Proponent,2025-02-26,2025-02-26,2025-04-23,,66.24610833,-166.10888333,4D,,,Excavator 30 feet height,SHISHMAREF,Nome,180,AK,SHISHMAREF,0,,Y,Request use for temporary equipment. POINT #2: Construction activities to perform post storm repairs to the existing Shishmaref Sanitation Road are to occur in summer 2025. Work to include repairing the existing rock revetment  removing debris  and repairing damaged sections of the road.,,New Construction,Temporary,0,3,2025-06-30,2025-09-30,,,CONSTRUCTION$VEHICLE,,,30,14,,,44,Alaska DOT&PF,Alaska DOT&PF,,
2025-AAL-183-OE,,Determined - No Hazard,No Hazard,2025-04-10,2025-04-10,2025-05-06,2026-11-06,60.52388611,-151.05716667,4D,None,,SS 3 3 L R,Soldotna,Kenai Peninsula,122,AK,SOLDOTNA,18098,350,,The existing line is a 115 kV transmission line primarily of wooden H-Frame and mono pole structures. The proposed line will be a double circuit transmission line having a 115 kV insulated circuit  a 230 kV insulated circuit  and include a new fiber communication line. The new structures are expected to be mostly single pole wood or steel vertical construction tangent structures and two pole wood or steel vertical construction for running angle structures or dead-end structures.,14.1-Mile Transmission Line between Soldotna Substation and Sterling Substation located on the  Kenai Peninsula  AK.,New Construction,Permanent,,,,,,,TRANSMISSION_LINE$T_L_TOWER,105,,105,219,324,,324,Homer electric Assoc. In.c,Homer Electric Assoc. Inc.,653470813-658518486,
2025-AAL-184-NRA,,Determined - No Hazard,To Proponent,2025-02-26,2025-02-26,2025-04-23,,66.24643889,-166.10768889,4D,,,Excavator 30 feet height,SHISHMAREF,Nome,180,AK,SHISHMAREF,0,,Y,Request use for temporary equipment. POINT #3: Construction activities to perform post storm repairs to the existing Shishmaref Sanitation Road are to occur in summer 2025. Work to include repairing the existing rock revetment  removing debris  and repairing damaged sections of the road.,,New Construction,Temporary,0,3,2025-06-30,2025-09-30,,,CONSTRUCTION$VEHICLE,,,30,14,,,44,Alaska DOT&PF,Alaska DOT&PF,,
2025-AAL-184-OE,,Determined - No Hazard,No Hazard,2025-04-10,2025-04-10,2025-05-06,2026-11-06,60.52518889,-151.05717222,4D,None,,SS 3 4,Soldotna,Kenai Peninsula,122,AK,SOLDOTNA,18567,350.2,,The existing line is a 115 kV transmission line primarily of wooden H-Frame and mono pole structures. The proposed line will be a double circuit transmission line having a 115 kV insulated circuit  a 230 kV insulated circuit  and include a new fiber communication line. The new structures are expected to be mostly single pole wood or steel vertical construction tangent structures and two pole wood or steel vertical construction for running angle structures or dead-end structures.,14.1-Mile Transmission Line between Soldotna Substation and Sterling Substation located on the  Kenai Peninsula  AK.,New Construction,Permanent,,,,,,,TRANSMISSION_LINE$T_L_TOWER,111,,111,204,315,,315,Homer electric Assoc. In.c,Homer Electric Assoc. Inc.,653470818-658518487,
2025-AAL-185-NRA,,Determined - No Hazard,To Proponent,2025-02-26,2025-02-26,2025-04-23,,66.24676111,-166.10644722,4D,,,Excavator 30 feet height,SHISHMAREF,Nome,180,AK,SHISHMAREF,0,,Y,Request use for temporary equipment. POINT #4: Construction activities to perform post storm repairs to the existing Shishmaref Sanitation Road are to occur in summer 2025. Work to include repairing the existing rock revetment  removing debris  and repairing damaged sections of the road.,,New Construction,Temporary,0,3,2025-06-30,2025-09-30,,,CONSTRUCTION$VEHICLE,,,30,14,,,44,Alaska DOT&PF,Alaska DOT&PF,,
2025-AAL-185-OE,,Determined - No Hazard,No Hazard,2025-04-10,2025-04-10,2025-05-06,2026-11-06,60.52692222,-151.05717778,4D,None,,SS 3 5,Soldotna,Kenai Peninsula,122,AK,SOLDOTNA,19192,350.5,,The existing line is a 115 kV transmission line primarily of wooden H-Frame and mono pole structures. The proposed line will be a double circuit transmission line having a 115 kV insulated circuit  a 230 kV insulated circuit  and include a new fiber communication line. The new structures are expected to be mostly single pole wood or steel vertical construction tangent structures and two pole wood or steel vertical construction for running angle structures or dead-end structures.,14.1-Mile Transmission Line between Soldotna Substation and Sterling Substation located on the  Kenai Peninsula  AK.,New Construction,Permanent,,,,,,,TRANSMISSION_LINE$T_L_TOWER,110,,110,196,306,,306,Homer electric Assoc. In.c,Homer Electric Assoc. Inc.,653470823-658518524,
2025-AAL-186-NRA,,Determined - No Hazard,To Proponent,2025-02-26,2025-02-26,2025-04-23,,66.24714167,-166.10511111,4D,,,Excavator 30 feet height,SHISHMAREF,Nome,180,AK,SHISHMAREF,0,,Y,Request use for temporary equipment. POINT #5: Construction activities to perform post storm repairs to the existing Shishmaref Sanitation Road are to occur in summer 2025. Work to include repairing the existing rock revetment  removing debris  and repairing damaged sections of the road.,,New Construction,Temporary,0,3,2025-06-30,2025-09-30,,,CONSTRUCTION$VEHICLE,,,30,14,,,44,Alaska DOT&PF,Alaska DOT&PF,,
2025-AAL-186-OE,,Determined - No Hazard,No Hazard,2025-04-10,2025-04-10,2025-05-06,2026-11-06,60.52881389,-151.05718611,4D,None,,SS 3 6,Soldotna,Kenai Peninsula,122,AK,SOLDOTNA,19874,350.8,,The existing line is a 115 kV transmission line primarily of wooden H-Frame and mono pole structures. The proposed line will be a double circuit transmission line having a 115 kV insulated circuit  a 230 kV insulated circuit  and include a new fiber communication line. The new structures are expected to be mostly single pole wood or steel vertical construction tangent structures and two pole wood or steel vertical construction for running angle structures or dead-end structures.,14.1-Mile Transmission Line between Soldotna Substation and Sterling Substation located on the  Kenai Peninsula  AK.,New Construction,Permanent,,,,,,,TRANSMISSION_LINE$T_L_TOWER,116,,116,194,310,,310,Homer electric Assoc. In.c,Homer Electric Assoc. Inc.,653470825-658518525,
2025-AAL-187-NRA,,Determined - No Hazard,To Proponent,2025-02-26,2025-02-26,2025-04-23,,66.24756111,-166.10368889,4D,,,Excavator 30 feet height,SHISHMAREF,Nome,180,AK,SHISHMAREF,0,,Y,Request use for temporary equipment. POINT #6: Construction activities to perform post storm repairs to the existing Shishmaref Sanitation Road are to occur in summer 2025. Work to include repairing the existing rock revetment  removing debris  and repairing damaged sections of the road.,,New Construction,Temporary,0,3,2025-06-30,2025-09-30,,,CONSTRUCTION$VEHICLE,,,30,14,,,44,Alaska DOT&PF,Alaska DOT&PF,,
2025-AAL-187-OE,,Determined - No Hazard,No Hazard,2025-04-10,2025-04-10,2025-05-06,2026-11-06,60.53071111,-151.05719444,4D,None,,SS 3 7,Soldotna,Kenai Peninsula,122,AK,SOLDOTNA,20560,351.2,,The existing line is a 115 kV transmission line primarily of wooden H-Frame and mono pole structures. The proposed line will be a double circuit transmission line having a 115 kV insulated circuit  a 230 kV insulated circuit  and include a new fiber communication line. The new structures are expected to be mostly single pole wood or steel vertical construction tangent structures and two pole wood or steel vertical construction for running angle structures or dead-end structures.,14.1-Mile Transmission Line between Soldotna Substation and Sterling Substation located on the  Kenai Peninsula  AK.,New Construction,Permanent,,,,,,,TRANSMISSION_LINE$T_L_TOWER,116,,116,195,311,,311,Homer electric Assoc. In.c,Homer Electric Assoc. Inc.,653470826-658518532,
2025-AAL-188-NRA,,Determined - No Hazard,To Proponent,2025-02-26,2025-02-26,2025-04-23,,66.24795278,-166.10218611,4D,,,Excavator 30 feet height,SHISHMAREF,Nome,180,AK,SHISHMAREF,0,,Y,Request use for temporary equipment. POINT #7: Construction activities to perform post storm repairs to the existing Shishmaref Sanitation Road are to occur in summer 2025. Work to include repairing the existing rock revetment  removing debris  and repairing damaged sections of the road.,,New Construction,Temporary,0,3,2025-06-30,2025-09-30,,,CONSTRUCTION$VEHICLE,,,30,14,,,44,Alaska DOT&PF,Alaska DOT&PF,,
2025-AAL-188-OE,,Determined - No Hazard,No Hazard,2025-04-10,2025-04-10,2025-05-06,2026-11-06,60.53243611,-151.0572,4D,None,,SS 3 8,Soldotna,Kenai Peninsula,122,AK,SOLDOTNA,21183,351.4,,The existing line is a 115 kV transmission line primarily of wooden H-Frame and mono pole structures. The proposed line will be a double circuit transmission line having a 115 kV insulated circuit  a 230 kV insulated circuit  and include a new fiber communication line. The new structures are expected to be mostly single pole wood or steel vertical construction tangent structures and two pole wood or steel vertical construction for running angle structures or dead-end structures.,14.1-Mile Transmission Line between Soldotna Substation and Sterling Substation located on the  Kenai Peninsula  AK.,New Construction,Permanent,,,,,,,TRANSMISSION_LINE$T_L_TOWER,110,,110,200,310,,310,Homer electric Assoc. In.c,Homer Electric Assoc. Inc.,653470827-658518533,
2025-AAL-189-NRA,,Determined - No Hazard,To Proponent,2025-02-26,2025-02-26,2025-04-23,,66.24840556,-166.10058611,4D,,,Excavator 30 feet height,SHISHMAREF,Nome,180,AK,SHISHMAREF,0,,Y,Request use for temporary equipment. POINT #8: Construction activities to perform post storm repairs to the existing Shishmaref Sanitation Road are to occur in summer 2025. Work to include repairing the existing rock revetment  removing debris  and repairing damaged sections of the road.,,New Construction,Temporary,0,3,2025-06-30,2025-09-30,,,CONSTRUCTION$VEHICLE,,,30,14,,,44,Alaska DOT&PF,Alaska DOT&PF,,
2025-AAL-189-OE,,Determined - No Hazard,No Hazard,2025-04-10,2025-04-10,2025-05-06,2026-11-06,60.53426389,-151.05720833,4D,None,,SS 4 1,Soldotna,Kenai Peninsula,122,AK,SOLDOTNA,21844,351.7,,The existing line is a 115 kV transmission line primarily of wooden H-Frame and mono pole structures. The proposed line will be a double circuit transmission line having a 115 kV insulated circuit  a 230 kV insulated circuit  and include a new fiber communication line. The new structures are expected to be mostly single pole wood or steel vertical construction tangent structures and two pole wood or steel vertical construction for running angle structures or dead-end structures.,14.1-Mile Transmission Line between Soldotna Substation and Sterling Substation located on the  Kenai Peninsula  AK.,New Construction,Permanent,,,,,,,TRANSMISSION_LINE$T_L_TOWER,116,,116,208,324,,324,Homer electric Assoc. In.c,Homer Electric Assoc. Inc.,653470832-658518534,
2025-AAL-190-NRA,,Determined - No Hazard,To Proponent,2025-02-26,2025-02-26,2025-04-23,,66.24883333,-166.09903056,4D,,,Excavator 30 feet height,SHISHMAREF,Nome,180,AK,SHISHMAREF,0,,Y,Request use for temporary equipment. POINT #9: Construction activities to perform post storm repairs to the existing Shishmaref Sanitation Road are to occur in summer 2025. Work to include repairing the existing rock revetment  removing debris  and repairing damaged sections of the road.,,New Construction,Temporary,0,3,2025-06-30,2025-09-30,,,CONSTRUCTION$VEHICLE,,,30,14,,,44,Alaska DOT&PF,Alaska DOT&PF,,
2025-AAL-190-OE,,Determined - No Hazard,No Hazard,2025-04-10,2025-04-10,2025-05-06,2026-11-06,60.53635833,-151.05721667,4D,None,,SS 4 2,Soldotna,Kenai Peninsula,122,AK,SOLDOTNA,22602,351.9,,The existing line is a 115 kV transmission line primarily of wooden H-Frame and mono pole structures. The proposed line will be a double circuit transmission line having a 115 kV insulated circuit  a 230 kV insulated circuit  and include a new fiber communication line. The new structures are expected to be mostly single pole wood or steel vertical construction tangent structures and two pole wood or steel vertical construction for running angle structures or dead-end structures.,14.1-Mile Transmission Line between Soldotna Substation and Sterling Substation located on the  Kenai Peninsula  AK.,New Construction,Permanent,,,,,,,TRANSMISSION_LINE$T_L_TOWER,120,,120,195,315,,315,Homer electric Assoc. In.c,Homer Electric Assoc. Inc.,653470837-658518535,
2025-AAL-191-NRA,,Determined - No Hazard,To Proponent,2025-02-27,2025-02-27,2025-04-25,,55.91025,-159.16025,4D,,,,PERRYVILLE,Lake and Peninsula,164,AK,PERRYVILLE,0,,Y,Request the use of temporary equipment. Unicom proposes to install an underground fiber optic cable and associated underground infrastructure on and along airport ROW property. The maximum extended height of the mobile construction equipment will be 30 ft AGL. Please see attached figure and POI description table.,,New Construction,Temporary,0,4,2025-05-05,2025-09-05,,,CONSTRUCTION$VEHICLE,,,30,68,,,98,GCI,"Unicom, Inc.",,
2025-AAL-191-OE,,Determined - No Hazard,No Hazard,2025-04-10,2025-04-10,2025-05-06,2026-11-06,60.53855556,-151.057225,4D,None,,SS 4 3,Soldotna,Kenai Peninsula,122,AK,SOLDOTNA,23398,352.2,,The existing line is a 115 kV transmission line primarily of wooden H-Frame and mono pole structures. The proposed line will be a double circuit transmission line having a 115 kV insulated circuit  a 230 kV insulated circuit  and include a new fiber communication line. The new structures are expected to be mostly single pole wood or steel vertical construction tangent structures and two pole wood or steel vertical construction for running angle structures or dead-end structures.,14.1-Mile Transmission Line between Soldotna Substation and Sterling Substation located on the  Kenai Peninsula  AK.,New Construction,Permanent,,,,,,,TRANSMISSION_LINE$T_L_TOWER,120,,120,167,287,,287,Homer electric Assoc. In.c,Homer Electric Assoc. Inc.,653470839-658518536,
2025-AAL-192-NRA,,Determined - No Hazard,To Proponent,2025-02-27,2025-02-27,2025-04-25,,55.91216667,-159.15647222,4D,,,,PERRYVILLE,Lake and Peninsula,164,AK,PERRYVILLE,0,,Y,Request the use of temporary equipment. Unicom proposes to install an underground fiber optic cable and associated underground infrastructure on and along airport ROW property. The maximum extended height of the mobile construction equipment will be 30 ft AGL. Please see attached figure and POI description table.,,New Construction,Temporary,0,4,2025-05-05,2025-09-05,,,CONSTRUCTION$VEHICLE,,,30,71,,,101,GCI,"Unicom, Inc.",,
2025-AAL-192-OE,,Determined - No Hazard,No Hazard,2025-04-10,2025-04-10,2025-05-06,2026-11-06,60.5408,-151.05723333,4D,None,,SS 4 4,Soldotna,Kenai Peninsula,122,AK,SOLDOTNA,24211,352.5,,The existing line is a 115 kV transmission line primarily of wooden H-Frame and mono pole structures. The proposed line will be a double circuit transmission line having a 115 kV insulated circuit  a 230 kV insulated circuit  and include a new fiber communication line. The new structures are expected to be mostly single pole wood or steel vertical construction tangent structures and two pole wood or steel vertical construction for running angle structures or dead-end structures.,14.1-Mile Transmission Line between Soldotna Substation and Sterling Substation located on the  Kenai Peninsula  AK.,New Construction,Permanent,,,,,,,TRANSMISSION_LINE$T_L_TOWER,126,,126,158,284,,284,Homer electric Assoc. In.c,Homer Electric Assoc. Inc.,653470844-658518539,
2025-AAL-193-NRA,,Determined - No Hazard,To Proponent,2025-02-27,2025-02-27,2025-04-25,,55.91336111,-159.15425,4D,,,,PERRYVILLE,Lake and Peninsula,164,AK,PERRYVILLE,0,,Y,Request the use of temporary equipment. Unicom proposes to install an underground fiber optic cable and associated underground infrastructure on and along airport ROW property. The maximum extended height of the mobile construction equipment will be 30 ft AGL. Please see attached figure and POI description table.,,New Construction,Temporary,0,4,2025-05-05,2025-09-05,,,CONSTRUCTION$VEHICLE,,,30,68,,,98,GCI,"Unicom, Inc.",,
2025-AAL-193-OE,,Determined - No Hazard,No Hazard,2025-04-10,2025-04-10,2025-05-06,2026-11-06,60.54271389,-151.05724167,4D,None,,SS 4 5,Soldotna,Kenai Peninsula,122,AK,SOLDOTNA,24905,352.7,,The existing line is a 115 kV transmission line primarily of wooden H-Frame and mono pole structures. The proposed line will be a double circuit transmission line having a 115 kV insulated circuit  a 230 kV insulated circuit  and include a new fiber communication line. The new structures are expected to be mostly single pole wood or steel vertical construction tangent structures and two pole wood or steel vertical construction for running angle structures or dead-end structures.,14.1-Mile Transmission Line between Soldotna Substation and Sterling Substation located on the  Kenai Peninsula  AK.,New Construction,Permanent,,,,,,,TRANSMISSION_LINE$T_L_TOWER,116,,116,166,282,,282,Homer electric Assoc. In.c,Homer Electric Assoc. Inc.,653470848-658518540,
2025-AAL-194-NRA,,Determined - No Hazard,To Proponent,2025-02-27,2025-02-27,2025-04-25,,55.91355556,-159.15430556,4D,,,,PERRYVILLE,Lake and Peninsula,164,AK,PERRYVILLE,0,,Y,Request the use of temporary equipment. Unicom proposes to install an underground fiber optic cable and associated underground infrastructure on and along airport ROW property. The maximum extended height of the mobile construction equipment will be 30 ft AGL. Please see attached figure and POI description table.,,New Construction,Temporary,0,4,2025-05-05,2025-09-05,,,CONSTRUCTION$VEHICLE,,,30,70,,,100,GCI,"Unicom, Inc.",,
2025-AAL-194-OE,,Determined - No Hazard,No Hazard,2025-04-10,2025-04-10,2025-05-06,2026-11-06,60.54430556,-151.05724722,4D,None,,SS 4 6,Soldotna,Kenai Peninsula,122,AK,SOLDOTNA,25483,352.9,,The existing line is a 115 kV transmission line primarily of wooden H-Frame and mono pole structures. The proposed line will be a double circuit transmission line having a 115 kV insulated circuit  a 230 kV insulated circuit  and include a new fiber communication line. The new structures are expected to be mostly single pole wood or steel vertical construction tangent structures and two pole wood or steel vertical construction for running angle structures or dead-end structures.,14.1-Mile Transmission Line between Soldotna Substation and Sterling Substation located on the  Kenai Peninsula  AK.,New Construction,Permanent,,,,,,,TRANSMISSION_LINE$T_L_TOWER,126,,126,166,292,,292,Homer electric Assoc. In.c,Homer Electric Assoc. Inc.,653470852-658518541,
2025-AAL-195-NRA,,Determined - No Hazard,To Proponent,2025-02-27,2025-02-27,2025-04-25,,55.91202778,-159.15175,4D,,,,PERRYVILLE,Lake and Peninsula,164,AK,PERRYVILLE,0,,Y,Request the use of temporary equipment. Unicom proposes to install an underground fiber optic cable and associated underground infrastructure on and along airport ROW property. The maximum extended height of the mobile construction equipment will be 30 ft AGL. Please see attached figure and POI description table.,,New Construction,Temporary,0,4,2025-05-05,2025-09-05,,,CONSTRUCTION$VEHICLE,,,30,68,,,98,GCI,"Unicom, Inc.",,
2025-AAL-195-OE,,Determined - No Hazard,No Hazard,2025-04-10,2025-04-10,2025-05-06,2026-11-06,60.5454,-151.05725,4D,None,,SS 4 7 L R,Soldotna,Kenai Peninsula,122,AK,SOLDOTNA,25880,353,,The existing line is a 115 kV transmission line primarily of wooden H-Frame and mono pole structures. The proposed line will be a double circuit transmission line having a 115 kV insulated circuit  a 230 kV insulated circuit  and include a new fiber communication line. The new structures are expected to be mostly single pole wood or steel vertical construction tangent structures and two pole wood or steel vertical construction for running angle structures or dead-end structures.,14.1-Mile Transmission Line between Soldotna Substation and Sterling Substation located on the  Kenai Peninsula  AK.,New Construction,Permanent,,,,,,,TRANSMISSION_LINE$T_L_TOWER,129,,129,172,301,,301,Homer electric Assoc. In.c,Homer Electric Assoc. Inc.,653470857-658518550,
2025-AAL-196-NRA,,Determined - No Hazard,To Proponent,2025-02-27,2025-02-27,2025-04-25,,55.91180556,-159.15094444,4D,,,,PERRYVILLE,Lake and Peninsula,164,AK,PERRYVILLE,0,,Y,Request the use of temporary equipment. Unicom proposes to install an underground fiber optic cable and associated underground infrastructure on and along airport ROW property. The maximum extended height of the mobile construction equipment will be 30 ft AGL. Please see attached figure and POI description table.,,New Construction,Temporary,0,4,2025-05-05,2025-09-05,,,CONSTRUCTION$VEHICLE,,,30,71,,,101,GCI,"Unicom, Inc.",,
2025-AAL-196-OE,,Determined - No Hazard,No Hazard,2025-04-10,2025-04-10,2025-05-06,2026-11-06,60.54537222,-151.05510833,4D,None,,SS 4 8,Soldotna,Kenai Peninsula,122,AK,SOLDOTNA,25825,353.8,,The existing line is a 115 kV transmission line primarily of wooden H-Frame and mono pole structures. The proposed line will be a double circuit transmission line having a 115 kV insulated circuit  a 230 kV insulated circuit  and include a new fiber communication line. The new structures are expected to be mostly single pole wood or steel vertical construction tangent structures and two pole wood or steel vertical construction for running angle structures or dead-end structures.,14.1-Mile Transmission Line between Soldotna Substation and Sterling Substation located on the  Kenai Peninsula  AK.,New Construction,Permanent,,,,,,,TRANSMISSION_LINE$T_L_TOWER,121,,121,172,293,,293,Homer electric Assoc. In.c,Homer Electric Assoc. Inc.,653470858-658518552,
2025-AAL-197-OE,,Determined - No Hazard,No Hazard,2025-04-10,2025-04-10,2025-05-06,2026-11-06,60.54533333,-151.05223611,4D,None,,SS 5 1,Soldotna,Kenai Peninsula,122,AK,SOLDOTNA,25760,354.9,,The existing line is a 115 kV transmission line primarily of wooden H-Frame and mono pole structures. The proposed line will be a double circuit transmission line having a 115 kV insulated circuit  a 230 kV insulated circuit  and include a new fiber communication line. The new structures are expected to be mostly single pole wood or steel vertical construction tangent structures and two pole wood or steel vertical construction for running angle structures or dead-end structures.,14.1-Mile Transmission Line between Soldotna Substation and Sterling Substation located on the  Kenai Peninsula  AK.,New Construction,Permanent,,,,,,,TRANSMISSION_LINE$T_L_TOWER,116,,116,172,288,,288,Homer electric Assoc. In.c,Homer Electric Assoc. Inc.,653470859-658518567,
2025-AAL-198-OE,,Determined - No Hazard,No Hazard,2025-04-10,2025-04-10,2025-05-06,2026-11-06,60.54529167,-151.04909167,4D,None,,SS 5 2,Soldotna,Kenai Peninsula,122,AK,SOLDOTNA,25701,356.2,,The existing line is a 115 kV transmission line primarily of wooden H-Frame and mono pole structures. The proposed line will be a double circuit transmission line having a 115 kV insulated circuit  a 230 kV insulated circuit  and include a new fiber communication line. The new structures are expected to be mostly single pole wood or steel vertical construction tangent structures and two pole wood or steel vertical construction for running angle structures or dead-end structures.,14.1-Mile Transmission Line between Soldotna Substation and Sterling Substation located on the  Kenai Peninsula  AK.,New Construction,Permanent,,,,,,,TRANSMISSION_LINE$T_L_TOWER,123,,123,170,293,,293,Homer electric Assoc. In.c,Homer Electric Assoc. Inc.,653470863-658518568,
2025-AAL-199-OE,,Determined - No Hazard,No Hazard,2025-04-10,2025-04-10,2025-05-06,2026-11-06,60.54525556,-151.04425833,4D,None,,SS 5 3,Soldotna,Kenai Peninsula,122,AK,SOLDOTNA,25645,358.1,,The existing line is a 115 kV transmission line primarily of wooden H-Frame and mono pole structures. The proposed line will be a double circuit transmission line having a 115 kV insulated circuit  a 230 kV insulated circuit  and include a new fiber communication line. The new structures are expected to be mostly single pole wood or steel vertical construction tangent structures and two pole wood or steel vertical construction for running angle structures or dead-end structures.,14.1-Mile Transmission Line between Soldotna Substation and Sterling Substation located on the  Kenai Peninsula  AK.,New Construction,Permanent,,,,,,,TRANSMISSION_LINE$T_L_TOWER,126,,126,171,297,,297,Homer electric Assoc. In.c,Homer Electric Assoc. Inc.,653470867-658518571,
2025-AAL-200-OE,,Determined - No Hazard,No Hazard,2025-04-10,2025-04-10,2025-05-06,2026-11-06,60.545275,-151.0392,4D,None,,SS 5 4,Soldotna,Kenai Peninsula,122,AK,SOLDOTNA,25639,0.2,,The existing line is a 115 kV transmission line primarily of wooden H-Frame and mono pole structures. The proposed line will be a double circuit transmission line having a 115 kV insulated circuit  a 230 kV insulated circuit  and include a new fiber communication line. The new structures are expected to be mostly single pole wood or steel vertical construction tangent structures and two pole wood or steel vertical construction for running angle structures or dead-end structures.,14.1-Mile Transmission Line between Soldotna Substation and Sterling Substation located on the  Kenai Peninsula  AK.,New Construction,Permanent,,,,,,,TRANSMISSION_LINE$T_L_TOWER,130,,130,170,300,,300,Homer electric Assoc. In.c,Homer Electric Assoc. Inc.,653470868-658518576,
2025-AAL-201-NRA,,Determined - No Hazard,To Proponent,2025-02-27,2025-02-27,2025-04-30,,67.00777778,-146.37805556,4D,,,,VENETIE,Yukon-Koyukuk,290,AK,VENETIE,0,,Y,Request for use of temporary equipment to install underground power line. 16ft tall weather sensor platform located 345ft from center of runway. This case describes the start point of the power feed to the platform.,,New Construction,Temporary,3,0,2025-04-15,2025-04-17,,,CONSTRUCTION$VEHICLE,,,16,544,,,560,Montis Corporation,Montis Corporation,,
2025-AAL-201-OE,,Determined - No Hazard,No Hazard,2025-04-10,2025-04-10,2025-05-06,2026-11-06,60.54534444,-151.03410556,4D,None,,SS 5 5,Soldotna,Kenai Peninsula,122,AK,SOLDOTNA,25683,2.2,,The existing line is a 115 kV transmission line primarily of wooden H-Frame and mono pole structures. The proposed line will be a double circuit transmission line having a 115 kV insulated circuit  a 230 kV insulated circuit  and include a new fiber communication line. The new structures are expected to be mostly single pole wood or steel vertical construction tangent structures and two pole wood or steel vertical construction for running angle structures or dead-end structures.,14.1-Mile Transmission Line between Soldotna Substation and Sterling Substation located on the  Kenai Peninsula  AK.,New Construction,Permanent,,,,,,,TRANSMISSION_LINE$T_L_TOWER,126,,126,177,303,,303,Homer electric Assoc. In.c,Homer Electric Assoc. Inc.,653470870-658518580,
2025-AAL-202-NRA,,Determined - No Hazard,To Proponent,2025-02-27,2025-02-27,2025-04-30,,67.00722222,-146.37722222,4D,,,,VENETIE,Yukon-Koyukuk,290,AK,VENETIE,0,,Y,Request for use of temporary equipment to install underground power line. 16ft tall weather sensor platform located 345ft from center of runway. This case describes the end point of the power feed to the platform.,,New Construction,Temporary,3,0,2025-04-15,2025-04-17,,,CONSTRUCTION$VEHICLE,,,16,544,,,560,Montis Corporation,Montis Corporation,,
2025-AAL-202-OE,,Determined - No Hazard,No Hazard,2025-04-10,2025-04-10,2025-05-06,2026-11-06,60.54540833,-151.02921944,4D,None,,SS 5 6,Soldotna,Kenai Peninsula,122,AK,SOLDOTNA,25756,4.2,,The existing line is a 115 kV transmission line primarily of wooden H-Frame and mono pole structures. The proposed line will be a double circuit transmission line having a 115 kV insulated circuit  a 230 kV insulated circuit  and include a new fiber communication line. The new structures are expected to be mostly single pole wood or steel vertical construction tangent structures and two pole wood or steel vertical construction for running angle structures or dead-end structures.,14.1-Mile Transmission Line between Soldotna Substation and Sterling Substation located on the  Kenai Peninsula  AK.,New Construction,Permanent,,,,,,,TRANSMISSION_LINE$T_L_TOWER,125,,125,190,315,,315,Homer electric Assoc. In.c,Homer Electric Assoc. Inc.,653470871-658518581,
2025-AAL-203-OE,,Determined - No Hazard,No Hazard,2025-04-10,2025-04-10,2025-05-06,2026-11-06,60.54542778,-151.02499167,4D,None,,SS 5 7,Soldotna,Kenai Peninsula,122,AK,SOLDOTNA,25830,5.9,,The existing line is a 115 kV transmission line primarily of wooden H-Frame and mono pole structures. The proposed line will be a double circuit transmission line having a 115 kV insulated circuit  a 230 kV insulated circuit  and include a new fiber communication line. The new structures are expected to be mostly single pole wood or steel vertical construction tangent structures and two pole wood or steel vertical construction for running angle structures or dead-end structures.,14.1-Mile Transmission Line between Soldotna Substation and Sterling Substation located on the  Kenai Peninsula  AK.,New Construction,Permanent,,,,,,,TRANSMISSION_LINE$T_L_TOWER,116,,116,238,354,,354,Homer electric Assoc. In.c,Homer Electric Assoc. Inc.,653470874-658518602,
2025-AAL-204-OE,,Determined - No Hazard,No Hazard,2025-04-10,2025-04-10,2025-05-06,2026-11-06,60.54542778,-151.02206667,4D,None,,SS 6 1,Soldotna,Kenai Peninsula,122,AK,SOLDOTNA,25889,7,,The existing line is a 115 kV transmission line primarily of wooden H-Frame and mono pole structures. The proposed line will be a double circuit transmission line having a 115 kV insulated circuit  a 230 kV insulated circuit  and include a new fiber communication line. The new structures are expected to be mostly single pole wood or steel vertical construction tangent structures and two pole wood or steel vertical construction for running angle structures or dead-end structures.,14.1-Mile Transmission Line between Soldotna Substation and Sterling Substation located on the  Kenai Peninsula  AK.,New Construction,Permanent,,,,,,,TRANSMISSION_LINE$T_L_TOWER,120,,120,236,356,,356,Homer electric Assoc. In.c,Homer Electric Assoc. Inc.,653470876-658518610,
2025-AAL-205-OE,,Determined - No Hazard,No Hazard,2025-04-10,2025-04-10,2025-05-06,2026-11-06,60.545425,-151.01766111,4D,None,,SS 6 2,Soldotna,Kenai Peninsula,122,AK,SOLDOTNA,25997,8.8,,The existing line is a 115 kV transmission line primarily of wooden H-Frame and mono pole structures. The proposed line will be a double circuit transmission line having a 115 kV insulated circuit  a 230 kV insulated circuit  and include a new fiber communication line. The new structures are expected to be mostly single pole wood or steel vertical construction tangent structures and two pole wood or steel vertical construction for running angle structures or dead-end structures.,14.1-Mile Transmission Line between Soldotna Substation and Sterling Substation located on the  Kenai Peninsula  AK.,New Construction,Permanent,,,,,,,TRANSMISSION_LINE$T_L_TOWER,116,,116,271,387,,387,Homer electric Assoc. In.c,Homer Electric Assoc. Inc.,653470877-658518615,
2025-AAL-206-NRA,2025-AAL-149-NRA,Determined - No Hazard,To Proponent,2025-02-27,2025-02-27,2025-05-12,,66.887325,-162.60388333,4D,,,POINT 1,KOTZEBUE,Northwest Arctic,188,AK,RALPH WIEN MEML,0,,Y,Request for use of temporary construction equipment and work will be implemented according to CSPP reviewed under case 2025-AAL-149-NRA. (POINT 1) Temporary staging area for construction of improvements to crosswind runway and primary runway safety area,,New Construction,Temporary,0,5,2026-06-01,2026-10-31,,,CONSTRUCTION$VEHICLE,,,20,7,,,27,Alaska Department of Transportation,Alaska Department of Transportation,,
2025-AAL-206-OE,,Determined - No Hazard,No Hazard,2025-04-10,2025-04-10,2025-05-06,2026-11-06,60.54542222,-151.01298611,4D,None,,SS 6 3,Soldotna,Kenai Peninsula,122,AK,SOLDOTNA,26138,10.6,,The existing line is a 115 kV transmission line primarily of wooden H-Frame and mono pole structures. The proposed line will be a double circuit transmission line having a 115 kV insulated circuit  a 230 kV insulated circuit  and include a new fiber communication line. The new structures are expected to be mostly single pole wood or steel vertical construction tangent structures and two pole wood or steel vertical construction for running angle structures or dead-end structures.,14.1-Mile Transmission Line between Soldotna Substation and Sterling Substation located on the  Kenai Peninsula  AK.,New Construction,Permanent,,,,,,,TRANSMISSION_LINE$T_L_TOWER,120,,120,237,357,,357,Homer electric Assoc. In.c,Homer Electric Assoc. Inc.,653470879-658518619,
2025-AAL-207-NRA,2025-AAL-149-NRA,Determined - No Hazard,To Proponent,2025-02-27,2025-02-27,2025-05-12,,66.88727778,-162.60226111,4D,,,POINT 2,KOTZEBUE,Northwest Arctic,188,AK,RALPH WIEN MEML,0,,Y,Request for use of temporary construction equipment and work will be implemented according to CSPP reviewed under case 2025-AAL-149-NRA. (POINT 2) Temporary staging area for construction of improvements to crosswind runway and primary runway safety area,,New Construction,Temporary,0,5,2026-06-01,2026-10-31,,,CONSTRUCTION$VEHICLE,,,20,8,,,28,Alaska Department of Transportation,Alaska Department of Transportation,,
2025-AAL-207-OE,,Determined - No Hazard,No Hazard,2025-04-10,2025-04-10,2025-05-06,2026-11-06,60.54541944,-151.008475,4D,None,,SS 6 4,Soldotna,Kenai Peninsula,122,AK,SOLDOTNA,26298,12.3,,The existing line is a 115 kV transmission line primarily of wooden H-Frame and mono pole structures. The proposed line will be a double circuit transmission line having a 115 kV insulated circuit  a 230 kV insulated circuit  and include a new fiber communication line. The new structures are expected to be mostly single pole wood or steel vertical construction tangent structures and two pole wood or steel vertical construction for running angle structures or dead-end structures.,14.1-Mile Transmission Line between Soldotna Substation and Sterling Substation located on the  Kenai Peninsula  AK.,New Construction,Permanent,,,,,,,TRANSMISSION_LINE$T_L_TOWER,116,,116,233,349,,349,Homer electric Assoc. In.c,Homer Electric Assoc. Inc.,653470884-658518621,
2025-AAL-208-NRA,2025-AAL-149-NRA,Determined - No Hazard,To Proponent,2025-02-27,2025-02-27,2025-05-12,,66.88698333,-162.6017,4D,,,POINT 3,KOTZEBUE,Northwest Arctic,188,AK,RALPH WIEN MEML,0,,Y,Request for use of temporary construction equipment and work will be implemented according to CSPP reviewed under case 2025-AAL-149-NRA. (POINT 3) Temporary staging area for construction of improvements to crosswind runway and primary runway safety area,,New Construction,Temporary,0,5,2026-06-01,2026-10-31,,,CONSTRUCTION$VEHICLE,,,20,7,,,27,Alaska Department of Transportation,Alaska Department of Transportation,,
2025-AAL-208-OE,,Determined - No Hazard,No Hazard,2025-04-10,2025-04-10,2025-05-06,2026-11-06,60.54541667,-151.00383889,4D,None,,SS 6 5,Soldotna,Kenai Peninsula,122,AK,SOLDOTNA,26488,14.1,,The existing line is a 115 kV transmission line primarily of wooden H-Frame and mono pole structures. The proposed line will be a double circuit transmission line having a 115 kV insulated circuit  a 230 kV insulated circuit  and include a new fiber communication line. The new structures are expected to be mostly single pole wood or steel vertical construction tangent structures and two pole wood or steel vertical construction for running angle structures or dead-end structures.,14.1-Mile Transmission Line between Soldotna Substation and Sterling Substation located on the  Kenai Peninsula  AK.,New Construction,Permanent,,,,,,,TRANSMISSION_LINE$T_L_TOWER,116,,116,215,331,,331,Homer electric Assoc. In.c,Homer Electric Assoc. Inc.,653470888-658518624,
2025-AAL-209-NRA,2025-AAL-149-NRA,Determined - No Hazard,To Proponent,2025-02-27,2025-02-27,2025-05-12,,66.88661667,-162.60164167,4D,,,POINT 4,KOTZEBUE,Northwest Arctic,188,AK,RALPH WIEN MEML,0,,Y,Request for use of temporary construction equipment and work will be implemented according to CSPP reviewed under case 2025-AAL-149-NRA. (POINT 4) Temporary staging area for construction of improvements to crosswind runway and primary runway safety area,,New Construction,Temporary,0,5,2026-06-01,2026-10-31,,,CONSTRUCTION$VEHICLE,,,20,7,,,27,Alaska Department of Transportation,Alaska Department of Transportation,,
2025-AAL-209-OE,,Determined - No Hazard,No Hazard,2025-04-10,2025-04-10,2025-05-06,2026-11-06,60.54541389,-150.99940833,4D,None,,SS 6 6,Soldotna,Kenai Peninsula,122,AK,SOLDOTNA,26693,15.7,,The existing line is a 115 kV transmission line primarily of wooden H-Frame and mono pole structures. The proposed line will be a double circuit transmission line having a 115 kV insulated circuit  a 230 kV insulated circuit  and include a new fiber communication line. The new structures are expected to be mostly single pole wood or steel vertical construction tangent structures and two pole wood or steel vertical construction for running angle structures or dead-end structures.,14.1-Mile Transmission Line between Soldotna Substation and Sterling Substation located on the  Kenai Peninsula  AK.,New Construction,Permanent,,,,,,,TRANSMISSION_LINE$T_L_TOWER,116,,116,212,328,,328,Homer electric Assoc. In.c,Homer Electric Assoc. Inc.,653470893-658518625,
2025-AAL-210-NRA,2025-AWP-149-NRA,Determined - No Hazard,To Proponent,2025-02-27,2025-02-27,2025-05-12,,66.88610833,-162.60403333,4D,,,POINT 5,KOTZEBUE,Northwest Arctic,188,AK,RALPH WIEN MEML,0,,Y,Request for use of temporary construction equipment and work will be implemented according to CSPP reviewed under case 2025-AAL-149-NRA. (POINT 5) Temporary staging area for construction of improvements to crosswind runway and primary runway safety area,,New Construction,Temporary,0,5,2026-06-01,2026-10-31,,,CONSTRUCTION$VEHICLE,,,20,9,,,29,Alaska Department of Transportation,Alaska Department of Transportation,,
2025-AAL-210-OE,,Determined - No Hazard,No Hazard,2025-04-10,2025-04-10,2025-05-06,2026-11-06,60.54541111,-150.99488889,4D,None,,SS 6 7,Soldotna,Kenai Peninsula,122,AK,SOLDOTNA,26925,17.4,,The existing line is a 115 kV transmission line primarily of wooden H-Frame and mono pole structures. The proposed line will be a double circuit transmission line having a 115 kV insulated circuit  a 230 kV insulated circuit  and include a new fiber communication line. The new structures are expected to be mostly single pole wood or steel vertical construction tangent structures and two pole wood or steel vertical construction for running angle structures or dead-end structures.,14.1-Mile Transmission Line between Soldotna Substation and Sterling Substation located on the  Kenai Peninsula  AK.,New Construction,Permanent,,,,,,,TRANSMISSION_LINE$T_L_TOWER,120,,120,204,324,,324,Homer electric Assoc. In.c,Homer Electric Assoc. Inc.,653470897-658518634,
2025-AAL-211-NRA,2025-AAL-149-NRA,Determined - No Hazard,To Proponent,2025-02-27,2025-02-27,2025-05-12,,66.88628889,-162.60505,4D,,,POINT 6,KOTZEBUE,Northwest Arctic,188,AK,RALPH WIEN MEML,0,,Y,Request for use of temporary construction equipment and work will be implemented according to CSPP reviewed under case 2025-AAL-149-NRA. (POINT 6) Temporary staging area for construction of improvements to crosswind runway and primary runway safety area,,New Construction,Temporary,0,5,2026-06-01,2026-10-31,,,CONSTRUCTION$VEHICLE,,,20,7,,,27,Alaska Department of Transportation,Alaska Department of Transportation,,
2025-AAL-211-OE,,Determined - No Hazard,No Hazard,2025-04-10,2025-04-10,2025-05-06,2026-11-06,60.54540833,-150.99034722,4D,None,,SS 7 1,Soldotna,Kenai Peninsula,122,AK,SOLDOTNA,27180,19.1,,The existing line is a 115 kV transmission line primarily of wooden H-Frame and mono pole structures. The proposed line will be a double circuit transmission line having a 115 kV insulated circuit  a 230 kV insulated circuit  and include a new fiber communication line. The new structures are expected to be mostly single pole wood or steel vertical construction tangent structures and two pole wood or steel vertical construction for running angle structures or dead-end structures.,14.1-Mile Transmission Line between Soldotna Substation and Sterling Substation located on the  Kenai Peninsula  AK.,New Construction,Permanent,,,,,,,TRANSMISSION_LINE$T_L_TOWER,116,,116,196,312,,312,Homer electric Assoc. In.c,Homer Electric Assoc. Inc.,653470913-658518635,
2025-AAL-212-NRA,2025-AAL-149-NRA,Determined - No Hazard,To Proponent,2025-02-27,2025-02-27,2025-05-12,,66.88675833,-162.60474167,4D,,,POINT 7,KOTZEBUE,Northwest Arctic,188,AK,RALPH WIEN MEML,0,,Y,Request for use of temporary construction equipment and work will be implemented according to CSPP reviewed under case 2025-AAL-149-NRA. (POINT 7) Temporary staging area for construction of improvements to crosswind runway and primary runway safety area,,New Construction,Temporary,0,5,2026-06-01,2026-10-31,,,CONSTRUCTION$VEHICLE,,,20,6,,,26,Alaska Department of Transportation,Alaska Department of Transportation,,
2025-AAL-212-OE,,Determined - No Hazard,No Hazard,2025-04-10,2025-04-10,2025-05-06,2026-11-06,60.54540556,-150.98590556,4D,None,,SS 7 2,Soldotna,Kenai Peninsula,122,AK,SOLDOTNA,27452,20.6,,The existing line is a 115 kV transmission line primarily of wooden H-Frame and mono pole structures. The proposed line will be a double circuit transmission line having a 115 kV insulated circuit  a 230 kV insulated circuit  and include a new fiber communication line. The new structures are expected to be mostly single pole wood or steel vertical construction tangent structures and two pole wood or steel vertical construction for running angle structures or dead-end structures.,14.1-Mile Transmission Line between Soldotna Substation and Sterling Substation located on the  Kenai Peninsula  AK.,New Construction,Permanent,,,,,,,TRANSMISSION_LINE$T_L_TOWER,126,,126,184,310,,310,Homer electric Assoc. In.c,Homer Electric Assoc. Inc.,653470931-658518637,
2025-AAL-213-NRA,2025-AAL-149-NRA,Determined - No Hazard,To Proponent,2025-02-27,2025-02-27,2025-05-12,,66.88705833,-162.60445833,4D,,,POINT 8,KOTZEBUE,Northwest Arctic,188,AK,RALPH WIEN MEML,0,,Y,Request for use of temporary construction equipment and work will be implemented according to CSPP reviewed under case 2025-AAL-149-NRA. (POINT 8) Temporary staging area for construction of improvements to crosswind runway and primary runway safety area,,New Construction,Temporary,0,5,2026-06-01,2026-10-31,,,CONSTRUCTION$VEHICLE,,,20,7,,,27,Alaska Department of Transportation,Alaska Department of Transportation,,
2025-AAL-213-OE,,Determined - No Hazard,No Hazard,2025-04-10,2025-04-10,2025-05-06,2026-11-06,60.54540278,-150.98144444,4D,None,,SS 7 3,Soldotna,Kenai Peninsula,122,AK,SOLDOTNA,27744,22.2,,The existing line is a 115 kV transmission line primarily of wooden H-Frame and mono pole structures. The proposed line will be a double circuit transmission line having a 115 kV insulated circuit  a 230 kV insulated circuit  and include a new fiber communication line. The new structures are expected to be mostly single pole wood or steel vertical construction tangent structures and two pole wood or steel vertical construction for running angle structures or dead-end structures.,14.1-Mile Transmission Line between Soldotna Substation and Sterling Substation located on the  Kenai Peninsula  AK.,New Construction,Permanent,,,,,,,TRANSMISSION_LINE$T_L_TOWER,126,,126,180,306,,306,Homer electric Assoc. In.c,Homer Electric Assoc. Inc.,653470935-658518640,
2025-AAL-214-NRA,2025-AAL-149-NRA,Determined - No Hazard,To Proponent,2025-02-27,2025-02-27,2025-05-12,,66.88505833,-162.60756389,4D,,,POINT 9,KOTZEBUE,Northwest Arctic,188,AK,RALPH WIEN MEML,0,,Y,Request for use of temporary construction equipment and work will be implemented according to CSPP reviewed under case 2025-AAL-149-NRA. (POINT 9) Temporary staging area for construction of improvements to crosswind runway and primary runway safety area,,New Construction,Temporary,0,5,2026-06-01,2026-10-31,,,CONSTRUCTION$VEHICLE,,,20,10,,,30,Alaska Department of Transportation,Alaska Department of Transportation,,
2025-AAL-214-OE,,Determined - No Hazard,No Hazard,2025-04-10,2025-04-10,2025-05-06,2026-11-06,60.5454,-150.976975,4D,None,,SS 7 4,Soldotna,Kenai Peninsula,122,AK,SOLDOTNA,28058,23.7,,The existing line is a 115 kV transmission line primarily of wooden H-Frame and mono pole structures. The proposed line will be a double circuit transmission line having a 115 kV insulated circuit  a 230 kV insulated circuit  and include a new fiber communication line. The new structures are expected to be mostly single pole wood or steel vertical construction tangent structures and two pole wood or steel vertical construction for running angle structures or dead-end structures.,14.1-Mile Transmission Line between Soldotna Substation and Sterling Substation located on the  Kenai Peninsula  AK.,New Construction,Permanent,,,,,,,TRANSMISSION_LINE$T_L_TOWER,120,,120,211,331,,331,Homer electric Assoc. In.c,Homer Electric Assoc. Inc.,653470959-658518642,
2025-AAL-215-NRA,2025-AAL-149-NRA,Determined - No Hazard,To Proponent,2025-02-27,2025-02-27,2025-05-12,,66.88504167,-162.60668889,4D,,,POINT 10,KOTZEBUE,Northwest Arctic,188,AK,RALPH WIEN MEML,0,,Y,Request for use of temporary construction equipment and work will be implemented according to CSPP reviewed under case 2025-AAL-149-NRA. (POINT 10) Temporary staging area for construction of improvements to crosswind runway and primary runway safety area,,New Construction,Temporary,0,5,2026-06-01,2026-10-31,,,CONSTRUCTION$VEHICLE,,,20,8,,,28,Alaska Department of Transportation,Alaska Department of Transportation,,
2025-AAL-215-OE,,Determined - No Hazard,No Hazard,2025-04-10,2025-04-10,2025-05-06,2026-11-06,60.54539444,-150.9723,4D,None,,SS 7 5,Soldotna,Kenai Peninsula,122,AK,SOLDOTNA,28406,25.3,,The existing line is a 115 kV transmission line primarily of wooden H-Frame and mono pole structures. The proposed line will be a double circuit transmission line having a 115 kV insulated circuit  a 230 kV insulated circuit  and include a new fiber communication line. The new structures are expected to be mostly single pole wood or steel vertical construction tangent structures and two pole wood or steel vertical construction for running angle structures or dead-end structures.,14.1-Mile Transmission Line between Soldotna Substation and Sterling Substation located on the  Kenai Peninsula  AK.,New Construction,Permanent,,,,,,,TRANSMISSION_LINE$T_L_TOWER,116,,116,269,385,,385,Homer electric Assoc. In.c,Homer Electric Assoc. Inc.,653470961-658518650,
2025-AAL-216-NRA,2025-AAL-149-NRA,Determined - No Hazard,To Proponent,2025-02-27,2025-02-27,2025-05-12,,66.88429722,-162.60804167,4D,,,POINT 11,KOTZEBUE,Northwest Arctic,188,AK,RALPH WIEN MEML,0,,Y,Request for use of temporary construction equipment and work will be implemented according to CSPP reviewed under case 2025-AAL-149-NRA. (POINT 11) Temporary staging area for construction of improvements to crosswind runway and primary runway safety area,,New Construction,Temporary,0,5,2026-06-01,2026-10-31,,,CONSTRUCTION$VEHICLE,,,20,9,,,29,Alaska Department of Transportation,Alaska Department of Transportation,,
2025-AAL-216-OE,,Determined - No Hazard,No Hazard,2025-04-10,2025-04-10,2025-05-06,2026-11-06,60.54539444,-150.96902222,4D,None,,SS 7 6 L R,Soldotna,Kenai Peninsula,122,AK,SOLDOTNA,28663,26.3,,The existing line is a 115 kV transmission line primarily of wooden H-Frame and mono pole structures. The proposed line will be a double circuit transmission line having a 115 kV insulated circuit  a 230 kV insulated circuit  and include a new fiber communication line. The new structures are expected to be mostly single pole wood or steel vertical construction tangent structures and two pole wood or steel vertical construction for running angle structures or dead-end structures.,14.1-Mile Transmission Line between Soldotna Substation and Sterling Substation located on the  Kenai Peninsula  AK.,New Construction,Permanent,,,,,,,TRANSMISSION_LINE$T_L_TOWER,111,,111,248,359,,359,Homer electric Assoc. In.c,Homer Electric Assoc. Inc.,653470962-658518651,
2025-AAL-217-NRA,2025-AAL-149-NRA,Determined - No Hazard,To Proponent,2025-02-27,2025-02-27,2025-05-12,,66.88440556,-162.60718889,4D,,,POINT 12,KOTZEBUE,Northwest Arctic,188,AK,RALPH WIEN MEML,0,,Y,Request for use of temporary construction equipment and work will be implemented according to CSPP reviewed under case 2025-AAL-149-NRA. (POINT 12) Temporary staging area for construction of improvements to crosswind runway and primary runway safety area,,New Construction,Temporary,0,5,2026-06-01,2026-10-31,,,CONSTRUCTION$VEHICLE,,,20,8,,,28,Alaska Department of Transportation,Alaska Department of Transportation,,
2025-AAL-217-OE,,Determined - No Hazard,No Hazard,2025-04-10,2025-04-10,2025-05-06,2026-11-06,60.54593889,-150.96646944,4D,None,,SS 7 7,Soldotna,Kenai Peninsula,122,AK,SOLDOTNA,29048,27,,The existing line is a 115 kV transmission line primarily of wooden H-Frame and mono pole structures. The proposed line will be a double circuit transmission line having a 115 kV insulated circuit  a 230 kV insulated circuit  and include a new fiber communication line. The new structures are expected to be mostly single pole wood or steel vertical construction tangent structures and two pole wood or steel vertical construction for running angle structures or dead-end structures.,14.1-Mile Transmission Line between Soldotna Substation and Sterling Substation located on the  Kenai Peninsula  AK.,New Construction,Permanent,,,,,,,TRANSMISSION_LINE$T_L_TOWER,125,,125,197,322,,322,Homer electric Assoc. In.c,Homer Electric Assoc. Inc.,653470965-658518655,
2025-AAL-218-NRA,2025-AAL-149-NRA,Determined - No Hazard,To Proponent,2025-02-27,2025-02-27,2025-05-12,,66.88966389,-162.60635556,4D,,,POINT 1,KOTZEBUE,Northwest Arctic,188,AK,RALPH WIEN MEML,0,,Y,Request for use of temporary construction equipment and work will be implemented according to CSPP reviewed under case 2025-AAL-149-NRA. (POINT 1) Work area for improvements to primary runway surface area,,New Construction,Temporary,0,5,2026-06-01,2026-10-31,,,CONSTRUCTION$VEHICLE,,,20,10,,,30,Alaska Department of Transportation,Alaska Department of Transportation,,
2025-AAL-218-OE,,Determined - No Hazard,No Hazard,2025-04-10,2025-04-10,2025-05-06,2026-11-06,60.54659722,-150.96338611,4D,None,,SS 8 1,Soldotna,Kenai Peninsula,122,AK,SOLDOTNA,29517,27.7,,The existing line is a 115 kV transmission line primarily of wooden H-Frame and mono pole structures. The proposed line will be a double circuit transmission line having a 115 kV insulated circuit  a 230 kV insulated circuit  and include a new fiber communication line. The new structures are expected to be mostly single pole wood or steel vertical construction tangent structures and two pole wood or steel vertical construction for running angle structures or dead-end structures.,14.1-Mile Transmission Line between Soldotna Substation and Sterling Substation located on the  Kenai Peninsula  AK.,New Construction,Permanent,,,,,,,TRANSMISSION_LINE$T_L_TOWER,130,,130,185,315,,315,Homer electric Assoc. In.c,Homer Electric Assoc. Inc.,653470971-658518659,
2025-AAL-219-NRA,2025-AAL-149-NRA,Determined - No Hazard,To Proponent,2025-02-27,2025-02-27,2025-05-12,,66.88742778,-162.57921389,4D,,,POINT 2,KOTZEBUE,Northwest Arctic,188,AK,RALPH WIEN MEML,0,,Y,Request for use of temporary construction equipment and work will be implemented according to CSPP reviewed under case 2025-AAL-149-NRA. (POINT 2) Work area for improvements to primary runway surface area,,New Construction,Temporary,0,5,2026-06-01,2026-10-31,,,CONSTRUCTION$VEHICLE,,,20,9,,,29,Alaska Department of Transportation,Alaska Department of Transportation,,
2025-AAL-219-OE,,Determined - No Hazard,No Hazard,2025-04-10,2025-04-10,2025-05-06,2026-11-06,60.54716944,-150.96071667,4D,None,,SS 8 2,Soldotna,Kenai Peninsula,122,AK,SOLDOTNA,29928,28.3,,The existing line is a 115 kV transmission line primarily of wooden H-Frame and mono pole structures. The proposed line will be a double circuit transmission line having a 115 kV insulated circuit  a 230 kV insulated circuit  and include a new fiber communication line. The new structures are expected to be mostly single pole wood or steel vertical construction tangent structures and two pole wood or steel vertical construction for running angle structures or dead-end structures.,14.1-Mile Transmission Line between Soldotna Substation and Sterling Substation located on the  Kenai Peninsula  AK.,New Construction,Permanent,,,,,,,TRANSMISSION_LINE$T_L_TOWER,116,,116,223,339,,339,Homer electric Assoc. In.c,Homer Electric Assoc. Inc.,653470979-658518699,
2025-AAL-220-NRA,2025-AAL-149-NRA,Determined - No Hazard,To Proponent,2025-02-27,2025-02-27,2025-05-12,,66.88951389,-162.60619167,4D,,,POINT 3,KOTZEBUE,Northwest Arctic,188,AK,RALPH WIEN MEML,0,,Y,Request for use of temporary construction equipment and work will be implemented according to CSPP reviewed under case 2025-AAL-149-NRA. (POINT 3) Work area for improvements to primary runway surface area,,New Construction,Temporary,0,5,2026-06-01,2026-10-31,,,CONSTRUCTION$VEHICLE,,,20,11,,,31,Alaska Department of Transportation,Alaska Department of Transportation,,
2025-AAL-220-OE,,Determined - No Hazard,No Hazard,2025-04-10,2025-04-10,2025-05-06,2026-11-06,60.54757222,-150.95883056,4D,None,,SS 8 3,Soldotna,Kenai Peninsula,122,AK,SOLDOTNA,30220,28.8,,The existing line is a 115 kV transmission line primarily of wooden H-Frame and mono pole structures. The proposed line will be a double circuit transmission line having a 115 kV insulated circuit  a 230 kV insulated circuit  and include a new fiber communication line. The new structures are expected to be mostly single pole wood or steel vertical construction tangent structures and two pole wood or steel vertical construction for running angle structures or dead-end structures.,14.1-Mile Transmission Line between Soldotna Substation and Sterling Substation located on the  Kenai Peninsula  AK.,New Construction,Permanent,,,,,,,TRANSMISSION_LINE$T_L_TOWER,98,,98,274,372,,372,Homer electric Assoc. In.c,Homer Electric Assoc. Inc.,653470985-658518709,
2025-AAL-221-NRA,2025-AAL-149-NRA,Determined - No Hazard,To Proponent,2025-02-27,2025-02-27,2025-05-12,,66.88735,-162.57961111,4D,,,POINT 4,KOTZEBUE,Northwest Arctic,188,AK,RALPH WIEN MEML,0,,Y,Request for use of temporary construction equipment and work will be implemented according to CSPP reviewed under case 2025-AAL-149-NRA. (POINT 4) Work area for improvements to primary runway surface area,,New Construction,Temporary,0,5,2026-06-01,2026-10-31,,,CONSTRUCTION$VEHICLE,,,20,10,,,30,Alaska Department of Transportation,Alaska Department of Transportation,,
2025-AAL-221-OE,,Determined - No Hazard,No Hazard,2025-04-10,2025-04-10,2025-05-06,2026-11-06,60.54795278,-150.95705278,4D,None,,SS 8 4,Soldotna,Kenai Peninsula,122,AK,SOLDOTNA,30497,29.2,,The existing line is a 115 kV transmission line primarily of wooden H-Frame and mono pole structures. The proposed line will be a double circuit transmission line having a 115 kV insulated circuit  a 230 kV insulated circuit  and include a new fiber communication line. The new structures are expected to be mostly single pole wood or steel vertical construction tangent structures and two pole wood or steel vertical construction for running angle structures or dead-end structures.,14.1-Mile Transmission Line between Soldotna Substation and Sterling Substation located on the  Kenai Peninsula  AK.,New Construction,Permanent,,,,,,,TRANSMISSION_LINE$T_L_TOWER,116,,116,223,339,,339,Homer electric Assoc. In.c,Homer Electric Assoc. Inc.,653470997-658518736,
2025-AAL-222-NRA,2025-AAL-149-NRA,Determined - No Hazard,To Proponent,2025-02-27,2025-02-27,2025-05-12,,66.88786944,-162.59473056,4D,,,POINT 5,KOTZEBUE,Northwest Arctic,188,AK,RALPH WIEN MEML,0,,Y,Request for use of temporary construction equipment and work will be implemented according to CSPP reviewed under case 2025-AAL-149-NRA. (POINT 5) Work area for improvements to primary runway surface area,,New Construction,Temporary,0,5,2026-06-01,2026-10-31,,,CONSTRUCTION$VEHICLE,,,20,11,,,31,Alaska Department of Transportation,Alaska Department of Transportation,,
2025-AAL-222-OE,,Determined - No Hazard,No Hazard,2025-04-10,2025-04-10,2025-05-06,2026-11-06,60.54873889,-150.95337778,4D,None,,SS 8 5,Soldotna,Kenai Peninsula,122,AK,SOLDOTNA,31074,30,,The existing line is a 115 kV transmission line primarily of wooden H-Frame and mono pole structures. The proposed line will be a double circuit transmission line having a 115 kV insulated circuit  a 230 kV insulated circuit  and include a new fiber communication line. The new structures are expected to be mostly single pole wood or steel vertical construction tangent structures and two pole wood or steel vertical construction for running angle structures or dead-end structures.,14.1-Mile Transmission Line between Soldotna Substation and Sterling Substation located on the  Kenai Peninsula  AK.,New Construction,Permanent,,,,,,,TRANSMISSION_LINE$T_L_TOWER,130,,130,175,305,,305,Homer electric Assoc. In.c,Homer Electric Assoc. Inc.,653471003-658518740,
2025-AAL-223-NRA,2025-AAL-149-NRA,Determined - No Hazard,To Proponent,2025-02-27,2025-02-27,2025-05-12,,66.88714444,-162.58587778,4D,,,POINT 6,KOTZEBUE,Northwest Arctic,188,AK,RALPH WIEN MEML,0,,Y,Request for use of temporary construction equipment and work will be implemented according to CSPP reviewed under case 2025-AAL-149-NRA. (POINT 6) Work area for improvements to primary runway surface area,,New Construction,Temporary,0,5,2026-06-01,2026-10-31,,,CONSTRUCTION$VEHICLE,,,20,11,,,31,Alaska Department of Transportation,Alaska Department of Transportation,,
2025-AAL-223-OE,,Determined - No Hazard,No Hazard,2025-04-10,2025-04-10,2025-05-06,2026-11-06,60.54971389,-150.94880833,4D,None,,SS 8 6,Soldotna,Kenai Peninsula,122,AK,SOLDOTNA,31799,30.9,,The existing line is a 115 kV transmission line primarily of wooden H-Frame and mono pole structures. The proposed line will be a double circuit transmission line having a 115 kV insulated circuit  a 230 kV insulated circuit  and include a new fiber communication line. The new structures are expected to be mostly single pole wood or steel vertical construction tangent structures and two pole wood or steel vertical construction for running angle structures or dead-end structures.,14.1-Mile Transmission Line between Soldotna Substation and Sterling Substation located on the  Kenai Peninsula  AK.,New Construction,Permanent,,,,,,,TRANSMISSION_LINE$T_L_TOWER,130,,130,176,306,,306,Homer electric Assoc. In.c,Homer Electric Assoc. Inc.,653471014-658518744,
2025-AAL-224-NRA,2025-AAL-149-NRA,Determined - No Hazard,To Proponent,2025-02-27,2025-02-27,2025-05-12,,66.88779167,-162.595125,4D,,,POINT 7,KOTZEBUE,Northwest Arctic,188,AK,RALPH WIEN MEML,0,,Y,Request for use of temporary construction equipment and work will be implemented according to CSPP reviewed under case 2025-AAL-149-NRA. (POINT 7) Work area for improvements to primary runway surface area,,New Construction,Temporary,0,5,2026-06-01,2026-10-31,,,CONSTRUCTION$VEHICLE,,,20,9,,,29,Alaska Department of Transportation,Alaska Department of Transportation,,
2025-AAL-224-OE,,Determined - No Hazard,No Hazard,2025-04-10,2025-04-10,2025-05-06,2026-11-06,60.55068333,-150.94428056,4D,None,,SS 8 7,Soldotna,Kenai Peninsula,122,AK,SOLDOTNA,32527,31.9,,The existing line is a 115 kV transmission line primarily of wooden H-Frame and mono pole structures. The proposed line will be a double circuit transmission line having a 115 kV insulated circuit  a 230 kV insulated circuit  and include a new fiber communication line. The new structures are expected to be mostly single pole wood or steel vertical construction tangent structures and two pole wood or steel vertical construction for running angle structures or dead-end structures.,14.1-Mile Transmission Line between Soldotna Substation and Sterling Substation located on the  Kenai Peninsula  AK.,New Construction,Permanent,,,,,,,TRANSMISSION_LINE$T_L_TOWER,107,,107,218,325,,325,Homer electric Assoc. In.c,Homer Electric Assoc. Inc.,653471039-658518749,
2025-AAL-225-NRA,2025-AAL-149-NRA,Determined - No Hazard,To Proponent,2025-02-27,2025-02-27,2025-05-12,,66.88701111,-162.58559444,4D,,,POINT 8,KOTZEBUE,Northwest Arctic,188,AK,RALPH WIEN MEML,0,,Y,Request for use of temporary construction equipment and work will be implemented according to CSPP reviewed under case 2025-AAL-149-NRA. (POINT 8) Work area for improvements to primary runway surface area,,New Construction,Temporary,0,5,2026-06-01,2026-10-31,,,CONSTRUCTION$VEHICLE,,,20,8,,,28,Alaska Department of Transportation,Alaska Department of Transportation,,
2025-AAL-225-OE,,Determined - No Hazard,No Hazard,2025-04-10,2025-04-10,2025-05-06,2026-11-06,60.55125833,-150.94158333,4D,None,,SS 8 8,Soldotna,Kenai Peninsula,122,AK,SOLDOTNA,32963,32.4,,The existing line is a 115 kV transmission line primarily of wooden H-Frame and mono pole structures. The proposed line will be a double circuit transmission line having a 115 kV insulated circuit  a 230 kV insulated circuit  and include a new fiber communication line. The new structures are expected to be mostly single pole wood or steel vertical construction tangent structures and two pole wood or steel vertical construction for running angle structures or dead-end structures.,14.1-Mile Transmission Line between Soldotna Substation and Sterling Substation located on the  Kenai Peninsula  AK.,New Construction,Permanent,,,,,,,TRANSMISSION_LINE$T_L_TOWER,125,,125,235,360,,360,Homer electric Assoc. In.c,Homer Electric Assoc. Inc.,653471047-658518755,
2025-AAL-226-NRA,2025-AAL-149-NRA,Determined - No Hazard,To Proponent,2025-02-27,2025-02-27,2025-05-12,,66.88606111,-162.61044444,4D,,,POINT 1,KOTZEBUE,Northwest Arctic,188,AK,RALPH WIEN MEML,0,,Y,Request for use of temporary construction equipment and work will be implemented according to CSPP reviewed under case 2025-AAL-149-NRA. (POINT 1) Construction work area for improvements to the crosswind runway,,New Construction,Temporary,0,5,2026-06-01,2026-10-31,,,CONSTRUCTION$VEHICLE,,,20,11,,,31,Alaska Department of Transportation,Alaska Department of Transportation,,
2025-AAL-226-OE,,Determined - No Hazard,No Hazard,2025-04-10,2025-04-10,2025-05-06,2026-11-06,60.55204444,-150.93789722,4D,None,,SS 9 1,Soldotna,Kenai Peninsula,122,AK,SOLDOTNA,33565,33.1,,The existing line is a 115 kV transmission line primarily of wooden H-Frame and mono pole structures. The proposed line will be a double circuit transmission line having a 115 kV insulated circuit  a 230 kV insulated circuit  and include a new fiber communication line. The new structures are expected to be mostly single pole wood or steel vertical construction tangent structures and two pole wood or steel vertical construction for running angle structures or dead-end structures.,14.1-Mile Transmission Line between Soldotna Substation and Sterling Substation located on the  Kenai Peninsula  AK.,New Construction,Permanent,,,,,,,TRANSMISSION_LINE$T_L_TOWER,125,,125,229,354,,354,Homer electric Assoc. In.c,Homer Electric Assoc. Inc.,653471060-658518759,
2025-AAL-227-NRA,2025-AAL-149-NRA,Determined - No Hazard,To Proponent,2025-02-27,2025-02-27,2025-05-12,,66.88584444,-162.60823333,4D,,,POINT 2,KOTZEBUE,Northwest Arctic,188,AK,RALPH WIEN MEML,0,,Y,Request for use of temporary construction equipment and work will be implemented according to CSPP reviewed under case 2025-AAL-149-NRA. (POINT 2) Construction work area for improvements to the crosswind runway,,New Construction,Temporary,0,5,2026-06-01,2026-10-31,,,CONSTRUCTION$VEHICLE,,,20,10,,,30,Alaska Department of Transportation,Alaska Department of Transportation,,
2025-AAL-227-OE,,Determined - No Hazard,No Hazard,2025-04-10,2025-04-10,2025-05-06,2026-11-06,60.55294444,-150.93369167,4D,None,,SS 9 2,Soldotna,Kenai Peninsula,122,AK,SOLDOTNA,34257,33.8,,The existing line is a 115 kV transmission line primarily of wooden H-Frame and mono pole structures. The proposed line will be a double circuit transmission line having a 115 kV insulated circuit  a 230 kV insulated circuit  and include a new fiber communication line. The new structures are expected to be mostly single pole wood or steel vertical construction tangent structures and two pole wood or steel vertical construction for running angle structures or dead-end structures.,14.1-Mile Transmission Line between Soldotna Substation and Sterling Substation located on the  Kenai Peninsula  AK.,New Construction,Permanent,,,,,,,TRANSMISSION_LINE$T_L_TOWER,102,,102,227,329,,329,Homer electric Assoc. In.c,Homer Electric Assoc. Inc.,653471084-658518764,
2025-AAL-228-NRA,2025-AAL-149-NRA,Determined - No Hazard,To Proponent,2025-02-27,2025-02-27,2025-05-12,,66.88531944,-162.6081,4D,,,POINT 3,KOTZEBUE,Northwest Arctic,188,AK,RALPH WIEN MEML,0,,Y,Request for use of temporary construction equipment and work will be implemented according to CSPP reviewed under case 2025-AAL-149-NRA. (POINT 3) Construction work area for improvements to the crosswind runway,,New Construction,Temporary,0,5,2026-06-01,2026-10-31,,,CONSTRUCTION$VEHICLE,,,20,10,,,30,Alaska Department of Transportation,Alaska Department of Transportation,,
2025-AAL-228-OE,,Determined - No Hazard,No Hazard,2025-04-10,2025-04-10,2025-05-06,2026-11-06,60.55373889,-150.92996944,4D,None,,SS 9 3,Soldotna,Kenai Peninsula,122,AK,SOLDOTNA,34874,34.5,,The existing line is a 115 kV transmission line primarily of wooden H-Frame and mono pole structures. The proposed line will be a double circuit transmission line having a 115 kV insulated circuit  a 230 kV insulated circuit  and include a new fiber communication line. The new structures are expected to be mostly single pole wood or steel vertical construction tangent structures and two pole wood or steel vertical construction for running angle structures or dead-end structures.,14.1-Mile Transmission Line between Soldotna Substation and Sterling Substation located on the  Kenai Peninsula  AK.,New Construction,Permanent,,,,,,,TRANSMISSION_LINE$T_L_TOWER,121,,121,201,322,,322,Homer electric Assoc. In.c,Homer Electric Assoc. Inc.,653471093-658518766,
2025-AAL-229-NRA,2025-AAL-149-NRA,Determined - No Hazard,To Proponent,2025-02-27,2025-02-27,2025-05-12,,66.88456944,-162.60858611,4D,,,POINT 4,KOTZEBUE,Northwest Arctic,188,AK,RALPH WIEN MEML,0,,Y,Request for use of temporary construction equipment and work will be implemented according to CSPP reviewed under case 2025-AAL-149-NRA. (POINT 4) Construction work area for improvements to the crosswind runway,,New Construction,Temporary,0,5,2026-06-01,2026-10-31,,,CONSTRUCTION$VEHICLE,,,20,10,,,30,Alaska Department of Transportation,Alaska Department of Transportation,,
2025-AAL-229-OE,,Determined - No Hazard,No Hazard,2025-04-10,2025-04-10,2025-05-06,2026-11-06,60.5545,-150.92640556,4D,None,,SS 9 4,Soldotna,Kenai Peninsula,122,AK,SOLDOTNA,35469,35.1,,The existing line is a 115 kV transmission line primarily of wooden H-Frame and mono pole structures. The proposed line will be a double circuit transmission line having a 115 kV insulated circuit  a 230 kV insulated circuit  and include a new fiber communication line. The new structures are expected to be mostly single pole wood or steel vertical construction tangent structures and two pole wood or steel vertical construction for running angle structures or dead-end structures.,14.1-Mile Transmission Line between Soldotna Substation and Sterling Substation located on the  Kenai Peninsula  AK.,New Construction,Permanent,,,,,,,TRANSMISSION_LINE$T_L_TOWER,102,,102,230,332,,332,Homer electric Assoc. In.c,Homer Electric Assoc. Inc.,653471097-658518771,
2025-AAL-230-NRA,2025-AAL-149-NRA,Determined - No Hazard,To Proponent,2025-02-27,2025-02-27,2025-05-12,,66.88450278,-162.60791389,4D,,,POINT 5,KOTZEBUE,Northwest Arctic,188,AK,RALPH WIEN MEML,0,,Y,Request for use of temporary construction equipment and work will be implemented according to CSPP reviewed under case 2025-AAL-149-NRA. (POINT 5) Construction work area for improvements to the crosswind runway,,New Construction,Temporary,0,5,2026-06-01,2026-10-31,,,CONSTRUCTION$VEHICLE,,,20,9,,,29,Alaska Department of Transportation,Alaska Department of Transportation,,
2025-AAL-230-OE,,Determined - No Hazard,No Hazard,2025-04-10,2025-04-10,2025-05-06,2026-11-06,60.55509167,-150.92363333,4D,None,,SS 9 5,Soldotna,Kenai Peninsula,122,AK,SOLDOTNA,35935,35.5,,The existing line is a 115 kV transmission line primarily of wooden H-Frame and mono pole structures. The proposed line will be a double circuit transmission line having a 115 kV insulated circuit  a 230 kV insulated circuit  and include a new fiber communication line. The new structures are expected to be mostly single pole wood or steel vertical construction tangent structures and two pole wood or steel vertical construction for running angle structures or dead-end structures.,14.1-Mile Transmission Line between Soldotna Substation and Sterling Substation located on the  Kenai Peninsula  AK.,New Construction,Permanent,,,,,,,TRANSMISSION_LINE$T_L_TOWER,116,,116,213,329,,329,Homer electric Assoc. In.c,Homer Electric Assoc. Inc.,653471126-658518772,
2025-AAL-231-NRA,2025-AAL-149-NRA,Determined - No Hazard,To Proponent,2025-02-27,2025-02-27,2025-05-12,,66.88288333,-162.60893611,4D,,,POINT 6,KOTZEBUE,Northwest Arctic,188,AK,RALPH WIEN MEML,0,,Y,Request for use of temporary construction equipment and work will be implemented according to CSPP reviewed under case 2025-AAL-149-NRA. (POINT 6) Construction work area for improvements to the crosswind runway,,New Construction,Temporary,0,5,2026-06-01,2026-10-31,,,CONSTRUCTION$VEHICLE,,,20,10,,,30,Alaska Department of Transportation,Alaska Department of Transportation,,
2025-AAL-231-OE,,Determined - No Hazard,No Hazard,2025-04-10,2025-04-10,2025-05-06,2026-11-06,60.55574722,-150.92056389,4D,None,,SS 9 6,Soldotna,Kenai Peninsula,122,AK,SOLDOTNA,36452,36,,The existing line is a 115 kV transmission line primarily of wooden H-Frame and mono pole structures. The proposed line will be a double circuit transmission line having a 115 kV insulated circuit  a 230 kV insulated circuit  and include a new fiber communication line. The new structures are expected to be mostly single pole wood or steel vertical construction tangent structures and two pole wood or steel vertical construction for running angle structures or dead-end structures.,14.1-Mile Transmission Line between Soldotna Substation and Sterling Substation located on the  Kenai Peninsula  AK.,New Construction,Permanent,,,,,,,TRANSMISSION_LINE$T_L_TOWER,116,,116,228,344,,344,Homer electric Assoc. In.c,Homer Electric Assoc. Inc.,653471129-658518775,
2025-AAL-232-NRA,2025-AAL-149-NRA,Determined - No Hazard,To Proponent,2025-02-27,2025-02-27,2025-05-12,,66.88280833,-162.60818611,4D,,,POINT 7,KOTZEBUE,Northwest Arctic,188,AK,RALPH WIEN MEML,0,,Y,Request for use of temporary construction equipment and work will be implemented according to CSPP reviewed under case 2025-AAL-149-NRA. (POINT 7) Construction work area for improvements to the crosswind runway,,New Construction,Temporary,0,5,2026-06-01,2026-10-31,,,CONSTRUCTION$VEHICLE,,,20,11,,,31,Alaska Department of Transportation,Alaska Department of Transportation,,
2025-AAL-232-OE,,Determined - No Hazard,No Hazard,2025-04-10,2025-04-10,2025-05-06,2026-11-06,60.55639444,-150.917525,4D,None,,SS 9 7,Soldotna,Kenai Peninsula,122,AK,SOLDOTNA,36967,36.5,,The existing line is a 115 kV transmission line primarily of wooden H-Frame and mono pole structures. The proposed line will be a double circuit transmission line having a 115 kV insulated circuit  a 230 kV insulated circuit  and include a new fiber communication line. The new structures are expected to be mostly single pole wood or steel vertical construction tangent structures and two pole wood or steel vertical construction for running angle structures or dead-end structures.,14.1-Mile Transmission Line between Soldotna Substation and Sterling Substation located on the  Kenai Peninsula  AK.,New Construction,Permanent,,,,,,,TRANSMISSION_LINE$T_L_TOWER,116,,116,262,378,,378,Homer electric Assoc. In.c,Homer Electric Assoc. Inc.,653471134-658518777,
2025-AAL-233-NRA,2025-AAL-149-NRA,Determined - No Hazard,To Proponent,2025-02-27,2025-02-27,2025-05-12,,66.88266944,-162.608275,4D,,,POINT 8,KOTZEBUE,Northwest Arctic,188,AK,RALPH WIEN MEML,0,,Y,Request for use of temporary construction equipment and work will be implemented according to CSPP reviewed under case 2025-AAL-149-NRA. (POINT 8) Construction work area for improvements to the crosswind runway,,New Construction,Temporary,0,5,2026-06-01,2026-10-31,,,CONSTRUCTION$VEHICLE,,,20,11,,,31,Alaska Department of Transportation,Alaska Department of Transportation,,
2025-AAL-233-OE,,Determined - No Hazard,No Hazard,2025-04-10,2025-04-10,2025-05-06,2026-11-06,60.55735833,-150.91301111,4D,None,,SS 9 8,Soldotna,Kenai Peninsula,122,AK,SOLDOTNA,37737,37.2,,The existing line is a 115 kV transmission line primarily of wooden H-Frame and mono pole structures. The proposed line will be a double circuit transmission line having a 115 kV insulated circuit  a 230 kV insulated circuit  and include a new fiber communication line. The new structures are expected to be mostly single pole wood or steel vertical construction tangent structures and two pole wood or steel vertical construction for running angle structures or dead-end structures.,14.1-Mile Transmission Line between Soldotna Substation and Sterling Substation located on the  Kenai Peninsula  AK.,New Construction,Permanent,,,,,,,TRANSMISSION_LINE$T_L_TOWER,107,,107,270,377,,377,Homer electric Assoc. In.c,Homer Electric Assoc. Inc.,653471139-658518779,
2025-AAL-234-NRA,2025-AAL-149-NRA,Determined - No Hazard,To Proponent,2025-02-27,2025-02-27,2025-05-12,,66.88274167,-162.609025,4D,,,POINT 9,KOTZEBUE,Northwest Arctic,188,AK,RALPH WIEN MEML,0,,Y,Request for use of temporary construction equipment and work will be implemented according to CSPP reviewed under case 2025-AAL-149-NRA. (POINT 9) Construction work area for improvements to the crosswind runway,,New Construction,Temporary,0,5,2026-06-01,2026-10-31,,,CONSTRUCTION$VEHICLE,,,20,11,,,31,Alaska Department of Transportation,Alaska Department of Transportation,,
2025-AAL-234-OE,,Determined - No Hazard,No Hazard,2025-04-10,2025-04-10,2025-05-06,2026-11-06,60.558025,-150.909875,4D,None,,SS 10 1,Soldotna,Kenai Peninsula,122,AK,SOLDOTNA,38274,37.6,,The existing line is a 115 kV transmission line primarily of wooden H-Frame and mono pole structures. The proposed line will be a double circuit transmission line having a 115 kV insulated circuit  a 230 kV insulated circuit  and include a new fiber communication line. The new structures are expected to be mostly single pole wood or steel vertical construction tangent structures and two pole wood or steel vertical construction for running angle structures or dead-end structures.,14.1-Mile Transmission Line between Soldotna Substation and Sterling Substation located on the  Kenai Peninsula  AK.,New Construction,Permanent,,,,,,,TRANSMISSION_LINE$T_L_TOWER,111,,111,258,369,,369,Homer electric Assoc. In.c,Homer Electric Assoc. Inc.,653471149-658518783,
2025-AAL-235-NRA,2025-AAL-149-NRA,Determined - No Hazard,To Proponent,2025-02-27,2025-02-27,2025-05-12,,66.87386944,-162.61468333,4D,,,POINT 10,KOTZEBUE,Northwest Arctic,188,AK,RALPH WIEN MEML,0,,Y,Request for use of temporary construction equipment and work will be implemented according to CSPP reviewed under case 2025-AAL-149-NRA. (POINT 10) Construction work area for improvements to the crosswind runway,,New Construction,Temporary,0,5,2026-06-01,2026-10-31,,,CONSTRUCTION$VEHICLE,,,20,7,,,27,Alaska Department of Transportation,Alaska Department of Transportation,,
2025-AAL-235-OE,,Determined - No Hazard,No Hazard,2025-04-10,2025-04-10,2025-05-06,2026-11-06,60.55893611,-150.90560556,4D,None,,SS 10 2,Soldotna,Kenai Peninsula,122,AK,SOLDOTNA,39010,38.2,,The existing line is a 115 kV transmission line primarily of wooden H-Frame and mono pole structures. The proposed line will be a double circuit transmission line having a 115 kV insulated circuit  a 230 kV insulated circuit  and include a new fiber communication line. The new structures are expected to be mostly single pole wood or steel vertical construction tangent structures and two pole wood or steel vertical construction for running angle structures or dead-end structures.,14.1-Mile Transmission Line between Soldotna Substation and Sterling Substation located on the  Kenai Peninsula  AK.,New Construction,Permanent,,,,,,,TRANSMISSION_LINE$T_L_TOWER,125,,125,267,392,,392,Homer electric Assoc. In.c,Homer Electric Assoc. Inc.,653471167-658518786,
2025-AAL-236-NRA,2025-AAL-149-NRA,Determined - No Hazard,To Proponent,2025-02-27,2025-02-27,2025-05-12,,66.87419444,-162.61799167,4D,,,POINT 11,KOTZEBUE,Northwest Arctic,188,AK,RALPH WIEN MEML,0,,Y,Request for use of temporary construction equipment and work will be implemented according to CSPP reviewed under case 2025-AAL-149-NRA. (POINT 11) Construction work area for improvements to the crosswind runway,,New Construction,Temporary,0,5,2026-06-01,2026-10-31,,,CONSTRUCTION$VEHICLE,,,20,11,,,31,Alaska Department of Transportation,Alaska Department of Transportation,,
2025-AAL-236-OE,,Determined - No Hazard,No Hazard,2025-04-10,2025-04-10,2025-05-06,2026-11-06,60.55940278,-150.903425,4D,None,,SS 10 3,Soldotna,Kenai Peninsula,122,AK,SOLDOTNA,39387,38.5,,The existing line is a 115 kV transmission line primarily of wooden H-Frame and mono pole structures. The proposed line will be a double circuit transmission line having a 115 kV insulated circuit  a 230 kV insulated circuit  and include a new fiber communication line. The new structures are expected to be mostly single pole wood or steel vertical construction tangent structures and two pole wood or steel vertical construction for running angle structures or dead-end structures.,14.1-Mile Transmission Line between Soldotna Substation and Sterling Substation located on the  Kenai Peninsula  AK.,New Construction,Permanent,,,,,,,TRANSMISSION_LINE$T_L_TOWER,98,,98,319,417,,417,Homer electric Assoc. In.c,Homer Electric Assoc. Inc.,653471182-658518787,
2025-AAL-237-OE,,Determined - No Hazard,No Hazard,2025-04-10,2025-04-10,2025-05-06,2026-11-06,60.55982778,-150.90142778,4D,None,,SS 10 4 L R,Soldotna,Kenai Peninsula,122,AK,SOLDOTNA,39733,38.8,,The existing line is a 115 kV transmission line primarily of wooden H-Frame and mono pole structures. The proposed line will be a double circuit transmission line having a 115 kV insulated circuit  a 230 kV insulated circuit  and include a new fiber communication line. The new structures are expected to be mostly single pole wood or steel vertical construction tangent structures and two pole wood or steel vertical construction for running angle structures or dead-end structures.,14.1-Mile Transmission Line between Soldotna Substation and Sterling Substation located on the  Kenai Peninsula  AK.,New Construction,Permanent,,,,,,,TRANSMISSION_LINE$T_L_TOWER,116,,116,297,413,,413,Homer electric Assoc. In.c,Homer Electric Assoc. Inc.,653471201-658518789,
2025-AAL-238-NRA,,Studying,,2025-02-27,2025-02-27,,,62.77972222,-164.4925,4D,,,,EMMONAK,Kusilvak,158,AK,EMMONAK,0,,Y,Use of temporary equipment to install electrical line supporting Antenna pole mounted to existing building (SREB)  extending up to 10ft above the roofline. Located ~892ft from center of runway. This case describes the start point of power feed (from same building).,,New Construction,Temporary,4,0,2025-04-17,2025-04-19,,,CONSTRUCTION$VEHICLE,,,27,6,,,33,,,,
2025-AAL-238-OE,,Determined - No Hazard,No Hazard,2025-04-10,2025-04-10,2025-05-06,2026-11-06,60.55983056,-150.89775833,4D,None,,SS 10 5,Soldotna,Kenai Peninsula,122,AK,SOLDOTNA,40152,39.5,,The existing line is a 115 kV transmission line primarily of wooden H-Frame and mono pole structures. The proposed line will be a double circuit transmission line having a 115 kV insulated circuit  a 230 kV insulated circuit  and include a new fiber communication line. The new structures are expected to be mostly single pole wood or steel vertical construction tangent structures and two pole wood or steel vertical construction for running angle structures or dead-end structures.,14.1-Mile Transmission Line between Soldotna Substation and Sterling Substation located on the  Kenai Peninsula  AK.,New Construction,Permanent,,,,,,,TRANSMISSION_LINE$T_L_TOWER,116,,116,292,408,,408,Homer electric Assoc. In.c,Homer Electric Assoc. Inc.,653471226-658518791,
2025-AAL-239-NRA,,Studying,,2025-02-27,2025-02-27,,,62.77972222,-164.4925,4D,,,,EMMONAK,Kusilvak,158,AK,EMMONAK,0,,Y,Use of temporary equipment to install electrical line supporting Antenna pole mounted to existing building (SREB)  extending up to 10ft above the roofline. Located ~892ft from center of runway. This case describes the end point of power feed (from same building).,,New Construction,Temporary,4,0,2025-04-17,2025-04-19,,,CONSTRUCTION$VEHICLE,,,27,6,,,33,,,,
2025-AAL-239-OE,,Determined - No Hazard,No Hazard,2025-04-10,2025-04-10,2025-05-06,2026-11-06,60.55983333,-150.89408611,4D,None,,SS 10 6,Soldotna,Kenai Peninsula,122,AK,SOLDOTNA,40577,40.2,,The existing line is a 115 kV transmission line primarily of wooden H-Frame and mono pole structures. The proposed line will be a double circuit transmission line having a 115 kV insulated circuit  a 230 kV insulated circuit  and include a new fiber communication line. The new structures are expected to be mostly single pole wood or steel vertical construction tangent structures and two pole wood or steel vertical construction for running angle structures or dead-end structures.,14.1-Mile Transmission Line between Soldotna Substation and Sterling Substation located on the  Kenai Peninsula  AK.,New Construction,Permanent,,,,,,,TRANSMISSION_LINE$T_L_TOWER,111,,111,300,411,,411,Homer electric Assoc. In.c,Homer Electric Assoc. Inc.,653471240-658518880,
2025-AAL-240-NRA,,Determined - No Hazard,To Proponent,2025-02-28,2025-02-28,2025-04-29,,56.48580278,-132.38129167,4D,,,Fence/Gate,WRANGELL,Wrangell,275,AK,WRANGELL,0,,Y,"Replace 2 existing gates with new electric vertical pivot gates at the Wrangell Airport. Associated fencing and access control modifications. \r\nOperational height will not be greater than 20ft AGL. This case is to support the contractors&amp;amp;amp;amp;apos; construction permit.",,New Construction,Temporary,0,3,2025-06-01,2025-09-30,,,FENCE$SECURITY,,,20,32,,,52,"Island Contractors, Inc.","Island Contractors, Inc.",,
2025-AAL-240-OE,,Determined - No Hazard,No Hazard,2025-04-10,2025-04-10,2025-05-06,2026-11-06,60.55983611,-150.88994722,4D,None,,SS 10 7,Soldotna,Kenai Peninsula,122,AK,SOLDOTNA,41064,41,,The existing line is a 115 kV transmission line primarily of wooden H-Frame and mono pole structures. The proposed line will be a double circuit transmission line having a 115 kV insulated circuit  a 230 kV insulated circuit  and include a new fiber communication line. The new structures are expected to be mostly single pole wood or steel vertical construction tangent structures and two pole wood or steel vertical construction for running angle structures or dead-end structures.,14.1-Mile Transmission Line between Soldotna Substation and Sterling Substation located on the  Kenai Peninsula  AK.,New Construction,Permanent,,,,,,,TRANSMISSION_LINE$T_L_TOWER,111,,111,288,399,,399,Homer electric Assoc. In.c,Homer Electric Assoc. Inc.,653471246-658518885,
2025-AAL-241-NRA,,Determined - No Hazard,To Proponent,2025-02-28,2025-02-28,2025-04-29,,56.48473611,-132.37840278,4D,,,Fence/Gate,WRANGELL,Wrangell,275,AK,WRANGELL,0,,Y,"Replace 2 existing gates with new electric vertical pivot gates at the Wrangell Airport. Associated fencing and access control modifications. \r\nOperational height will not be greater than 20ft AGL. This case is to support the contractors&amp;amp;amp;amp;apos; construction permit.",,New Construction,Temporary,0,3,2025-06-01,2025-09-30,,,FENCE$SECURITY,,,20,37,,,57,"Island Contractors, Inc.","Island Contractors, Inc.",,"{\"frequencies\":[{\"band\":{\"value\":[10,11.7],\"uom\":\"GHz\"},\"erp\":{\"value\":42,\"uom\":\"dBW\"},\"standard\":77,\"purpose\":\"colo_void\"}]}"
2025-AAL-241-OE,,Determined - No Hazard,No Hazard,2025-04-10,2025-04-10,2025-05-06,2026-11-06,60.55983889,-150.88718333,4D,None,,SS 10 8,Soldotna,Kenai Peninsula,122,AK,SOLDOTNA,41394,41.5,,The existing line is a 115 kV transmission line primarily of wooden H-Frame and mono pole structures. The proposed line will be a double circuit transmission line having a 115 kV insulated circuit  a 230 kV insulated circuit  and include a new fiber communication line. The new structures are expected to be mostly single pole wood or steel vertical construction tangent structures and two pole wood or steel vertical construction for running angle structures or dead-end structures.,14.1-Mile Transmission Line between Soldotna Substation and Sterling Substation located on the  Kenai Peninsula  AK.,New Construction,Permanent,,,,,,,TRANSMISSION_LINE$T_L_TOWER,98,,98,303,401,,401,Homer electric Assoc. In.c,Homer Electric Assoc. Inc.,653471275-658518903,
2025-AAL-242-OE,,Determined - No Hazard,No Hazard,2025-04-10,2025-04-10,2025-05-06,2026-11-06,60.55984167,-150.88346944,4D,None,,SS 10 9,Soldotna,Kenai Peninsula,122,AK,SOLDOTNA,41842,42.2,,The existing line is a 115 kV transmission line primarily of wooden H-Frame and mono pole structures. The proposed line will be a double circuit transmission line having a 115 kV insulated circuit  a 230 kV insulated circuit  and include a new fiber communication line. The new structures are expected to be mostly single pole wood or steel vertical construction tangent structures and two pole wood or steel vertical construction for running angle structures or dead-end structures.,14.1-Mile Transmission Line between Soldotna Substation and Sterling Substation located on the  Kenai Peninsula  AK.,New Construction,Permanent,,,,,,,TRANSMISSION_LINE$T_L_TOWER,107,,107,320,427,,427,Homer electric Assoc. In.c,Homer Electric Assoc. Inc.,653471277-658518905,
2025-AAL-243-OE,,Determined - No Hazard,No Hazard,2025-04-10,2025-04-10,2025-05-06,2026-11-06,60.55985556,-150.87883889,4D,None,,SS 11 1,Soldotna,Kenai Peninsula,122,AK,SOLDOTNA,42411,43,,The existing line is a 115 kV transmission line primarily of wooden H-Frame and mono pole structures. The proposed line will be a double circuit transmission line having a 115 kV insulated circuit  a 230 kV insulated circuit  and include a new fiber communication line. The new structures are expected to be mostly single pole wood or steel vertical construction tangent structures and two pole wood or steel vertical construction for running angle structures or dead-end structures.,14.1-Mile Transmission Line between Soldotna Substation and Sterling Substation located on the  Kenai Peninsula  AK.,New Construction,Permanent,,,,,,,TRANSMISSION_LINE$T_L_TOWER,120,,120,354,474,,474,Homer electric Assoc. In.c,Homer Electric Assoc. Inc.,653471284-658518907,
2025-AAL-244-OE,,Determined - No Hazard,No Hazard,2025-04-10,2025-04-10,2025-05-06,2026-11-06,60.55984444,-150.87541111,4D,None,,SS 11 2,Soldotna,Kenai Peninsula,122,AK,SOLDOTNA,42833,43.6,,The existing line is a 115 kV transmission line primarily of wooden H-Frame and mono pole structures. The proposed line will be a double circuit transmission line having a 115 kV insulated circuit  a 230 kV insulated circuit  and include a new fiber communication line. The new structures are expected to be mostly single pole wood or steel vertical construction tangent structures and two pole wood or steel vertical construction for running angle structures or dead-end structures.,14.1-Mile Transmission Line between Soldotna Substation and Sterling Substation located on the  Kenai Peninsula  AK.,New Construction,Permanent,,,,,,,TRANSMISSION_LINE$T_L_TOWER,129,,129,366,495,,495,Homer electric Assoc. In.c,Homer Electric Assoc. Inc.,653471288-658518909,
2025-AAL-245-OE,,Determined - No Hazard,No Hazard,2025-04-10,2025-04-10,2025-05-06,2026-11-06,60.55984722,-150.87041389,4D,None,,SS 11 3,Soldotna,Kenai Peninsula,122,AK,SOLDOTNA,43460,44.5,,The existing line is a 115 kV transmission line primarily of wooden H-Frame and mono pole structures. The proposed line will be a double circuit transmission line having a 115 kV insulated circuit  a 230 kV insulated circuit  and include a new fiber communication line. The new structures are expected to be mostly single pole wood or steel vertical construction tangent structures and two pole wood or steel vertical construction for running angle structures or dead-end structures.,14.1-Mile Transmission Line between Soldotna Substation and Sterling Substation located on the  Kenai Peninsula  AK.,New Construction,Permanent,,,,,,,TRANSMISSION_LINE$T_L_TOWER,116,,116,353,469,,469,Homer electric Assoc. In.c,Homer Electric Assoc. Inc.,653471298-658518916,
2025-AAL-246-NRA,2024-AAL-1247-NRA,Determined - No Hazard,To Proponent,2025-03-04,2025-03-04,2025-04-28,,59.65444444,-151.49444444,4D,,,,HOMER,Kenai Peninsula,122,AK,HOMER,0,,Y,Continuation of last year's work in accordance with CSPP reviewed in case 2024-AAL-1247-NRA.  Working on RSA  Taxiway G and FAA electrical. Closures from 8 PM - 7 AM daily to complete work. Work includes grading  trenching  placing materials  and paving.,,New Construction,Temporary,0,4,2025-04-07,2025-07-31,,,CONSTRUCTION$VEHICLE,,,10,80,,,90,Colaska dba QAP,Colaska dba QAP,,
2025-AAL-246-OE,,Determined - No Hazard,No Hazard,2025-04-10,2025-04-10,2025-05-06,2026-11-06,60.55985,-150.86540833,4D,None,,SS 11 4,Soldotna,Kenai Peninsula,122,AK,SOLDOTNA,44099,45.3,,The existing line is a 115 kV transmission line primarily of wooden H-Frame and mono pole structures. The proposed line will be a double circuit transmission line having a 115 kV insulated circuit  a 230 kV insulated circuit  and include a new fiber communication line. The new structures are expected to be mostly single pole wood or steel vertical construction tangent structures and two pole wood or steel vertical construction for running angle structures or dead-end structures.,14.1-Mile Transmission Line between Soldotna Substation and Sterling Substation located on the  Kenai Peninsula  AK.,New Construction,Permanent,,,,,,,TRANSMISSION_LINE$T_L_TOWER,129,,129,347,476,,476,Homer electric Assoc. In.c,Homer Electric Assoc. Inc.,653471317-658518922,
2025-AAL-247-NRA,2024-AAL-1247-NRA,Determined - No Hazard,To Proponent,2025-03-04,2025-03-04,2025-04-28,,59.65370278,-151.45839167,4D,,,,HOMER,Kenai Peninsula,122,AK,HOMER,0,,Y,Continuation of last year's work in accordance with CSPP reviewed in case 2024-AAL-1247-NRA.  Working on RSA  Taxiway G and FAA electrical. Closures from 8 PM - 7 AM daily to complete work. Work includes grading  trenching  placing materials  and paving.,,New Construction,Temporary,0,4,2025-04-07,2025-07-31,,,CONSTRUCTION$VEHICLE,,,10,80,,,90,Colaska dba QAP,Colaska dba QAP,,
2025-AAL-247-OE,,Determined - No Hazard,No Hazard,2025-04-10,2025-04-10,2025-05-06,2026-11-06,60.55985278,-150.86150278,4D,None,,SS 11 5,Soldotna,Kenai Peninsula,122,AK,SOLDOTNA,44603,46,,The existing line is a 115 kV transmission line primarily of wooden H-Frame and mono pole structures. The proposed line will be a double circuit transmission line having a 115 kV insulated circuit  a 230 kV insulated circuit  and include a new fiber communication line. The new structures are expected to be mostly single pole wood or steel vertical construction tangent structures and two pole wood or steel vertical construction for running angle structures or dead-end structures.,14.1-Mile Transmission Line between Soldotna Substation and Sterling Substation located on the  Kenai Peninsula  AK.,New Construction,Permanent,,,,,,,TRANSMISSION_LINE$T_L_TOWER,120,,120,372,492,,492,Homer electric Assoc. In.c,Homer Electric Assoc. Inc.,653471333-658518929,
2025-AAL-248-NRA,2024-AAL-1247-NRA,Determined - No Hazard,To Proponent,2025-03-04,2025-03-04,2025-04-28,,59.65107222,-151.45360278,4D,,,,HOMER,Kenai Peninsula,122,AK,HOMER,0,,Y,Continuation of last year's work in accordance with CSPP reviewed in case 2024-AAL-1247-NRA.  Working on RSA  Taxiway G and FAA electrical. Closures from 8 PM - 7 AM daily to complete work. Work includes grading  trenching  placing materials  and paving.,,New Construction,Temporary,0,4,2025-04-07,2025-07-31,,,CONSTRUCTION$VEHICLE,,,10,80,,,90,Colaska dba QAP,Colaska dba QAP,,
2025-AAL-248-OE,,Determined - No Hazard,No Hazard,2025-04-10,2025-04-10,2025-05-06,2026-11-06,60.55985556,-150.85725,4D,None,,SS 11 6,Soldotna,Kenai Peninsula,122,AK,SOLDOTNA,45159,46.6,,The existing line is a 115 kV transmission line primarily of wooden H-Frame and mono pole structures. The proposed line will be a double circuit transmission line having a 115 kV insulated circuit  a 230 kV insulated circuit  and include a new fiber communication line. The new structures are expected to be mostly single pole wood or steel vertical construction tangent structures and two pole wood or steel vertical construction for running angle structures or dead-end structures.,14.1-Mile Transmission Line between Soldotna Substation and Sterling Substation located on the  Kenai Peninsula  AK.,New Construction,Permanent,,,,,,,TRANSMISSION_LINE$T_L_TOWER,111,,111,394,505,,505,Homer electric Assoc. In.c,Homer Electric Assoc. Inc.,653471362-658518937,
2025-AAL-249-NRA,2024-AAL-1247-NRA,Determined - No Hazard,To Proponent,2025-03-04,2025-03-04,2025-04-28,,59.63778056,-151.495975,4D,,,,HOMER,Kenai Peninsula,122,AK,HOMER,0,,Y,Continuation of last year's work in accordance with CSPP reviewed in case 2024-AAL-1247-NRA.  Working on RSA  Taxiway G and FAA electrical. Closures from 8 PM - 7 AM daily to complete work. Work includes grading  trenching  placing materials  and paving.,,New Construction,Temporary,0,4,2025-04-07,2025-07-31,,,CONSTRUCTION$VEHICLE,,,10,80,,,90,Colaska dba QAP,Colaska dba QAP,,
2025-AAL-249-OE,,Determined - No Hazard,No Hazard,2025-04-10,2025-04-10,2025-05-06,2026-11-06,60.55985556,-150.85392778,4D,None,,SS 11 7,Soldotna,Kenai Peninsula,122,AK,SOLDOTNA,45596,47.1,,The existing line is a 115 kV transmission line primarily of wooden H-Frame and mono pole structures. The proposed line will be a double circuit transmission line having a 115 kV insulated circuit  a 230 kV insulated circuit  and include a new fiber communication line. The new structures are expected to be mostly single pole wood or steel vertical construction tangent structures and two pole wood or steel vertical construction for running angle structures or dead-end structures.,14.1-Mile Transmission Line between Soldotna Substation and Sterling Substation located on the  Kenai Peninsula  AK.,New Construction,Permanent,,,,,,,TRANSMISSION_LINE$T_L_TOWER,107,,107,395,502,,502,Homer electric Assoc. In.c,Homer Electric Assoc. Inc.,653471377-658518940,
2025-AAL-250-NRA,2024-AAL-1247-NRA,Determined - No Hazard,To Proponent,2025-03-04,2025-03-04,2025-04-28,,59.640025,-151.49865,4D,,,,HOMER,Kenai Peninsula,122,AK,HOMER-BELUGA LAKE,0,,Y,Continuation of last year's work in accordance with CSPP reviewed in case 2024-AAL-1247-NRA.  Working on RSA  Taxiway G and FAA electrical. Closures from 8 PM - 7 AM daily to complete work. Work includes grading  trenching  placing materials  and paving.,,New Construction,Temporary,0,4,2025-04-07,2025-07-31,,,CONSTRUCTION$VEHICLE,,,10,80,,,90,Colaska dba QAP,Colaska dba QAP,,
2025-AAL-250-OE,,Determined - No Hazard,No Hazard,2025-04-10,2025-04-10,2025-05-06,2026-11-06,60.55985833,-150.84974167,4D,None,,SS 12 1,Soldotna,Kenai Peninsula,122,AK,SOLDOTNA,46153,47.8,,The existing line is a 115 kV transmission line primarily of wooden H-Frame and mono pole structures. The proposed line will be a double circuit transmission line having a 115 kV insulated circuit  a 230 kV insulated circuit  and include a new fiber communication line. The new structures are expected to be mostly single pole wood or steel vertical construction tangent structures and two pole wood or steel vertical construction for running angle structures or dead-end structures.,14.1-Mile Transmission Line between Soldotna Substation and Sterling Substation located on the  Kenai Peninsula  AK.,New Construction,Permanent,,,,,,,TRANSMISSION_LINE$T_L_TOWER,120,,120,378,498,,498,Homer electric Assoc. In.c,Homer Electric Assoc. Inc.,653471393-658518942,
2025-AAL-251-OE,,Determined - No Hazard,No Hazard,2025-04-10,2025-04-10,2025-05-06,2026-11-06,60.55986111,-150.84562222,4D,None,,SS 12 2,Soldotna,Kenai Peninsula,122,AK,SOLDOTNA,46707,48.4,,The existing line is a 115 kV transmission line primarily of wooden H-Frame and mono pole structures. The proposed line will be a double circuit transmission line having a 115 kV insulated circuit  a 230 kV insulated circuit  and include a new fiber communication line. The new structures are expected to be mostly single pole wood or steel vertical construction tangent structures and two pole wood or steel vertical construction for running angle structures or dead-end structures.,14.1-Mile Transmission Line between Soldotna Substation and Sterling Substation located on the  Kenai Peninsula  AK.,New Construction,Permanent,,,,,,,TRANSMISSION_LINE$T_L_TOWER,129,,129,356,485,,485,Homer electric Assoc. In.c,Homer Electric Assoc. Inc.,653471400-658518949,
2025-AAL-252-NRA,,Determined - No Hazard,To Proponent,2025-03-06,2025-03-07,2025-05-05,,64.81843889,-147.86605,4D,,,15 ft Drill Rig,FAIRBANKS,Fairbanks North Star,90,AK,FAIRBANKS INTL,0,,Y,"TH01\r\nThis OE/AAA 7460-1 application is for drilling for geotechnical investigation and environmental sampling to support the upcoming Fairbanks International Airport (FIA) Terminal North Apron Improvements (NFAPT00890) project. The drilling will consist of 12 test holes on the West Ramp and fence line of FIA north of the terminal building. A mid-level Geoprobe is planned to be used with a 15 ft drill mast height. Reported site elevations are based on NAVD88 vertical datum.",,Alteration,Temporary,5,0,2025-04-22,2025-04-28,,,CONSTRUCTION$VEHICLE,,,15,441,,,456,"R&M Consultants, INC.","Fairbanks International Airport, Alaska DOT&PF-NR",,
2025-AAL-252-OE,,Determined - No Hazard,No Hazard,2025-04-10,2025-04-10,2025-05-06,2026-11-06,60.55986111,-150.84121111,4D,None,,SS 12 3,Soldotna,Kenai Peninsula,122,AK,SOLDOTNA,47305,49,,The existing line is a 115 kV transmission line primarily of wooden H-Frame and mono pole structures. The proposed line will be a double circuit transmission line having a 115 kV insulated circuit  a 230 kV insulated circuit  and include a new fiber communication line. The new structures are expected to be mostly single pole wood or steel vertical construction tangent structures and two pole wood or steel vertical construction for running angle structures or dead-end structures.,14.1-Mile Transmission Line between Soldotna Substation and Sterling Substation located on the  Kenai Peninsula  AK.,New Construction,Permanent,,,,,,,TRANSMISSION_LINE$T_L_TOWER,129,,129,344,473,,473,Homer electric Assoc. In.c,Homer Electric Assoc. Inc.,653471422-658518955,
2025-AAL-253-NRA,,Determined - No Hazard,To Proponent,2025-03-06,2025-03-07,2025-05-05,,64.81866111,-147.86538889,4D,,,15 ft Drill Rig,FAIRBANKS,Fairbanks North Star,90,AK,FAIRBANKS INTL,0,,Y,"TH02\r\nThis OE/AAA 7460-1 application is for drilling for geotechnical investigation and environmental sampling to support the upcoming Fairbanks International Airport (FIA) Terminal North Apron Improvements (NFAPT00890) project. The drilling will consist of 12 test holes on the West Ramp and fence line of FIA north of the terminal building. A mid-level Geoprobe is planned to be used with a 15 ft drill mast height. Reported site elevations are based on NAVD88 vertical datum.",,Alteration,Temporary,5,0,2025-04-22,2025-04-28,,,CONSTRUCTION$VEHICLE,,,15,441,,,456,"R&M Consultants, INC.","Fairbanks International Airport, Alaska DOT&PF-NR",,
2025-AAL-253-OE,,Determined - No Hazard,No Hazard,2025-04-10,2025-04-10,2025-05-06,2026-11-06,60.55986389,-150.836925,4D,None,,SS 12 4,Soldotna,Kenai Peninsula,122,AK,SOLDOTNA,47892,49.6,,The existing line is a 115 kV transmission line primarily of wooden H-Frame and mono pole structures. The proposed line will be a double circuit transmission line having a 115 kV insulated circuit  a 230 kV insulated circuit  and include a new fiber communication line. The new structures are expected to be mostly single pole wood or steel vertical construction tangent structures and two pole wood or steel vertical construction for running angle structures or dead-end structures.,14.1-Mile Transmission Line between Soldotna Substation and Sterling Substation located on the  Kenai Peninsula  AK.,New Construction,Permanent,,,,,,,TRANSMISSION_LINE$T_L_TOWER,116,,116,343,459,,459,Homer electric Assoc. In.c,Homer Electric Assoc. Inc.,653471429-658518957,
2025-AAL-254-NRA,,Determined - No Hazard,To Proponent,2025-03-06,2025-03-07,2025-05-05,,64.81891111,-147.8647,4D,,,15 ft Drill Rig,FAIRBANKS,Fairbanks North Star,90,AK,FAIRBANKS INTL,0,,Y,"TH03\r\nThis OE/AAA 7460-1 application is for drilling for geotechnical investigation and environmental sampling to support the upcoming Fairbanks International Airport (FIA) Terminal North Apron Improvements (NFAPT00890) project. The drilling will consist of 12 test holes on the West Ramp and fence line of FIA north of the terminal building. A mid-level Geoprobe is planned to be used with a 15 ft drill mast height. Reported site elevations are based on NAVD88 vertical datum.",,Alteration,Temporary,5,0,2025-04-22,2025-04-28,,,CONSTRUCTION$VEHICLE,,,15,441,,,456,"R&M Consultants, INC.","Fairbanks International Airport, Alaska DOT&PF-NR",,
2025-AAL-254-OE,,Determined - No Hazard,No Hazard,2025-04-10,2025-04-10,2025-05-06,2026-11-06,60.55986389,-150.83293056,4D,None,,SS 12 5,Soldotna,Kenai Peninsula,122,AK,SOLDOTNA,48444,50.2,,The existing line is a 115 kV transmission line primarily of wooden H-Frame and mono pole structures. The proposed line will be a double circuit transmission line having a 115 kV insulated circuit  a 230 kV insulated circuit  and include a new fiber communication line. The new structures are expected to be mostly single pole wood or steel vertical construction tangent structures and two pole wood or steel vertical construction for running angle structures or dead-end structures.,14.1-Mile Transmission Line between Soldotna Substation and Sterling Substation located on the  Kenai Peninsula  AK.,New Construction,Permanent,,,,,,,TRANSMISSION_LINE$T_L_TOWER,120,,120,318,438,,438,Homer electric Assoc. In.c,Homer Electric Assoc. Inc.,653471438-658518958,
2025-AAL-255-NRA,,Determined - No Hazard,To Proponent,2025-03-06,2025-03-07,2025-05-05,,64.81921111,-147.86416944,4D,,,15 ft Drill Rig,FAIRBANKS,Fairbanks North Star,90,AK,FAIRBANKS INTL,0,,Y,"TH04\r\nThis OE/AAA 7460-1 application is for drilling for geotechnical investigation and environmental sampling to support the upcoming Fairbanks International Airport (FIA) Terminal North Apron Improvements (NFAPT00890) project. The drilling will consist of 12 test holes on the West Ramp and fence line of FIA north of the terminal building. A mid-level Geoprobe is planned to be used with a 15 ft drill mast height. Reported site elevations are based on NAVD88 vertical datum.",,Alteration,Temporary,5,0,2025-04-22,2025-04-28,,,CONSTRUCTION$VEHICLE,,,15,440,,,455,"R&M Consultants, INC.","Fairbanks International Airport, Alaska DOT&PF-NR",,
2025-AAL-255-OE,,Determined - No Hazard,No Hazard,2025-04-10,2025-04-10,2025-05-06,2026-11-06,60.55986389,-150.8287,4D,None,,SS 12 6,Soldotna,Kenai Peninsula,122,AK,SOLDOTNA,49032,50.7,,The existing line is a 115 kV transmission line primarily of wooden H-Frame and mono pole structures. The proposed line will be a double circuit transmission line having a 115 kV insulated circuit  a 230 kV insulated circuit  and include a new fiber communication line. The new structures are expected to be mostly single pole wood or steel vertical construction tangent structures and two pole wood or steel vertical construction for running angle structures or dead-end structures.,14.1-Mile Transmission Line between Soldotna Substation and Sterling Substation located on the  Kenai Peninsula  AK.,New Construction,Permanent,,,,,,,TRANSMISSION_LINE$T_L_TOWER,116,,116,320,436,,436,Homer electric Assoc. In.c,Homer Electric Assoc. Inc.,653471440-658518960,
2025-AAL-256-NRA,,Determined - No Hazard,To Proponent,2025-03-06,2025-03-07,2025-05-05,,64.81791111,-147.86486944,4D,,,15 ft Drill Rig,FAIRBANKS,Fairbanks North Star,90,AK,FAIRBANKS INTL,0,,Y,"TH05\r\nThis OE/AAA 7460-1 application is for drilling for geotechnical investigation and environmental sampling to support the upcoming Fairbanks International Airport (FIA) Terminal North Apron Improvements (NFAPT00890) project. The drilling will consist of 12 test holes on the West Ramp and fence line of FIA north of the terminal building. A mid-level Geoprobe is planned to be used with a 15 ft drill mast height. Reported site elevations are based on NAVD88 vertical datum.",,Alteration,Temporary,5,0,2025-04-22,2025-04-28,,,CONSTRUCTION$VEHICLE,,,15,440,,,455,"R&M Consultants, INC.","Fairbanks International Airport, Alaska DOT&PF-NR",,
2025-AAL-256-OE,,Determined - No Hazard,No Hazard,2025-04-10,2025-04-10,2025-05-06,2026-11-06,60.55986667,-150.82469444,4D,None,,SS 12 7,Soldotna,Kenai Peninsula,122,AK,SOLDOTNA,49594,51.3,,The existing line is a 115 kV transmission line primarily of wooden H-Frame and mono pole structures. The proposed line will be a double circuit transmission line having a 115 kV insulated circuit  a 230 kV insulated circuit  and include a new fiber communication line. The new structures are expected to be mostly single pole wood or steel vertical construction tangent structures and two pole wood or steel vertical construction for running angle structures or dead-end structures.,14.1-Mile Transmission Line between Soldotna Substation and Sterling Substation located on the  Kenai Peninsula  AK.,New Construction,Permanent,,,,,,,TRANSMISSION_LINE$T_L_TOWER,116,,116,325,441,,441,Homer electric Assoc. In.c,Homer Electric Assoc. Inc.,653471446-658518962,
2025-AAL-257-NRA,,Determined - No Hazard,To Proponent,2025-03-06,2025-03-07,2025-05-05,,64.81813056,-147.86425,4D,,,15 ft Drill Rig,FAIRBANKS,Fairbanks North Star,90,AK,FAIRBANKS INTL,0,,Y,"TH06\r\nThis OE/AAA 7460-1 application is for drilling for geotechnical investigation and environmental sampling to support the upcoming Fairbanks International Airport (FIA) Terminal North Apron Improvements (NFAPT00890) project. The drilling will consist of 12 test holes on the West Ramp and fence line of FIA north of the terminal building. A mid-level Geoprobe is planned to be used with a 15 ft drill mast height. Reported site elevations are based on NAVD88 vertical datum.",,Alteration,Temporary,5,0,2025-04-22,2025-04-28,,,CONSTRUCTION$VEHICLE,,,15,440,,,455,"R&M Consultants, INC.","Fairbanks International Airport, Alaska DOT&PF-NR",,
2025-AAL-257-OE,,Determined - No Hazard,No Hazard,2025-04-10,2025-04-10,2025-05-06,2026-11-06,60.55986667,-150.82075556,4D,None,,SS 13 1,Soldotna,Kenai Peninsula,122,AK,SOLDOTNA,50151,51.8,,The existing line is a 115 kV transmission line primarily of wooden H-Frame and mono pole structures. The proposed line will be a double circuit transmission line having a 115 kV insulated circuit  a 230 kV insulated circuit  and include a new fiber communication line. The new structures are expected to be mostly single pole wood or steel vertical construction tangent structures and two pole wood or steel vertical construction for running angle structures or dead-end structures.,14.1-Mile Transmission Line between Soldotna Substation and Sterling Substation located on the  Kenai Peninsula  AK.,New Construction,Permanent,,,,,,,TRANSMISSION_LINE$T_L_TOWER,116,,116,331,447,,447,Homer electric Assoc. In.c,Homer Electric Assoc. Inc.,653471450-658518974,
2025-AAL-258-NRA,,Determined - No Hazard,To Proponent,2025-03-06,2025-03-07,2025-05-05,,64.81838056,-147.86363889,4D,,,15 ft Drill Rig,FAIRBANKS,Fairbanks North Star,90,AK,FAIRBANKS INTL,0,,Y,"TH07\r\nThis OE/AAA 7460-1 application is for drilling for geotechnical investigation and environmental sampling to support the upcoming Fairbanks International Airport (FIA) Terminal North Apron Improvements (NFAPT00890) project. The drilling will consist of 12 test holes on the West Ramp and fence line of FIA north of the terminal building. A mid-level Geoprobe is planned to be used with a 15 ft drill mast height. Reported site elevations are based on NAVD88 vertical datum.",,Alteration,Temporary,5,0,2025-04-22,2025-04-28,,,CONSTRUCTION$VEHICLE,,,15,440,,,455,"R&M Consultants, INC.","Fairbanks International Airport, Alaska DOT&PF-NR",,
2025-AAL-258-OE,,Determined - No Hazard,No Hazard,2025-04-10,2025-04-10,2025-05-06,2026-11-06,60.55986667,-150.816575,4D,None,,SS 13 2,Soldotna,Kenai Peninsula,122,AK,SOLDOTNA,50745,52.3,,The existing line is a 115 kV transmission line primarily of wooden H-Frame and mono pole structures. The proposed line will be a double circuit transmission line having a 115 kV insulated circuit  a 230 kV insulated circuit  and include a new fiber communication line. The new structures are expected to be mostly single pole wood or steel vertical construction tangent structures and two pole wood or steel vertical construction for running angle structures or dead-end structures.,14.1-Mile Transmission Line between Soldotna Substation and Sterling Substation located on the  Kenai Peninsula  AK.,New Construction,Permanent,,,,,,,TRANSMISSION_LINE$T_L_TOWER,116,,116,334,450,,450,Homer electric Assoc. In.c,Homer Electric Assoc. Inc.,653471453-658519069,
2025-AAL-259-NRA,,Determined - No Hazard,To Proponent,2025-03-06,2025-03-07,2025-05-05,,64.81761944,-147.86483889,4D,,,15 ft Drill Rig,FAIRBANKS,Fairbanks North Star,90,AK,FAIRBANKS INTL,0,,Y,"TH08\r\nThis OE/AAA 7460-1 application is for drilling for geotechnical investigation and environmental sampling to support the upcoming Fairbanks International Airport (FIA) Terminal North Apron Improvements (NFAPT00890) project. The drilling will consist of 12 test holes on the West Ramp and fence line of FIA north of the terminal building. A mid-level Geoprobe is planned to be used with a 15 ft drill mast height. Reported site elevations are based on NAVD88 vertical datum.",,Alteration,Temporary,5,0,2025-04-22,2025-04-28,,,CONSTRUCTION$VEHICLE,,,15,440,,,455,"R&M Consultants, INC.","Fairbanks International Airport, Alaska DOT&PF-NR",,
2025-AAL-259-OE,,Determined - No Hazard,No Hazard,2025-04-10,2025-04-10,2025-05-06,2026-11-06,60.55986944,-150.81236667,4D,None,,SS 13 3,Soldotna,Kenai Peninsula,122,AK,SOLDOTNA,51349,52.8,,The existing line is a 115 kV transmission line primarily of wooden H-Frame and mono pole structures. The proposed line will be a double circuit transmission line having a 115 kV insulated circuit  a 230 kV insulated circuit  and include a new fiber communication line. The new structures are expected to be mostly single pole wood or steel vertical construction tangent structures and two pole wood or steel vertical construction for running angle structures or dead-end structures.,14.1-Mile Transmission Line between Soldotna Substation and Sterling Substation located on the  Kenai Peninsula  AK.,New Construction,Permanent,,,,,,,TRANSMISSION_LINE$T_L_TOWER,120,,120,327,447,,447,Homer electric Assoc. In.c,Homer Electric Assoc. Inc.,653471456-658519070,
2025-AAL-260-NRA,,Determined - No Hazard,To Proponent,2025-03-06,2025-03-07,2025-05-05,,64.81728889,-147.86501944,4D,,,15 ft Drill Rig,FAIRBANKS,Fairbanks North Star,90,AK,FAIRBANKS INTL,0,,Y,"TH09\r\nThis OE/AAA 7460-1 application is for drilling for geotechnical investigation and environmental sampling to support the upcoming Fairbanks International Airport (FIA) Terminal North Apron Improvements (NFAPT00890) project. The drilling will consist of 12 test holes on the West Ramp and fence line of FIA north of the terminal building. A mid-level Geoprobe is planned to be used with a 15 ft drill mast height. Reported site elevations are based on NAVD88 vertical datum.",,Alteration,Temporary,5,0,2025-04-22,2025-04-28,,,CONSTRUCTION$VEHICLE,,,15,439,,,454,"R&M Consultants, INC.","Fairbanks International Airport, Alaska DOT&PF-NR",,
2025-AAL-260-OE,,Determined - No Hazard,No Hazard,2025-04-10,2025-04-10,2025-05-06,2026-11-06,60.55986944,-150.80869444,4D,None,,SS 13 4,Soldotna,Kenai Peninsula,122,AK,SOLDOTNA,51878,53.2,,The existing line is a 115 kV transmission line primarily of wooden H-Frame and mono pole structures. The proposed line will be a double circuit transmission line having a 115 kV insulated circuit  a 230 kV insulated circuit  and include a new fiber communication line. The new structures are expected to be mostly single pole wood or steel vertical construction tangent structures and two pole wood or steel vertical construction for running angle structures or dead-end structures.,14.1-Mile Transmission Line between Soldotna Substation and Sterling Substation located on the  Kenai Peninsula  AK.,New Construction,Permanent,,,,,,,TRANSMISSION_LINE$T_L_TOWER,116,,116,317,433,,433,Homer electric Assoc. In.c,Homer Electric Assoc. Inc.,653471464-658519072,
2025-AAL-261-NRA,,Determined - No Hazard,To Proponent,2025-03-06,2025-03-07,2025-05-05,,64.81761111,-147.86421944,4D,,,15 ft Drill Rig,FAIRBANKS,Fairbanks North Star,90,AK,FAIRBANKS INTL,0,,Y,"TH10\r\nThis OE/AAA 7460-1 application is for drilling for geotechnical investigation and environmental sampling to support the upcoming Fairbanks International Airport (FIA) Terminal North Apron Improvements (NFAPT00890) project. The drilling will consist of 12 test holes on the West Ramp and fence line of FIA north of the terminal building. A mid-level Geoprobe is planned to be used with a 15 ft drill mast height. Reported site elevations are based on NAVD88 vertical datum.",,Alteration,Temporary,5,0,2025-04-22,2025-04-28,,,CONSTRUCTION$VEHICLE,,,15,439,,,454,"R&M Consultants, INC.","Fairbanks International Airport, Alaska DOT&PF-NR",,
2025-AAL-261-OE,,Determined - No Hazard,No Hazard,2025-04-10,2025-04-10,2025-05-06,2026-11-06,60.55986944,-150.80524167,4D,None,,SS 13 5,Soldotna,Kenai Peninsula,122,AK,SOLDOTNA,52379,53.6,,The existing line is a 115 kV transmission line primarily of wooden H-Frame and mono pole structures. The proposed line will be a double circuit transmission line having a 115 kV insulated circuit  a 230 kV insulated circuit  and include a new fiber communication line. The new structures are expected to be mostly single pole wood or steel vertical construction tangent structures and two pole wood or steel vertical construction for running angle structures or dead-end structures.,14.1-Mile Transmission Line between Soldotna Substation and Sterling Substation located on the  Kenai Peninsula  AK.,New Construction,Permanent,,,,,,,TRANSMISSION_LINE$T_L_TOWER,111,,111,300,411,,411,Homer electric Assoc. In.c,Homer Electric Assoc. Inc.,653471489-658519082,
2025-AAL-262-NRA,,Determined - No Hazard,To Proponent,2025-03-06,2025-03-07,2025-05-05,,64.8179,-147.8637,4D,,,15 ft Drill Rig,FAIRBANKS,Fairbanks North Star,90,AK,FAIRBANKS INTL,0,,Y,"TH11\r\nThis OE/AAA 7460-1 application is for drilling for geotechnical investigation and environmental sampling to support the upcoming Fairbanks International Airport (FIA) Terminal North Apron Improvements (NFAPT00890) project. The drilling will consist of 12 test holes on the West Ramp and fence line of FIA north of the terminal building. A mid-level Geoprobe is planned to be used with a 15 ft drill mast height. Reported site elevations are based on NAVD88 vertical datum.",,Alteration,Temporary,5,0,2025-04-22,2025-04-28,,,CONSTRUCTION$VEHICLE,,,15,439,,,454,"R&M Consultants, INC.","Fairbanks International Airport, Alaska DOT&PF-NR",,
2025-AAL-262-OE,,Determined - No Hazard,No Hazard,2025-04-10,2025-04-10,2025-05-06,2026-11-06,60.55986944,-150.80101667,4D,None,,SS 13 6,Soldotna,Kenai Peninsula,122,AK,SOLDOTNA,52995,54.1,,The existing line is a 115 kV transmission line primarily of wooden H-Frame and mono pole structures. The proposed line will be a double circuit transmission line having a 115 kV insulated circuit  a 230 kV insulated circuit  and include a new fiber communication line. The new structures are expected to be mostly single pole wood or steel vertical construction tangent structures and two pole wood or steel vertical construction for running angle structures or dead-end structures.,14.1-Mile Transmission Line between Soldotna Substation and Sterling Substation located on the  Kenai Peninsula  AK.,New Construction,Permanent,,,,,,,TRANSMISSION_LINE$T_L_TOWER,120,,120,264,384,,384,Homer electric Assoc. In.c,Homer Electric Assoc. Inc.,653471491-658519085,
2025-AAL-263-NRA,,Determined - No Hazard,To Proponent,2025-03-06,2025-03-07,2025-05-05,,64.81823056,-147.86308889,4D,,,15 ft Drill Rig,FAIRBANKS,Fairbanks North Star,90,AK,FAIRBANKS INTL,0,,Y,"TH12\r\nThis OE/AAA 7460-1 application is for drilling for geotechnical investigation and environmental sampling to support the upcoming Fairbanks International Airport (FIA) Terminal North Apron Improvements (NFAPT00890) project. The drilling will consist of 12 test holes on the West Ramp and fence line of FIA north of the terminal building. A mid-level Geoprobe is planned to be used with a 15 ft drill mast height. Reported site elevations are based on NAVD88 vertical datum.",,Alteration,Temporary,5,0,2025-04-22,2025-04-28,,,CONSTRUCTION$VEHICLE,,,15,439,,,454,"R&M Consultants, INC.","Fairbanks International Airport, Alaska DOT&PF-NR",,
2025-AAL-263-OE,,Determined - No Hazard,No Hazard,2025-04-10,2025-04-10,2025-05-06,2026-11-06,60.55986944,-150.79655556,4D,None,,SS 13 7,Soldotna,Kenai Peninsula,122,AK,SOLDOTNA,53649,54.6,,The existing line is a 115 kV transmission line primarily of wooden H-Frame and mono pole structures. The proposed line will be a double circuit transmission line having a 115 kV insulated circuit  a 230 kV insulated circuit  and include a new fiber communication line. The new structures are expected to be mostly single pole wood or steel vertical construction tangent structures and two pole wood or steel vertical construction for running angle structures or dead-end structures.,14.1-Mile Transmission Line between Soldotna Substation and Sterling Substation located on the  Kenai Peninsula  AK.,New Construction,Permanent,,,,,,,TRANSMISSION_LINE$T_L_TOWER,116,,116,277,393,,393,Homer electric Assoc. In.c,Homer Electric Assoc. Inc.,653471501-658519102,
2025-AAL-264-OE,,Determined - No Hazard,No Hazard,2025-04-10,2025-04-10,2025-05-06,2026-11-06,60.55986944,-150.79408611,4D,None,,SS 14 1,Soldotna,Kenai Peninsula,122,AK,SOLDOTNA,54013,54.9,,The existing line is a 115 kV transmission line primarily of wooden H-Frame and mono pole structures. The proposed line will be a double circuit transmission line having a 115 kV insulated circuit  a 230 kV insulated circuit  and include a new fiber communication line. The new structures are expected to be mostly single pole wood or steel vertical construction tangent structures and two pole wood or steel vertical construction for running angle structures or dead-end structures.,14.1-Mile Transmission Line between Soldotna Substation and Sterling Substation located on the  Kenai Peninsula  AK.,New Construction,Permanent,,,,,,,TRANSMISSION_LINE$T_L_TOWER,116,,116,417,533,,533,Homer electric Assoc. In.c,Homer Electric Assoc. Inc.,653471519-658519104,
2025-AAL-265-OE,,Determined - No Hazard,No Hazard,2025-04-10,2025-04-10,2025-05-06,2026-11-06,60.55983889,-150.79148333,4D,None,,SS 14 2,Soldotna,Kenai Peninsula,122,AK,SOLDOTNA,54391,55.2,,The existing line is a 115 kV transmission line primarily of wooden H-Frame and mono pole structures. The proposed line will be a double circuit transmission line having a 115 kV insulated circuit  a 230 kV insulated circuit  and include a new fiber communication line. The new structures are expected to be mostly single pole wood or steel vertical construction tangent structures and two pole wood or steel vertical construction for running angle structures or dead-end structures.,14.1-Mile Transmission Line between Soldotna Substation and Sterling Substation located on the  Kenai Peninsula  AK.,New Construction,Permanent,,,,,,,TRANSMISSION_LINE$T_L_TOWER,98,,98,406,504,,504,Homer electric Assoc. In.c,Homer Electric Assoc. Inc.,653471520-658519106,
2025-AAL-266-OE,,Determined - No Hazard,No Hazard,2025-04-10,2025-04-10,2025-05-06,2026-11-06,60.55980556,-150.78988889,4D,None,,SS 14 3,Soldotna,Kenai Peninsula,122,AK,SOLDOTNA,54621,55.4,,The existing line is a 115 kV transmission line primarily of wooden H-Frame and mono pole structures. The proposed line will be a double circuit transmission line having a 115 kV insulated circuit  a 230 kV insulated circuit  and include a new fiber communication line. The new structures are expected to be mostly single pole wood or steel vertical construction tangent structures and two pole wood or steel vertical construction for running angle structures or dead-end structures.,14.1-Mile Transmission Line between Soldotna Substation and Sterling Substation located on the  Kenai Peninsula  AK.,New Construction,Permanent,,,,,,,TRANSMISSION_LINE$T_L_TOWER,93,,93,384,477,,477,Homer electric Assoc. In.c,Homer Electric Assoc. Inc.,653471522-658519111,
2025-AAL-267-NRA,,Determined - No Hazard,To Proponent,2025-03-07,2025-03-07,2025-05-05,,60.54111111,-145.74111111,4D,,,Crane,CORDOVA,Valdez-Cordova,261,AK,MERLE K (MUDHOLE) SMITH,0,,Y,Perform a crane lift to remove the current AST and place it on the flatbed truck for disposal. And a second lift to place the new AST on the new concrete pad.,,New Construction,Temporary,8,0,2025-04-28,2025-05-07,,,CRANE,,,75,32,,,107,MITCHELL NORRIS,URBAN ELECTRIC,,
2025-AAL-267-OE,,Determined - No Hazard,No Hazard,2025-04-10,2025-04-10,2025-05-06,2026-11-06,60.55925,-150.78985,4D,None,,Sterling Sub,Soldotna,Kenai Peninsula,122,AK,SOLDOTNA,54512,55.6,,The existing line is a 115 kV transmission line primarily of wooden H-Frame and mono pole structures. The proposed line will be a double circuit transmission line having a 115 kV insulated circuit  a 230 kV insulated circuit  and include a new fiber communication line. The new structures are expected to be mostly single pole wood or steel vertical construction tangent structures and two pole wood or steel vertical construction for running angle structures or dead-end structures.,14.1-Mile Transmission Line between Soldotna Substation and Sterling Substation located on the  Kenai Peninsula  AK.,New Construction,Permanent,,,,,,,TRANSMISSION_LINE$T_L_TOWER,56,,56,377,433,,433,Homer electric Assoc. In.c,Homer Electric Assoc. Inc.,653471524-658519114,
2025-AAL-268-OE,2024-AAL-463-OE,Determined - No Hazard,No Hazard,2025-04-10,2025-04-10,2025-05-16,,59.30795278,-155.91461389,1A,None,,Igiugig 671,Igiugig,Lake and Peninsula,164,AK,IGIUGIG,6351,202.2,,AWN is proposing to increase the height of the structure to accommodate a lightning rod.,at the GCI Earth Station at the end of Highland Road  see attached 1A survey,Existing,Permanent,,,,,,1279657,TOWER$ANTENNA,83,,83,122,205,,205,GCI,Alaska Wireless Network,653486001-659773431,"{\"frequencies\":[{\"band\":{\"value\":[806,824],\"uom\":\"MHz\"},\"erp\":{\"value\":500,\"uom\":\"W\"},\"standard\":1,\"purpose\":\"colo_void\"},{\"band\":{\"value\":[824,849],\"uom\":\"MHz\"},\"erp\":{\"value\":500,\"uom\":\"W\"},\"standard\":2,\"purpose\":\"colo_void\"},{\"band\":{\"value\":[851,866],\"uom\":\"MHz\"},\"erp\":{\"value\":500,\"uom\":\"W\"},\"standard\":3,\"purpose\":\"colo_void\"},{\"band\":{\"value\":[869,894],\"uom\":\"MHz\"},\"erp\":{\"value\":500,\"uom\":\"W\"},\"standard\":4,\"purpose\":\"colo_void\"},{\"band\":{\"value\":[896,901],\"uom\":\"MHz\"},\"erp\":{\"value\":500,\"uom\":\"W\"},\"standard\":5,\"purpose\":\"colo_void\"},{\"band\":{\"value\":[901,902],\"uom\":\"MHz\"},\"erp\":{\"value\":7,\"uom\":\"W\"},\"standard\":6,\"purpose\":\"colo_void\"},{\"band\":{\"value\":[930,931],\"uom\":\"MHz\"},\"erp\":{\"value\":3500,\"uom\":\"W\"},\"standard\":7,\"purpose\":\"colo_void\"},{\"band\":{\"value\":[931,932],\"uom\":\"MHz\"},\"erp\":{\"value\":3500,\"uom\":\"W\"},\"standard\":8,\"purpose\":\"colo_void\"},{\"band\":{\"value\":[932,932.5],\"uom\":\"MHz\"},\"erp\":{\"value\":17,\"uom\":\"dBW\"},\"standard\":9,\"purpose\":\"colo_void\"},{\"band\":{\"value\":[935,940],\"uom\":\"MHz\"},\"erp\":{\"value\":1000,\"uom\":\"W\"},\"standard\":10,\"purpose\":\"colo_void\"},{\"band\":{\"value\":[940,941],\"uom\":\"MHz\"},\"erp\":{\"value\":3500,\"uom\":\"W\"},\"standard\":11,\"purpose\":\"colo_void\"},{\"band\":{\"value\":[1850,1910],\"uom\":\"MHz\"},\"erp\":{\"value\":1640,\"uom\":\"W\"},\"standard\":12,\"purpose\":\"colo_void\"},{\"band\":{\"value\":[1930,1990],\"uom\":\"MHz\"},\"erp\":{\"value\":1640,\"uom\":\"W\"},\"standard\":13,\"purpose\":\"colo_void\"},{\"band\":{\"value\":[2305,2310],\"uom\":\"MHz\"},\"erp\":{\"value\":2000,\"uom\":\"W\"},\"standard\":14,\"purpose\":\"colo_void\"},{\"band\":{\"value\":[2345,2360],\"uom\":\"MHz\"},\"erp\":{\"value\":2000,\"uom\":\"W\"},\"standard\":15,\"purpose\":\"colo_void\"},{\"band\":{\"value\":[698,806],\"uom\":\"MHz\"},\"erp\":{\"value\":1000,\"uom\":\"W\"},\"standard\":16,\"purpose\":\"colo_void\"},{\"band\":{\"value\":[6,7],\"uom\":\"GHz\"},\"erp\":{\"value\":42,\"uom\":\"dBW\"},\"standard\":76,\"purpose\":\"colo_void\"},{\"band\":{\"value\":[10,11.7],\"uom\":\"GHz\"},\"erp\":{\"value\":42,\"uom\":\"dBW\"},\"standard\":77,\"purpose\":\"colo_void\"},{\"band\":{\"value\":[17.7,19.7],\"uom\":\"GHz\"},\"erp\":{\"value\":42,\"uom\":\"dBW\"},\"standard\":78,\"purpose\":\"colo_void\"},{\"band\":{\"value\":[21.2,23.6],\"uom\":\"GHz\"},\"erp\":{\"value\":42,\"uom\":\"dBW\"},\"standard\":79,\"purpose\":\"colo_void\"},{\"band\":{\"value\":[806,901],\"uom\":\"MHz\"},\"erp\":{\"value\":500,\"uom\":\"W\"},\"standard\":80,\"purpose\":\"colo_void\"},{\"band\":{\"value\":[929,932],\"uom\":\"MHz\"},\"erp\":{\"value\":3500,\"uom\":\"W\"},\"standard\":81,\"purpose\":\"colo_void\"},{\"band\":{\"value\":[1670,1675],\"uom\":\"MHz\"},\"erp\":{\"value\":500,\"uom\":\"W\"},\"standard\":82,\"purpose\":\"colo_void\"},{\"band\":{\"value\":[1710,1755],\"uom\":\"MHz\"},\"erp\":{\"value\":500,\"uom\":\"W\"},\"standard\":83,\"purpose\":\"colo_void\"},{\"band\":{\"value\":[1850,1990],\"uom\":\"MHz\"},\"erp\":{\"value\":1640,\"uom\":\"W\"},\"standard\":84,\"purpose\":\"colo_void\"},{\"band\":{\"value\":[1990,2025],\"uom\":\"MHz\"},\"erp\":{\"value\":500,\"uom\":\"W\"},\"standard\":85,\"purpose\":\"colo_void\"},{\"band\":{\"value\":[2110,2200],\"uom\":\"MHz\"},\"erp\":{\"value\":500,\"uom\":\"W\"},\"standard\":86,\"purpose\":\"colo_void\"},{\"band\":{\"value\":[2305,2360],\"uom\":\"MHz\"},\"erp\":{\"value\":2000,\"uom\":\"W\"},\"standard\":87,\"purpose\":\"colo_void\"},{\"band\":{\"value\":[2496,2690],\"uom\":\"MHz\"},\"erp\":{\"value\":500,\"uom\":\"W\"},\"standard\":88,\"purpose\":\"colo_void\"},{\"band\":{\"value\":[6,7],\"uom\":\"GHz\"},\"erp\":{\"value\":55,\"uom\":\"dBW\"},\"standard\":89,\"purpose\":\"colo_void\"},{\"band\":{\"value\":[10,11.7],\"uom\":\"GHz\"},\"erp\":{\"value\":55,\"uom\":\"dBW\"},\"standard\":90,\"purpose\":\"colo_void\"},{\"band\":{\"value\":[17.7,19.7],\"uom\":\"GHz\"},\"erp\":{\"value\":55,\"uom\":\"dBW\"},\"standard\":91,\"purpose\":\"colo_void\"},{\"band\":{\"value\":[21.2,23.6],\"uom\":\"GHz\"},\"erp\":{\"value\":55,\"uom\":\"dBW\"},\"standard\":92,\"purpose\":\"colo_void\"},{\"band\":{\"value\":[614,698],\"uom\":\"MHz\"},\"erp\":{\"value\":1000,\"uom\":\"W\"},\"standard\":93,\"purpose\":\"data_entry\"},{\"band\":{\"value\":[614,698],\"uom\":\"MHz\"},\"erp\":{\"value\":2000,\"uom\":\"W\"},\"standard\":94,\"purpose\":\"data_entry\"}]}"
2025-AAL-269-OE,2019-AAL-88-OE,Determined - No Hazard,No Hazard,2025-04-10,2025-04-10,2025-04-23,,60.90939167,-161.43048889,1A,None,,Akiachak UUI 632,Akiachak,Bethel,50,AK,AKIACHAK,11302,98.2,,Re-filing to update ASR and to add the 14000-14500 MHz frequency for future use,UUI's Akiachak Central Office  see attached 1A survey,Existing,Permanent,,,,,,1012603,TOWER$ANTENNA,71,,71,21,92,,92,GCI,"Unitied Utilities, Inc.",653513309-654824818,"{\"frequencies\":[{\"band\":{\"value\":[806,824],\"uom\":\"MHz\"},\"erp\":{\"value\":500,\"uom\":\"W\"},\"standard\":1,\"purpose\":\"colo_void\"},{\"band\":{\"value\":[824,849],\"uom\":\"MHz\"},\"erp\":{\"value\":500,\"uom\":\"W\"},\"standard\":2,\"purpose\":\"colo_void\"},{\"band\":{\"value\":[851,866],\"uom\":\"MHz\"},\"erp\":{\"value\":500,\"uom\":\"W\"},\"standard\":3,\"purpose\":\"colo_void\"},{\"band\":{\"value\":[869,894],\"uom\":\"MHz\"},\"erp\":{\"value\":500,\"uom\":\"W\"},\"standard\":4,\"purpose\":\"colo_void\"},{\"band\":{\"value\":[896,901],\"uom\":\"MHz\"},\"erp\":{\"value\":500,\"uom\":\"W\"},\"standard\":5,\"purpose\":\"colo_void\"},{\"band\":{\"value\":[901,902],\"uom\":\"MHz\"},\"erp\":{\"value\":7,\"uom\":\"W\"},\"standard\":6,\"purpose\":\"colo_void\"},{\"band\":{\"value\":[930,931],\"uom\":\"MHz\"},\"erp\":{\"value\":3500,\"uom\":\"W\"},\"standard\":7,\"purpose\":\"colo_void\"},{\"band\":{\"value\":[931,932],\"uom\":\"MHz\"},\"erp\":{\"value\":3500,\"uom\":\"W\"},\"standard\":8,\"purpose\":\"colo_void\"},{\"band\":{\"value\":[932,932.5],\"uom\":\"MHz\"},\"erp\":{\"value\":17,\"uom\":\"dBW\"},\"standard\":9,\"purpose\":\"colo_void\"},{\"band\":{\"value\":[935,940],\"uom\":\"MHz\"},\"erp\":{\"value\":1000,\"uom\":\"W\"},\"standard\":10,\"purpose\":\"colo_void\"},{\"band\":{\"value\":[940,941],\"uom\":\"MHz\"},\"erp\":{\"value\":3500,\"uom\":\"W\"},\"standard\":11,\"purpose\":\"colo_void\"},{\"band\":{\"value\":[1850,1910],\"uom\":\"MHz\"},\"erp\":{\"value\":1640,\"uom\":\"W\"},\"standard\":12,\"purpose\":\"colo_void\"},{\"band\":{\"value\":[1930,1990],\"uom\":\"MHz\"},\"erp\":{\"value\":1640,\"uom\":\"W\"},\"standard\":13,\"purpose\":\"colo_void\"},{\"band\":{\"value\":[2305,2310],\"uom\":\"MHz\"},\"erp\":{\"value\":2000,\"uom\":\"W\"},\"standard\":14,\"purpose\":\"colo_void\"},{\"band\":{\"value\":[2345,2360],\"uom\":\"MHz\"},\"erp\":{\"value\":2000,\"uom\":\"W\"},\"standard\":15,\"purpose\":\"colo_void\"},{\"band\":{\"value\":[698,806],\"uom\":\"MHz\"},\"erp\":{\"value\":1000,\"uom\":\"W\"},\"standard\":16,\"purpose\":\"colo_void\"},{\"band\":{\"value\":[6,7],\"uom\":\"GHz\"},\"erp\":{\"value\":42,\"uom\":\"dBW\"},\"standard\":76,\"purpose\":\"colo_void\"},{\"band\":{\"value\":[10,11.7],\"uom\":\"GHz\"},\"erp\":{\"value\":42,\"uom\":\"dBW\"},\"standard\":77,\"purpose\":\"colo_void\"},{\"band\":{\"value\":[17.7,19.7],\"uom\":\"GHz\"},\"erp\":{\"value\":42,\"uom\":\"dBW\"},\"standard\":78,\"purpose\":\"colo_void\"},{\"band\":{\"value\":[21.2,23.6],\"uom\":\"GHz\"},\"erp\":{\"value\":42,\"uom\":\"dBW\"},\"standard\":79,\"purpose\":\"colo_void\"},{\"band\":{\"value\":[806,901],\"uom\":\"MHz\"},\"erp\":{\"value\":500,\"uom\":\"W\"},\"standard\":80,\"purpose\":\"colo_void\"},{\"band\":{\"value\":[929,932],\"uom\":\"MHz\"},\"erp\":{\"value\":3500,\"uom\":\"W\"},\"standard\":81,\"purpose\":\"colo_void\"},{\"band\":{\"value\":[1670,1675],\"uom\":\"MHz\"},\"erp\":{\"value\":500,\"uom\":\"W\"},\"standard\":82,\"purpose\":\"colo_void\"},{\"band\":{\"value\":[1710,1755],\"uom\":\"MHz\"},\"erp\":{\"value\":500,\"uom\":\"W\"},\"standard\":83,\"purpose\":\"colo_void\"},{\"band\":{\"value\":[1850,1990],\"uom\":\"MHz\"},\"erp\":{\"value\":1640,\"uom\":\"W\"},\"standard\":84,\"purpose\":\"colo_void\"},{\"band\":{\"value\":[1990,2025],\"uom\":\"MHz\"},\"erp\":{\"value\":500,\"uom\":\"W\"},\"standard\":85,\"purpose\":\"colo_void\"},{\"band\":{\"value\":[2110,2200],\"uom\":\"MHz\"},\"erp\":{\"value\":500,\"uom\":\"W\"},\"standard\":86,\"purpose\":\"colo_void\"},{\"band\":{\"value\":[2305,2360],\"uom\":\"MHz\"},\"erp\":{\"value\":2000,\"uom\":\"W\"},\"standard\":87,\"purpose\":\"colo_void\"},{\"band\":{\"value\":[2496,2690],\"uom\":\"MHz\"},\"erp\":{\"value\":500,\"uom\":\"W\"},\"standard\":88,\"purpose\":\"colo_void\"},{\"band\":{\"value\":[6,7],\"uom\":\"GHz\"},\"erp\":{\"value\":55,\"uom\":\"dBW\"},\"standard\":89,\"purpose\":\"colo_void\"},{\"band\":{\"value\":[10,11.7],\"uom\":\"GHz\"},\"erp\":{\"value\":55,\"uom\":\"dBW\"},\"standard\":90,\"purpose\":\"colo_void\"},{\"band\":{\"value\":[17.7,19.7],\"uom\":\"GHz\"},\"erp\":{\"value\":55,\"uom\":\"dBW\"},\"standard\":91,\"purpose\":\"colo_void\"},{\"band\":{\"value\":[21.2,23.6],\"uom\":\"GHz\"},\"erp\":{\"value\":55,\"uom\":\"dBW\"},\"standard\":92,\"purpose\":\"colo_void\"},{\"band\":{\"value\":[614,698],\"uom\":\"MHz\"},\"erp\":{\"value\":1000,\"uom\":\"W\"},\"standard\":93,\"purpose\":\"data_entry\"},{\"band\":{\"value\":[614,698],\"uom\":\"MHz\"},\"erp\":{\"value\":2000,\"uom\":\"W\"},\"standard\":94,\"purpose\":\"data_entry\"},{\"band\":{\"value\":[5925,6425],\"uom\":\"MHz\"},\"erp\":{\"value\":55,\"uom\":\"dBm\"},\"standard\":false},{\"band\":{\"value\":[14000,14500],\"uom\":\"MHz\"},\"erp\":{\"value\":7,\"uom\":\"kW\"},\"standard\":false}],\"overlaps\":[{\"recorded\":\"2025-04-10T21:54:31Z\",\"reason\":\"StarLink (SpaceX) Over-the-Counter antenna operating in the Ku-Band, 47 CFR Part 25\"}]}"
2025-AAL-270-OE,,Determined - No Hazard,No Hazard,2025-04-10,2025-04-10,2025-05-16,2026-11-16,61.17508889,-149.94766944,4D,None,,Coast INN Lake Hood Rooftop 4753,Anchorage,Anchorage,20,AK,LAKE HOOD,3829,117.9,,GCI is proposing to add an antenna at an overall height of 27 feet on the top of an existing 23 foot building,On the rooftop of the Gold Coast Inn located at 3450 Aviation Ave,Existing,Permanent,,,,,,,BUILDING$COMMERCIAL,27,,27,75,102,,102,GCI,GCI Communication Corp,653515461-659773530,"{\"frequencies\":[{\"band\":{\"value\":[14000,14500],\"uom\":\"MHz\"},\"erp\":{\"value\":7,\"uom\":\"kW\"},\"standard\":false}],\"overlaps\":[{\"recorded\":\"2025-04-10T23:47:33Z\",\"reason\":\"StarLink (SpaceX) Over-the-Counter antenna operating in the Ku-Band, 47 CFR Part 25\"}]}"
2025-AAL-271-OE,,Determined - No Hazard,No Hazard,2025-04-11,2025-04-11,2025-05-16,,64.61784167,-162.24878056,1A,None,,Elim TERRA 1744,Elim,Nome,180,AK,ELIM,3571,74.9,,Unicom is filing and existing communication structure to register with the FCC.,Within the community of Elim  AK.  See attached 1A survey letter,Existing,Permanent,,,,,,,TOWER$ANTENNA,62,,62,71,133,,133,GCI,"Unicom, Inc.",653576054-659773588,"{\"frequencies\":[{\"band\":{\"value\":[806,824],\"uom\":\"MHz\"},\"erp\":{\"value\":500,\"uom\":\"W\"},\"standard\":1,\"purpose\":\"colo_void\"},{\"band\":{\"value\":[824,849],\"uom\":\"MHz\"},\"erp\":{\"value\":500,\"uom\":\"W\"},\"standard\":2,\"purpose\":\"colo_void\"},{\"band\":{\"value\":[851,866],\"uom\":\"MHz\"},\"erp\":{\"value\":500,\"uom\":\"W\"},\"standard\":3,\"purpose\":\"colo_void\"},{\"band\":{\"value\":[869,894],\"uom\":\"MHz\"},\"erp\":{\"value\":500,\"uom\":\"W\"},\"standard\":4,\"purpose\":\"colo_void\"},{\"band\":{\"value\":[896,901],\"uom\":\"MHz\"},\"erp\":{\"value\":500,\"uom\":\"W\"},\"standard\":5,\"purpose\":\"colo_void\"},{\"band\":{\"value\":[901,902],\"uom\":\"MHz\"},\"erp\":{\"value\":7,\"uom\":\"W\"},\"standard\":6,\"purpose\":\"colo_void\"},{\"band\":{\"value\":[930,931],\"uom\":\"MHz\"},\"erp\":{\"value\":3500,\"uom\":\"W\"},\"standard\":7,\"purpose\":\"colo_void\"},{\"band\":{\"value\":[931,932],\"uom\":\"MHz\"},\"erp\":{\"value\":3500,\"uom\":\"W\"},\"standard\":8,\"purpose\":\"colo_void\"},{\"band\":{\"value\":[932,932.5],\"uom\":\"MHz\"},\"erp\":{\"value\":17,\"uom\":\"dBW\"},\"standard\":9,\"purpose\":\"colo_void\"},{\"band\":{\"value\":[935,940],\"uom\":\"MHz\"},\"erp\":{\"value\":1000,\"uom\":\"W\"},\"standard\":10,\"purpose\":\"colo_void\"},{\"band\":{\"value\":[940,941],\"uom\":\"MHz\"},\"erp\":{\"value\":3500,\"uom\":\"W\"},\"standard\":11,\"purpose\":\"colo_void\"},{\"band\":{\"value\":[1850,1910],\"uom\":\"MHz\"},\"erp\":{\"value\":1640,\"uom\":\"W\"},\"standard\":12,\"purpose\":\"colo_void\"},{\"band\":{\"value\":[1930,1990],\"uom\":\"MHz\"},\"erp\":{\"value\":1640,\"uom\":\"W\"},\"standard\":13,\"purpose\":\"colo_void\"},{\"band\":{\"value\":[2305,2310],\"uom\":\"MHz\"},\"erp\":{\"value\":2000,\"uom\":\"W\"},\"standard\":14,\"purpose\":\"colo_void\"},{\"band\":{\"value\":[2345,2360],\"uom\":\"MHz\"},\"erp\":{\"value\":2000,\"uom\":\"W\"},\"standard\":15,\"purpose\":\"colo_void\"},{\"band\":{\"value\":[698,806],\"uom\":\"MHz\"},\"erp\":{\"value\":1000,\"uom\":\"W\"},\"standard\":16,\"purpose\":\"colo_void\"},{\"band\":{\"value\":[6,7],\"uom\":\"GHz\"},\"erp\":{\"value\":42,\"uom\":\"dBW\"},\"standard\":76,\"purpose\":\"colo_void\"},{\"band\":{\"value\":[10,11.7],\"uom\":\"GHz\"},\"erp\":{\"value\":42,\"uom\":\"dBW\"},\"standard\":77,\"purpose\":\"colo_void\"},{\"band\":{\"value\":[17.7,19.7],\"uom\":\"GHz\"},\"erp\":{\"value\":42,\"uom\":\"dBW\"},\"standard\":78,\"purpose\":\"colo_void\"},{\"band\":{\"value\":[21.2,23.6],\"uom\":\"GHz\"},\"erp\":{\"value\":42,\"uom\":\"dBW\"},\"standard\":79,\"purpose\":\"colo_void\"},{\"band\":{\"value\":[806,901],\"uom\":\"MHz\"},\"erp\":{\"value\":500,\"uom\":\"W\"},\"standard\":80,\"purpose\":\"colo_void\"},{\"band\":{\"value\":[929,932],\"uom\":\"MHz\"},\"erp\":{\"value\":3500,\"uom\":\"W\"},\"standard\":81,\"purpose\":\"colo_void\"},{\"band\":{\"value\":[1670,1675],\"uom\":\"MHz\"},\"erp\":{\"value\":500,\"uom\":\"W\"},\"standard\":82,\"purpose\":\"colo_void\"},{\"band\":{\"value\":[1710,1755],\"uom\":\"MHz\"},\"erp\":{\"value\":500,\"uom\":\"W\"},\"standard\":83,\"purpose\":\"colo_void\"},{\"band\":{\"value\":[1850,1990],\"uom\":\"MHz\"},\"erp\":{\"value\":1640,\"uom\":\"W\"},\"standard\":84,\"purpose\":\"colo_void\"},{\"band\":{\"value\":[1990,2025],\"uom\":\"MHz\"},\"erp\":{\"value\":500,\"uom\":\"W\"},\"standard\":85,\"purpose\":\"colo_void\"},{\"band\":{\"value\":[2110,2200],\"uom\":\"MHz\"},\"erp\":{\"value\":500,\"uom\":\"W\"},\"standard\":86,\"purpose\":\"colo_void\"},{\"band\":{\"value\":[2305,2360],\"uom\":\"MHz\"},\"erp\":{\"value\":2000,\"uom\":\"W\"},\"standard\":87,\"purpose\":\"colo_void\"},{\"band\":{\"value\":[2496,2690],\"uom\":\"MHz\"},\"erp\":{\"value\":500,\"uom\":\"W\"},\"standard\":88,\"purpose\":\"colo_void\"},{\"band\":{\"value\":[6,7],\"uom\":\"GHz\"},\"erp\":{\"value\":55,\"uom\":\"dBW\"},\"standard\":89,\"purpose\":\"colo_void\"},{\"band\":{\"value\":[10,11.7],\"uom\":\"GHz\"},\"erp\":{\"value\":55,\"uom\":\"dBW\"},\"standard\":90,\"purpose\":\"colo_void\"},{\"band\":{\"value\":[17.7,19.7],\"uom\":\"GHz\"},\"erp\":{\"value\":55,\"uom\":\"dBW\"},\"standard\":91,\"purpose\":\"colo_void\"},{\"band\":{\"value\":[21.2,23.6],\"uom\":\"GHz\"},\"erp\":{\"value\":55,\"uom\":\"dBW\"},\"standard\":92,\"purpose\":\"colo_void\"},{\"band\":{\"value\":[614,698],\"uom\":\"MHz\"},\"erp\":{\"value\":1000,\"uom\":\"W\"},\"standard\":93,\"purpose\":\"data_entry\"},{\"band\":{\"value\":[614,698],\"uom\":\"MHz\"},\"erp\":{\"value\":2000,\"uom\":\"W\"},\"standard\":94,\"purpose\":\"data_entry\"}]}"
2025-AAL-272-NRA,,Determined - No Hazard,To Proponent,2025-03-13,2025-03-13,2025-04-01,,57.05485833,-135.36950833,4D,,,,SITKA,Sitka,220,AK,SITKA ROCKY GUTIERREZ,0,,Y,Request for use of temporary equipment. WE WILL NEED TO EXCEED THE HEIGHT OF THE HANGAR TO REMOVE AND REPLACE ROOFING INSULATION AND MEMBRANE. WE NEED AN OPERATING ELEVATION OF AT LEAST 66 AGL FOR THE TALL ROOF. THE TALL ROOF IS 41 FT AGL. WE NEED 15ft ABOVE ANY GIVEN ROOF SURFACE TO TENT SMALL SECTIONS. NO TENT WILL COVER MORE THAN 3000 SQ FT  OR BE OVER 15 FT ABOVE ROOF AT ANY TIME. WE WILL INFLATE ONLY 1 TENT AT ANY TIME - AND COMPLETE WORK IN THAT AREA. WE WILL RESET THE TENT AND REPEAT FOR 25 SETS. TENT USED FOR RAINY DAYS. TENT IS UP ONLY WHEN WORKING AND MONITORED. ALL TENTING WILL BE SECURED AND TAKEN DOWN EACH WORKDAY. WE WILL BE USING A FORKLIFT TO MOVE MATERIAL TO AND FROM THE ROOF.,,New Construction,Temporary,0,3,2025-04-16,2025-07-16,,,CONSTRUCTION$VEHICLE,,,66,15,,,81,KLR Northern JV,KLR Northern JV,,
2025-AAL-272-OE,,Determined - No Hazard,No Hazard,2025-04-11,2025-04-11,2025-05-16,2026-11-16,60.75083333,-151.31888889,4D,Red lights,,Drilling Rig Enterprise 151,Nikiski,Kenai Peninsula,122,AK,KENAI MUNI,66253,348.5,,The jack­up rig may be parking in this location temporarily to await tides prior to transiting to shore. Four points on the rig including three stanchions and a drill derrick may exceed 200 feet above sea level.,The Spartan 151 jack­up rig will be positioned in Cook Inlet's Nikiski Bay approximately 0.62 miles northwest of the OSK facility in Nikiski  Alaska.,New Construction,Temporary,0,2,2025-06-01,2025-08-01,,,RIG$DRILLING,250,,250,0,250,,250,Jacobs Solutions,Furie Operating Alaska LLC,653598992-659773852,
2025-AAL-273-NRA,,Determined - No Hazard,To Proponent,2025-03-13,2025-03-13,2025-04-01,,57.05448889,-135.36881111,4D,,,,SITKA,Sitka,220,AK,SITKA ROCKY GUTIERREZ,0,,Y,WE WILL NEED TO EXCEED THE HEIGHT OF THE HANGAR TO REMOVE AND REPLACE ROOFING INSULATION AND MEMBRANE. WE NEED AN OPERATING ELEVATION OF AT LEAST 66 AGL FOR THE TALL ROOF. THE TALL ROOF IS 41 FT AGL. WE NEED 15' ABOVE ANY GIVEN ROOF SURFACE TO TENT SMALL SECTIONS. NO TENT WILL COVER MORE THAN 3000 SQ FT  OR BE OVER 15 FT ABOVE ROOF AT ANY TIME. WE WILL INFLATE ONLY 1 TENT AT ANY TIME - AND COMPLETE WORK IN THAT AREA. WE WILL RESET THE TENT AND REPEAT FOR 25 SETS. TENT USED FOR RAINY DAYS. TENT IS UP ONLY WHEN WORKING AND MONITORED. ALL TENTING WILL BE SECURED AND TAKEN DOWN EACH WORKDAY. WE WILL BE USING A FORKLIFT TO MOVE MATERIAL TO AND FROM THE ROOF.,,New Construction,Temporary,0,3,2025-04-16,2025-07-16,,,CONSTRUCTION$VEHICLE,,,66,15,,,81,KLR Northern JV,KLR Northern JV,,
2025-AAL-273-OE,,Determined - No Hazard,No Hazard,2025-04-11,2025-04-11,2025-04-23,2026-10-23,60.68944444,-151.40583333,4D,Red lights,,Drilling Rig Enterprise 151,Nikiski,Kenai Peninsula,122,AK,KENAI MUNI,51373,325.8,,The jack­up rig may be parking in this location temporarily to await tides prior to transiting to shore. Four points on the rig including three stanchions and a drill derrick may exceed 200 feet above sea level.,The Spartan 151 jack­up rig will be positioned in Cook Inlet approximately 1200 feet offshore to the west of Rig Tenders Dock in Nikiski  Alaska.,New Construction,Temporary,0,2,2025-06-01,2025-08-01,,,RIG$DRILLING,250,,250,0,250,,250,Jacobs Solutions,Furie Operating Alaska LLC,653599239-654826861,
2025-AAL-274-NRA,,Determined - No Hazard,To Proponent,2025-03-13,2025-03-13,2025-04-01,,57.05490833,-135.36776111,4D,,,,SITKA,Sitka,220,AK,SITKA ROCKY GUTIERREZ,0,,Y,WE WILL NEED TO EXCEED THE HEIGHT OF THE HANGAR TO REMOVE AND REPLACE ROOFING INSULATION AND MEMBRANE. WE NEED AN OPERATING ELEVATION OF AT LEAST 66 AGL FOR THE TALL ROOF. THE TALL ROOF IS 41 FT AGL. WE NEED 15' ABOVE ANY GIVEN ROOF SURFACE TO TENT SMALL SECTIONS. NO TENT WILL COVER MORE THAN 3000 SQ FT  OR BE OVER 15 FT ABOVE ROOF AT ANY TIME. WE WILL INFLATE ONLY 1 TENT AT ANY TIME - AND COMPLETE WORK IN THAT AREA. WE WILL RESET THE TENT AND REPEAT FOR 25 SETS. TENT USED FOR RAINY DAYS. TENT IS UP ONLY WHEN WORKING AND MONITORED. ALL TENTING WILL BE SECURED AND TAKEN DOWN EACH WORKDAY. WE WILL BE USING A FORKLIFT TO MOVE MATERIAL TO AND FROM THE ROOF.,,New Construction,Temporary,0,3,2025-04-16,2025-07-16,,,CONSTRUCTION$VEHICLE,,,66,15,,,81,KLR Northern JV,KLR Northern JV,,
2025-AAL-274-OE,,Determined - No Hazard,No Hazard,2025-04-11,2025-04-11,2025-05-16,2026-11-16,60.69161667,-151.40865278,4D,Red lights,,Drilling Rig Enterprise 151,Nikiski,Kenai Peninsula,122,AK,KENAI MUNI,52314,325.9,,The jack­up rig will be parking here for maintenance operations. Four points on the rig including three stanchions and a drill derrick may exceed 200 feet above sea level.,The Spartan 151 jack­up rig will be positioned at Rig Tenders Dock in Nikiski  Alaska.,New Construction,Temporary,0,2,2025-06-01,2025-08-01,,,RIG$DRILLING,250,,250,0,250,,250,Jacobs Solutions,Furie Operating Alaska LLC,653599243-659774063,
2025-AAL-275-NRA,,Determined - No Hazard,To Proponent,2025-03-13,2025-03-13,2025-04-01,,57.05562778,-135.36908889,4D,,,,SITKA,Sitka,220,AK,SITKA ROCKY GUTIERREZ,0,,Y,WE WILL NEED TO EXCEED THE HEIGHT OF THE HANGAR TO REMOVE AND REPLACE ROOFING INSULATION AND MEMBRANE. WE NEED AN OPERATING ELEVATION OF AT LEAST 66 AGL FOR THE TALL ROOF. THE TALL ROOF IS 41 FT AGL. WE NEED 15' ABOVE ANY GIVEN ROOF SURFACE TO TENT SMALL SECTIONS. NO TENT WILL COVER MORE THAN 3000 SQ FT  OR BE OVER 15 FT ABOVE ROOF AT ANY TIME. WE WILL INFLATE ONLY 1 TENT AT ANY TIME - AND COMPLETE WORK IN THAT AREA. WE WILL RESET THE TENT AND REPEAT FOR 25 SETS. TENT USED FOR RAINY DAYS. TENT IS UP ONLY WHEN WORKING AND MONITORED. ALL TENTING WILL BE SECURED AND TAKEN DOWN EACH WORKDAY. WE WILL BE USING A FORKLIFT TO MOVE MATERIAL TO AND FROM THE ROOF.,,New Construction,Temporary,0,3,2025-04-16,2025-07-16,,,CONSTRUCTION$VEHICLE,,,66,15,,,81,KLR Northern JV,KLR Northern JV,,
2025-AAL-275-OE,2010-AAL-224-OE,Determined - No Hazard,No Hazard,2025-04-14,2025-04-15,2025-05-16,,59.72285,-157.28448889,1A,None,,Koliganek 655,Koliganek,Dillingham,70,AK,KOLIGANEK,4696,252.3,,UUI is refiling with 1A survey data to add the wireless frequencies and 14000-14500 frequency band,Approximately 0.88 miles bearing 254 degrees  true from runway center  See attached 1A Survey,Existing,Permanent,,,,,,1278142,TOWER$ANTENNA,183,,183,217,400,,400,GCI,"Unitied Utilities, Inc.",653789995-659774107,"{\"frequencies\":[{\"band\":{\"value\":[806,824],\"uom\":\"MHz\"},\"erp\":{\"value\":500,\"uom\":\"W\"},\"standard\":1,\"purpose\":\"colo_void\"},{\"band\":{\"value\":[824,849],\"uom\":\"MHz\"},\"erp\":{\"value\":500,\"uom\":\"W\"},\"standard\":2,\"purpose\":\"colo_void\"},{\"band\":{\"value\":[851,866],\"uom\":\"MHz\"},\"erp\":{\"value\":500,\"uom\":\"W\"},\"standard\":3,\"purpose\":\"colo_void\"},{\"band\":{\"value\":[869,894],\"uom\":\"MHz\"},\"erp\":{\"value\":500,\"uom\":\"W\"},\"standard\":4,\"purpose\":\"colo_void\"},{\"band\":{\"value\":[896,901],\"uom\":\"MHz\"},\"erp\":{\"value\":500,\"uom\":\"W\"},\"standard\":5,\"purpose\":\"colo_void\"},{\"band\":{\"value\":[901,902],\"uom\":\"MHz\"},\"erp\":{\"value\":7,\"uom\":\"W\"},\"standard\":6,\"purpose\":\"colo_void\"},{\"band\":{\"value\":[930,931],\"uom\":\"MHz\"},\"erp\":{\"value\":3500,\"uom\":\"W\"},\"standard\":7,\"purpose\":\"colo_void\"},{\"band\":{\"value\":[931,932],\"uom\":\"MHz\"},\"erp\":{\"value\":3500,\"uom\":\"W\"},\"standard\":8,\"purpose\":\"colo_void\"},{\"band\":{\"value\":[932,932.5],\"uom\":\"MHz\"},\"erp\":{\"value\":17,\"uom\":\"dBW\"},\"standard\":9,\"purpose\":\"colo_void\"},{\"band\":{\"value\":[935,940],\"uom\":\"MHz\"},\"erp\":{\"value\":1000,\"uom\":\"W\"},\"standard\":10,\"purpose\":\"colo_void\"},{\"band\":{\"value\":[940,941],\"uom\":\"MHz\"},\"erp\":{\"value\":3500,\"uom\":\"W\"},\"standard\":11,\"purpose\":\"colo_void\"},{\"band\":{\"value\":[1850,1910],\"uom\":\"MHz\"},\"erp\":{\"value\":1640,\"uom\":\"W\"},\"standard\":12,\"purpose\":\"colo_void\"},{\"band\":{\"value\":[1930,1990],\"uom\":\"MHz\"},\"erp\":{\"value\":1640,\"uom\":\"W\"},\"standard\":13,\"purpose\":\"colo_void\"},{\"band\":{\"value\":[2305,2310],\"uom\":\"MHz\"},\"erp\":{\"value\":2000,\"uom\":\"W\"},\"standard\":14,\"purpose\":\"colo_void\"},{\"band\":{\"value\":[2345,2360],\"uom\":\"MHz\"},\"erp\":{\"value\":2000,\"uom\":\"W\"},\"standard\":15,\"purpose\":\"colo_void\"},{\"band\":{\"value\":[698,806],\"uom\":\"MHz\"},\"erp\":{\"value\":1000,\"uom\":\"W\"},\"standard\":16,\"purpose\":\"colo_void\"},{\"band\":{\"value\":[6,7],\"uom\":\"GHz\"},\"erp\":{\"value\":42,\"uom\":\"dBW\"},\"standard\":76,\"purpose\":\"colo_void\"},{\"band\":{\"value\":[10,11.7],\"uom\":\"GHz\"},\"erp\":{\"value\":42,\"uom\":\"dBW\"},\"standard\":77,\"purpose\":\"colo_void\"},{\"band\":{\"value\":[17.7,19.7],\"uom\":\"GHz\"},\"erp\":{\"value\":42,\"uom\":\"dBW\"},\"standard\":78,\"purpose\":\"colo_void\"},{\"band\":{\"value\":[21.2,23.6],\"uom\":\"GHz\"},\"erp\":{\"value\":42,\"uom\":\"dBW\"},\"standard\":79,\"purpose\":\"colo_void\"},{\"band\":{\"value\":[806,901],\"uom\":\"MHz\"},\"erp\":{\"value\":500,\"uom\":\"W\"},\"standard\":80,\"purpose\":\"colo_void\"},{\"band\":{\"value\":[929,932],\"uom\":\"MHz\"},\"erp\":{\"value\":3500,\"uom\":\"W\"},\"standard\":81,\"purpose\":\"colo_void\"},{\"band\":{\"value\":[1670,1675],\"uom\":\"MHz\"},\"erp\":{\"value\":500,\"uom\":\"W\"},\"standard\":82,\"purpose\":\"colo_void\"},{\"band\":{\"value\":[1710,1755],\"uom\":\"MHz\"},\"erp\":{\"value\":500,\"uom\":\"W\"},\"standard\":83,\"purpose\":\"colo_void\"},{\"band\":{\"value\":[1850,1990],\"uom\":\"MHz\"},\"erp\":{\"value\":1640,\"uom\":\"W\"},\"standard\":84,\"purpose\":\"colo_void\"},{\"band\":{\"value\":[1990,2025],\"uom\":\"MHz\"},\"erp\":{\"value\":500,\"uom\":\"W\"},\"standard\":85,\"purpose\":\"colo_void\"},{\"band\":{\"value\":[2110,2200],\"uom\":\"MHz\"},\"erp\":{\"value\":500,\"uom\":\"W\"},\"standard\":86,\"purpose\":\"colo_void\"},{\"band\":{\"value\":[2305,2360],\"uom\":\"MHz\"},\"erp\":{\"value\":2000,\"uom\":\"W\"},\"standard\":87,\"purpose\":\"colo_void\"},{\"band\":{\"value\":[2496,2690],\"uom\":\"MHz\"},\"erp\":{\"value\":500,\"uom\":\"W\"},\"standard\":88,\"purpose\":\"colo_void\"},{\"band\":{\"value\":[6,7],\"uom\":\"GHz\"},\"erp\":{\"value\":55,\"uom\":\"dBW\"},\"standard\":89,\"purpose\":\"colo_void\"},{\"band\":{\"value\":[10,11.7],\"uom\":\"GHz\"},\"erp\":{\"value\":55,\"uom\":\"dBW\"},\"standard\":90,\"purpose\":\"colo_void\"},{\"band\":{\"value\":[17.7,19.7],\"uom\":\"GHz\"},\"erp\":{\"value\":55,\"uom\":\"dBW\"},\"standard\":91,\"purpose\":\"colo_void\"},{\"band\":{\"value\":[21.2,23.6],\"uom\":\"GHz\"},\"erp\":{\"value\":55,\"uom\":\"dBW\"},\"standard\":92,\"purpose\":\"colo_void\"},{\"band\":{\"value\":[614,698],\"uom\":\"MHz\"},\"erp\":{\"value\":1000,\"uom\":\"W\"},\"standard\":93,\"purpose\":\"data_entry\"},{\"band\":{\"value\":[614,698],\"uom\":\"MHz\"},\"erp\":{\"value\":2000,\"uom\":\"W\"},\"standard\":94,\"purpose\":\"data_entry\"},{\"band\":{\"value\":[6525,6875],\"uom\":\"MHz\"},\"erp\":{\"value\":65.2,\"uom\":\"dBm\"},\"standard\":false},{\"band\":{\"value\":[14000,14500],\"uom\":\"MHz\"},\"erp\":{\"value\":7,\"uom\":\"kW\"},\"standard\":false}],\"overlaps\":[{\"recorded\":\"2025-04-15T01:14:02Z\",\"reason\":\"StarLink (SpaceX) Over-the-Counter antenna operating in the Ku-Band, 47 CFR Part 25\"}]}"
2025-AAL-276-OE,2010-AAL-236-OE,Determined - No Hazard,No Hazard,2025-04-14,2025-04-15,2025-05-16,,59.45105833,-157.324925,1A,None,,New Syuyahok 657,New Stuyahok,Dillingham,70,AK,NEW STUYAHOK,8979,91.1,,UUI is re-filing with 1A Survey data to add the wireless frequencies and the 14000-14500 frequency band,1.72 miles bearing 89 degrees  true from airport reference point  See attached 1A Survey,Existing,Permanent,,,,,,1278146,TOWER$ANTENNA,94,,94,293,387,,387,GCI,"Unitied Utilities, Inc.",653790096-659774356,"{\"frequencies\":[{\"band\":{\"value\":[806,824],\"uom\":\"MHz\"},\"erp\":{\"value\":500,\"uom\":\"W\"},\"standard\":1,\"purpose\":\"colo_void\"},{\"band\":{\"value\":[824,849],\"uom\":\"MHz\"},\"erp\":{\"value\":500,\"uom\":\"W\"},\"standard\":2,\"purpose\":\"colo_void\"},{\"band\":{\"value\":[851,866],\"uom\":\"MHz\"},\"erp\":{\"value\":500,\"uom\":\"W\"},\"standard\":3,\"purpose\":\"colo_void\"},{\"band\":{\"value\":[869,894],\"uom\":\"MHz\"},\"erp\":{\"value\":500,\"uom\":\"W\"},\"standard\":4,\"purpose\":\"colo_void\"},{\"band\":{\"value\":[896,901],\"uom\":\"MHz\"},\"erp\":{\"value\":500,\"uom\":\"W\"},\"standard\":5,\"purpose\":\"colo_void\"},{\"band\":{\"value\":[901,902],\"uom\":\"MHz\"},\"erp\":{\"value\":7,\"uom\":\"W\"},\"standard\":6,\"purpose\":\"colo_void\"},{\"band\":{\"value\":[930,931],\"uom\":\"MHz\"},\"erp\":{\"value\":3500,\"uom\":\"W\"},\"standard\":7,\"purpose\":\"colo_void\"},{\"band\":{\"value\":[931,932],\"uom\":\"MHz\"},\"erp\":{\"value\":3500,\"uom\":\"W\"},\"standard\":8,\"purpose\":\"colo_void\"},{\"band\":{\"value\":[932,932.5],\"uom\":\"MHz\"},\"erp\":{\"value\":17,\"uom\":\"dBW\"},\"standard\":9,\"purpose\":\"colo_void\"},{\"band\":{\"value\":[935,940],\"uom\":\"MHz\"},\"erp\":{\"value\":1000,\"uom\":\"W\"},\"standard\":10,\"purpose\":\"colo_void\"},{\"band\":{\"value\":[940,941],\"uom\":\"MHz\"},\"erp\":{\"value\":3500,\"uom\":\"W\"},\"standard\":11,\"purpose\":\"colo_void\"},{\"band\":{\"value\":[1850,1910],\"uom\":\"MHz\"},\"erp\":{\"value\":1640,\"uom\":\"W\"},\"standard\":12,\"purpose\":\"colo_void\"},{\"band\":{\"value\":[1930,1990],\"uom\":\"MHz\"},\"erp\":{\"value\":1640,\"uom\":\"W\"},\"standard\":13,\"purpose\":\"colo_void\"},{\"band\":{\"value\":[2305,2310],\"uom\":\"MHz\"},\"erp\":{\"value\":2000,\"uom\":\"W\"},\"standard\":14,\"purpose\":\"colo_void\"},{\"band\":{\"value\":[2345,2360],\"uom\":\"MHz\"},\"erp\":{\"value\":2000,\"uom\":\"W\"},\"standard\":15,\"purpose\":\"colo_void\"},{\"band\":{\"value\":[698,806],\"uom\":\"MHz\"},\"erp\":{\"value\":1000,\"uom\":\"W\"},\"standard\":16,\"purpose\":\"colo_void\"},{\"band\":{\"value\":[6,7],\"uom\":\"GHz\"},\"erp\":{\"value\":42,\"uom\":\"dBW\"},\"standard\":76,\"purpose\":\"colo_void\"},{\"band\":{\"value\":[10,11.7],\"uom\":\"GHz\"},\"erp\":{\"value\":42,\"uom\":\"dBW\"},\"standard\":77,\"purpose\":\"colo_void\"},{\"band\":{\"value\":[17.7,19.7],\"uom\":\"GHz\"},\"erp\":{\"value\":42,\"uom\":\"dBW\"},\"standard\":78,\"purpose\":\"colo_void\"},{\"band\":{\"value\":[21.2,23.6],\"uom\":\"GHz\"},\"erp\":{\"value\":42,\"uom\":\"dBW\"},\"standard\":79,\"purpose\":\"colo_void\"},{\"band\":{\"value\":[806,901],\"uom\":\"MHz\"},\"erp\":{\"value\":500,\"uom\":\"W\"},\"standard\":80,\"purpose\":\"colo_void\"},{\"band\":{\"value\":[929,932],\"uom\":\"MHz\"},\"erp\":{\"value\":3500,\"uom\":\"W\"},\"standard\":81,\"purpose\":\"colo_void\"},{\"band\":{\"value\":[1670,1675],\"uom\":\"MHz\"},\"erp\":{\"value\":500,\"uom\":\"W\"},\"standard\":82,\"purpose\":\"colo_void\"},{\"band\":{\"value\":[1710,1755],\"uom\":\"MHz\"},\"erp\":{\"value\":500,\"uom\":\"W\"},\"standard\":83,\"purpose\":\"colo_void\"},{\"band\":{\"value\":[1850,1990],\"uom\":\"MHz\"},\"erp\":{\"value\":1640,\"uom\":\"W\"},\"standard\":84,\"purpose\":\"colo_void\"},{\"band\":{\"value\":[1990,2025],\"uom\":\"MHz\"},\"erp\":{\"value\":500,\"uom\":\"W\"},\"standard\":85,\"purpose\":\"colo_void\"},{\"band\":{\"value\":[2110,2200],\"uom\":\"MHz\"},\"erp\":{\"value\":500,\"uom\":\"W\"},\"standard\":86,\"purpose\":\"colo_void\"},{\"band\":{\"value\":[2305,2360],\"uom\":\"MHz\"},\"erp\":{\"value\":2000,\"uom\":\"W\"},\"standard\":87,\"purpose\":\"colo_void\"},{\"band\":{\"value\":[2496,2690],\"uom\":\"MHz\"},\"erp\":{\"value\":500,\"uom\":\"W\"},\"standard\":88,\"purpose\":\"colo_void\"},{\"band\":{\"value\":[6,7],\"uom\":\"GHz\"},\"erp\":{\"value\":55,\"uom\":\"dBW\"},\"standard\":89,\"purpose\":\"colo_void\"},{\"band\":{\"value\":[10,11.7],\"uom\":\"GHz\"},\"erp\":{\"value\":55,\"uom\":\"dBW\"},\"standard\":90,\"purpose\":\"colo_void\"},{\"band\":{\"value\":[17.7,19.7],\"uom\":\"GHz\"},\"erp\":{\"value\":55,\"uom\":\"dBW\"},\"standard\":91,\"purpose\":\"colo_void\"},{\"band\":{\"value\":[21.2,23.6],\"uom\":\"GHz\"},\"erp\":{\"value\":55,\"uom\":\"dBW\"},\"standard\":92,\"purpose\":\"colo_void\"},{\"band\":{\"value\":[614,698],\"uom\":\"MHz\"},\"erp\":{\"value\":1000,\"uom\":\"W\"},\"standard\":93,\"purpose\":\"data_entry\"},{\"band\":{\"value\":[614,698],\"uom\":\"MHz\"},\"erp\":{\"value\":2000,\"uom\":\"W\"},\"standard\":94,\"purpose\":\"data_entry\"},{\"band\":{\"value\":[6525,6875],\"uom\":\"MHz\"},\"erp\":{\"value\":65.2,\"uom\":\"dBm\"},\"standard\":false},{\"band\":{\"value\":[14000,14500],\"uom\":\"MHz\"},\"erp\":{\"value\":7,\"uom\":\"kW\"},\"standard\":false}],\"overlaps\":[{\"recorded\":\"2025-04-15T01:25:24Z\",\"reason\":\"StarLink (SpaceX) Over-the-Counter antenna operating in the Ku-Band, 47 CFR Part 25\"}]}"
2025-AAL-278-OE,2023-AAL-180-OE,Determined - No Hazard,No Hazard,2025-04-17,2025-04-17,2025-04-23,,61.18402778,-151.03136111,4D,Red lights,,Beluga Tower,Beluga,Kenai Peninsula,122,AK,TED STEVENS ANCHORAGE INTL,182417,271.6,,Raise existing communications tower approximately 80 FT.  Extension of 2023-AAL-180-OE (filed late),NE of Beluga Hwy and private air strip owned by Hilcorp,Existing,Permanent,,,2025-06-01,2026-12-31,2025-06-05,,TOWER,160,,160,86,246,,246,ENSTAR Natural Gas Company,ENSTAR Natural Gas Company,654247062-654828240,"{\"frequencies\":[{\"band\":{\"value\":[6175,6375],\"uom\":\"MHz\"},\"erp\":{\"value\":72.85,\"uom\":\"dBm\"},\"standard\":false}]}"
2025-AAL-280-OE,,Determined - No Hazard,No Hazard,2025-04-22,2025-04-22,2025-05-06,2026-11-06,60.12111667,-149.42873333,4D,None,,Grove RT890E,Seward,Kenai Peninsula,122,AK,SEWARD,3863,217.6,,Use of a mobile crane on a construction site.,"903 Post Ave  Seward Alaska\r\nCruise Ship Terminal",New Construction,Temporary,0,18,2025-05-01,2026-11-01,,,CRANE$MOBILE,145,,145,25,170,,170,HPM Contracting,Robert Dodge,654694914-658505962,
2025-AAL-281-OE,,Determined - No Hazard,No Hazard,2025-04-22,2025-04-22,2025-05-06,2026-11-06,60.12034167,-149.42845833,4D,None,,Grove RT890E,Seward,Kenai Peninsula,122,AK,SEWARD,4062,214.6,,Use of a mobile crane on a construction site,"903 Post Ave  Seward Ak\r\nCruise Ship Terminal",New Construction,Temporary,0,18,2025-05-01,2026-11-01,,,CRANE$MOBILE,145,,145,25,170,,170,HPM Contracting,Robert Dodge,654695624-658505963,
2025-AAL-282-OE,,Determined - No Hazard,No Hazard,2025-04-22,2025-04-22,2025-05-06,2026-11-06,60.120225,-149.42979167,4D,None,,Grove RT890E,Seward,Kenai Peninsula,122,AK,SEWARD,4239,217,,Use of a mobile crane on a construction site,"903 Post Ave  Seward ak\r\nCruise Ship Terminal",New Construction,Temporary,0,18,2025-05-01,2026-11-01,,,CRANE$MOBILE,145,,145,25,170,,170,HPM Contracting,Robert Dodge,654696076-658505961,
2025-AAL-284-OE,2024-AAL-531-OE,Determined - No Hazard,No Hazard,2025-04-24,2025-04-24,2025-06-03,2026-12-03,64.54266389,-163.03474722,1A,,,SIDEMOUNT: Martin L Olson Rooftop 2759,Golovin,Nome,180,AK,GOLOVIN,5193,236.7,,GCI proposes to mount a telecommunication antenna to the rooftop of the existing 34' building.  Over all height will be 36 feet,On the Martin L Olson School rooftop  40 Main St.  See attached 1A survey,Existing,Permanent,,,,,,,BUILDING$SCHOOL,36,,36,15,51,,51,GCI,GCI Communication Corp,654995154-661564386,"{\"frequencies\":[{\"band\":{\"value\":[21.2,23.6],\"uom\":\"GHz\"},\"erp\":{\"value\":55,\"uom\":\"dBW\"},\"standard\":92,\"purpose\":\"colo_void\"},{\"band\":{\"value\":[14000,14500],\"uom\":\"MHz\"},\"erp\":{\"value\":6,\"uom\":\"W\"},\"standard\":false}]}"
2025-AAL-285-NRA,,Determined - No Hazard,To Proponent,2025-03-20,2025-03-20,2025-04-29,,61.18326111,-149.96625556,4D,,,,ANCHORAGE,Anchorage,20,AK,LAKE HOOD,0,,Y,Request for use of temporary equipment to relocate Lk hood float slip 816. My docks were too close together for a beaver. On the dock to the south I have removed the 3inner pilings. I would like to move them 4ft to the south to form the southern edge of a rebuilt dock for more space between the 2.,,New Construction,Temporary,3,0,2025-03-16,2025-03-19,,,CONSTRUCTION$VEHICLE,,,25,80,,,105,N/A,Jed Struempler,,
2025-AAL-285-OE,2024-AAL-542-OE,Determined - No Hazard,No Hazard,2025-04-24,2025-04-24,2025-05-16,,64.61578333,-162.26463889,1A,None,,SIDEMOUNT: Aniquiin School 2750,Elim,Nome,180,AK,ELIM,971,72.2,,Re-filing with 1A survey,Mounted on the side of the school located at 29 Main Street.  See attached 1A survey,Existing,Permanent,,,,,,,BUILDING$SCHOOL,40,,40,82,122,,122,GCI,GCI Communication Corp,655002857-659774503,"{\"frequencies\":[{\"band\":{\"value\":[21.2,23.6],\"uom\":\"GHz\"},\"erp\":{\"value\":55,\"uom\":\"dBW\"},\"standard\":92,\"purpose\":\"colo_void\"},{\"band\":{\"value\":[14000,14500],\"uom\":\"MHz\"},\"erp\":{\"value\":6,\"uom\":\"W\"},\"standard\":false}]}"
2025-AAL-286-NRA,,Determined - No Hazard,Determination,2025-03-24,2025-03-24,2025-06-16,2026-12-16,59.01688889,-161.82302778,4D,,,,PLATINUM,Bethel,50,AK,PLATINUM,0,,Y,Request for use of temporary equipment. Unicom proposes to install an underground fiber optic cable and associated underground infrastructure on and along airport ROW property. The extended height of the mobile construction equipment will be no higher than 35 ft AGL. Please see attached figure and POI description table.,,New Construction,Temporary,0,4,2025-06-01,2025-10-01,,,CONSTRUCTION$VEHICLE,,,35,10,,,45,GCI,"Unicom, Inc.",,
2025-AAL-287-NRA,,Determined - No Hazard,To Proponent,2025-03-24,2025-03-24,2025-06-16,,59.017,-161.82202778,4D,,,,PLATINUM,Bethel,50,AK,PLATINUM,0,,Y,Request for use of temporary equipment. Unicom proposes to install an underground fiber optic cable and associated underground infrastructure on and along airport ROW property. The extended height of the mobile construction equipment will be no higher than 35 ft AGL. Please see attached figure and POI description table.,,New Construction,Temporary,0,4,2025-06-01,2025-10-01,,,CONSTRUCTION$VEHICLE,,,35,7,,,42,GCI,"Unicom, Inc.",,
2025-AAL-287-OE,2016-AAL-108-OE,Determined - No Hazard,No Hazard,2025-04-24,2025-04-24,2025-05-09,,58.41876944,-135.70754444,1A,None,,ACS Gustavus 758: SIDE MOUNT,Gustavus,Hoonah-Angoon,105,AK,GUSTAVUS,2379,180.6,,AWN proposes to add the 14000-14500 MHz frequency,Gustavus Rd.  See attached 1A survey,Alteration,Permanent,,,,,,1275960,TOWER$ANTENNA,120,,120,28,148,,148,GCI,Alaska Wireless Network,655011989-658994442,"{\"frequencies\":[{\"band\":{\"value\":[806,824],\"uom\":\"MHz\"},\"erp\":{\"value\":500,\"uom\":\"W\"},\"standard\":1,\"purpose\":\"colo_void\"},{\"band\":{\"value\":[824,849],\"uom\":\"MHz\"},\"erp\":{\"value\":500,\"uom\":\"W\"},\"standard\":2,\"purpose\":\"colo_void\"},{\"band\":{\"value\":[851,866],\"uom\":\"MHz\"},\"erp\":{\"value\":500,\"uom\":\"W\"},\"standard\":3,\"purpose\":\"colo_void\"},{\"band\":{\"value\":[869,894],\"uom\":\"MHz\"},\"erp\":{\"value\":500,\"uom\":\"W\"},\"standard\":4,\"purpose\":\"colo_void\"},{\"band\":{\"value\":[896,901],\"uom\":\"MHz\"},\"erp\":{\"value\":500,\"uom\":\"W\"},\"standard\":5,\"purpose\":\"colo_void\"},{\"band\":{\"value\":[901,902],\"uom\":\"MHz\"},\"erp\":{\"value\":7,\"uom\":\"W\"},\"standard\":6,\"purpose\":\"colo_void\"},{\"band\":{\"value\":[930,931],\"uom\":\"MHz\"},\"erp\":{\"value\":3500,\"uom\":\"W\"},\"standard\":7,\"purpose\":\"colo_void\"},{\"band\":{\"value\":[931,932],\"uom\":\"MHz\"},\"erp\":{\"value\":3500,\"uom\":\"W\"},\"standard\":8,\"purpose\":\"colo_void\"},{\"band\":{\"value\":[932,932.5],\"uom\":\"MHz\"},\"erp\":{\"value\":17,\"uom\":\"dBW\"},\"standard\":9,\"purpose\":\"colo_void\"},{\"band\":{\"value\":[935,940],\"uom\":\"MHz\"},\"erp\":{\"value\":1000,\"uom\":\"W\"},\"standard\":10,\"purpose\":\"colo_void\"},{\"band\":{\"value\":[940,941],\"uom\":\"MHz\"},\"erp\":{\"value\":3500,\"uom\":\"W\"},\"standard\":11,\"purpose\":\"colo_void\"},{\"band\":{\"value\":[1850,1910],\"uom\":\"MHz\"},\"erp\":{\"value\":1640,\"uom\":\"W\"},\"standard\":12,\"purpose\":\"colo_void\"},{\"band\":{\"value\":[1930,1990],\"uom\":\"MHz\"},\"erp\":{\"value\":1640,\"uom\":\"W\"},\"standard\":13,\"purpose\":\"colo_void\"},{\"band\":{\"value\":[2305,2310],\"uom\":\"MHz\"},\"erp\":{\"value\":2000,\"uom\":\"W\"},\"standard\":14,\"purpose\":\"colo_void\"},{\"band\":{\"value\":[2345,2360],\"uom\":\"MHz\"},\"erp\":{\"value\":2000,\"uom\":\"W\"},\"standard\":15,\"purpose\":\"colo_void\"},{\"band\":{\"value\":[698,806],\"uom\":\"MHz\"},\"erp\":{\"value\":1000,\"uom\":\"W\"},\"standard\":16,\"purpose\":\"colo_void\"},{\"band\":{\"value\":[6,7],\"uom\":\"GHz\"},\"erp\":{\"value\":42,\"uom\":\"dBW\"},\"standard\":76,\"purpose\":\"colo_void\"},{\"band\":{\"value\":[10,11.7],\"uom\":\"GHz\"},\"erp\":{\"value\":42,\"uom\":\"dBW\"},\"standard\":77,\"purpose\":\"colo_void\"},{\"band\":{\"value\":[17.7,19.7],\"uom\":\"GHz\"},\"erp\":{\"value\":42,\"uom\":\"dBW\"},\"standard\":78,\"purpose\":\"colo_void\"},{\"band\":{\"value\":[21.2,23.6],\"uom\":\"GHz\"},\"erp\":{\"value\":42,\"uom\":\"dBW\"},\"standard\":79,\"purpose\":\"colo_void\"},{\"band\":{\"value\":[806,901],\"uom\":\"MHz\"},\"erp\":{\"value\":500,\"uom\":\"W\"},\"standard\":80,\"purpose\":\"colo_void\"},{\"band\":{\"value\":[929,932],\"uom\":\"MHz\"},\"erp\":{\"value\":3500,\"uom\":\"W\"},\"standard\":81,\"purpose\":\"colo_void\"},{\"band\":{\"value\":[1670,1675],\"uom\":\"MHz\"},\"erp\":{\"value\":500,\"uom\":\"W\"},\"standard\":82,\"purpose\":\"colo_void\"},{\"band\":{\"value\":[1710,1755],\"uom\":\"MHz\"},\"erp\":{\"value\":500,\"uom\":\"W\"},\"standard\":83,\"purpose\":\"colo_void\"},{\"band\":{\"value\":[1850,1990],\"uom\":\"MHz\"},\"erp\":{\"value\":1640,\"uom\":\"W\"},\"standard\":84,\"purpose\":\"colo_void\"},{\"band\":{\"value\":[1990,2025],\"uom\":\"MHz\"},\"erp\":{\"value\":500,\"uom\":\"W\"},\"standard\":85,\"purpose\":\"colo_void\"},{\"band\":{\"value\":[2110,2200],\"uom\":\"MHz\"},\"erp\":{\"value\":500,\"uom\":\"W\"},\"standard\":86,\"purpose\":\"colo_void\"},{\"band\":{\"value\":[2305,2360],\"uom\":\"MHz\"},\"erp\":{\"value\":2000,\"uom\":\"W\"},\"standard\":87,\"purpose\":\"colo_void\"},{\"band\":{\"value\":[2496,2690],\"uom\":\"MHz\"},\"erp\":{\"value\":500,\"uom\":\"W\"},\"standard\":88,\"purpose\":\"colo_void\"},{\"band\":{\"value\":[6,7],\"uom\":\"GHz\"},\"erp\":{\"value\":55,\"uom\":\"dBW\"},\"standard\":89,\"purpose\":\"colo_void\"},{\"band\":{\"value\":[10,11.7],\"uom\":\"GHz\"},\"erp\":{\"value\":55,\"uom\":\"dBW\"},\"standard\":90,\"purpose\":\"colo_void\"},{\"band\":{\"value\":[17.7,19.7],\"uom\":\"GHz\"},\"erp\":{\"value\":55,\"uom\":\"dBW\"},\"standard\":91,\"purpose\":\"colo_void\"},{\"band\":{\"value\":[21.2,23.6],\"uom\":\"GHz\"},\"erp\":{\"value\":55,\"uom\":\"dBW\"},\"standard\":92,\"purpose\":\"colo_void\"},{\"band\":{\"value\":[614,698],\"uom\":\"MHz\"},\"erp\":{\"value\":1000,\"uom\":\"W\"},\"standard\":93,\"purpose\":\"data_entry\"},{\"band\":{\"value\":[614,698],\"uom\":\"MHz\"},\"erp\":{\"value\":2000,\"uom\":\"W\"},\"standard\":94,\"purpose\":\"data_entry\"},{\"band\":{\"value\":[1710,1755],\"uom\":\"MHz\"},\"erp\":{\"value\":2000,\"uom\":\"W\"},\"standard\":false},{\"band\":{\"value\":[2110,2155],\"uom\":\"MHz\"},\"erp\":{\"value\":2000,\"uom\":\"W\"},\"standard\":false},{\"band\":{\"value\":[5925,6425],\"uom\":\"MHz\"},\"erp\":{\"value\":55,\"uom\":\"dBW\"},\"standard\":false},{\"band\":{\"value\":[6525,6875],\"uom\":\"MHz\"},\"erp\":{\"value\":55,\"uom\":\"dBW\"},\"standard\":false},{\"band\":{\"value\":[10700,11700],\"uom\":\"MHz\"},\"erp\":{\"value\":55,\"uom\":\"dBW\"},\"standard\":false},{\"band\":{\"value\":[14000,14500],\"uom\":\"MHz\"},\"erp\":{\"value\":7,\"uom\":\"kW\"},\"standard\":false},{\"band\":{\"value\":[17700,19700],\"uom\":\"MHz\"},\"erp\":{\"value\":55,\"uom\":\"dBW\"},\"standard\":false},{\"band\":{\"value\":[21200,23600],\"uom\":\"MHz\"},\"erp\":{\"value\":55,\"uom\":\"dBW\"},\"standard\":false}],\"overlaps\":[{\"recorded\":\"2025-04-24T19:47:17Z\",\"reason\":\"StarLink (SpaceX) Over-the-Counter antenna operating in the Ku-Band, 47 CFR Part 25\"}]}"
2025-AAL-288-NRA,,Determined - No Hazard,To Proponent,2025-03-24,2025-03-24,2025-06-16,,59.01669444,-161.822,4D,,,,PLATINUM,Bethel,50,AK,PLATINUM,0,,Y,Request for use of temporary equipment. Unicom proposes to install an underground fiber optic cable and associated underground infrastructure on and along airport ROW property. The extended height of the mobile construction equipment will be no higher than 35 ft AGL. Please see attached figure and POI description table.,,New Construction,Temporary,0,4,2025-06-01,2025-10-01,,,CONSTRUCTION$VEHICLE,,,35,7,,,42,GCI,"Unicom, Inc.",,
2025-AAL-288-OE,,Determined - No Hazard,No Hazard,2025-04-24,2025-04-24,2025-06-05,2026-12-05,61.18348889,-149.79956944,4D,Red lights and flags,,MANITOWOC 2250,Anchorage,Anchorage,20,AK,,13571,144.1,,A temporary crane will be used for the erection of structural steel  glass panels  and the helipad as part of the ANMC Emergency Services Expansion project.,Construction site located on the northeast side of the ANMC Medical Center  Anchorage  AK  at 4315 Diplomacy Drive.,New Construction,Temporary,6,16,2025-06-20,2025-10-26,,,CRANE$MOBILE,305,,305,197,502,,502,Andrei Tishchuk,"Davis Constructors & Engineers, Inc.",655030172-662116023,
2025-AAL-289-NRA,,Determined - No Hazard,To Proponent,2025-03-24,2025-03-24,2025-06-16,,59.01502778,-161.82136111,4D,,,,PLATINUM,Bethel,50,AK,PLATINUM,0,,Y,Request for use of temporary equipment. Unicom proposes to install an underground fiber optic cable and associated underground infrastructure on and along airport ROW property. The extended height of the mobile construction equipment will be no higher than 35 ft AGL. Please see attached figure and POI description table.,,New Construction,Temporary,0,4,2025-06-01,2025-10-01,,,CONSTRUCTION$VEHICLE,,,35,8,,,43,GCI,"Unicom, Inc.",,
2025-AAL-289-OE,,Determined - No Hazard,No Hazard,2025-04-24,2025-04-24,2025-06-05,2026-12-05,61.18349444,-149.79879444,4D,Red lights and flags,,MANITOWOC 2250,Anchorage,Anchorage,20,AK,,13650,143.6,,A temporary crane will be used for the erection of structural steel  glass panels  and the helipad as part of the ANMC Emergency Services Expansion project.,Construction site located on the northeast side of the ANMC Medical Center  Anchorage  AK  at 4315 Diplomacy Drive.,New Construction,Temporary,6,16,2025-06-20,2025-10-26,,,CRANE$MOBILE,305,,305,197,502,,502,Andrei Tishchuk,"Davis Constructors & Engineers, Inc.",655030173-662116025,
2025-AAL-290-NRA,,Determined - No Hazard,To Proponent,2025-03-24,2025-03-24,2025-06-16,,59.01486111,-161.82130556,4D,,,,PLATINUM,Bethel,50,AK,PLATINUM,0,,Y,Request for use of temporary equipment. Unicom proposes to install an underground fiber optic cable and associated underground infrastructure on and along airport ROW property. The extended height of the mobile construction equipment will be no higher than 35 ft AGL. Please see attached figure and POI description table.,,New Construction,Temporary,0,4,2025-06-01,2025-10-01,,,CONSTRUCTION$VEHICLE,,,35,8,,,43,GCI,"Unicom, Inc.",,
2025-AAL-290-OE,,Determined - No Hazard,No Hazard,2025-04-24,2025-04-24,2025-06-05,2026-12-05,61.18231389,-149.79805556,4D,Red lights and flags,,MANITOWOC 2250,Anchorage,Anchorage,20,AK,,14075,144.2,,A temporary crane will be used for the erection of structural steel  glass panels  and the helipad as part of the ANMC Emergency Services Expansion project.,Construction site located on the northeast side of the ANMC Medical Center  Anchorage  AK  at 4315 Diplomacy Drive.,New Construction,Temporary,6,16,2025-06-20,2025-10-26,,,CRANE$MOBILE,305,,305,197,502,,502,Andrei Tishchuk,"Davis Constructors & Engineers, Inc.",655030174-662116024,
2025-AAL-291-NRA,,Determined - No Hazard,To Proponent,2025-03-24,2025-03-24,2025-06-16,,59.01377778,-161.82047222,4D,,,,PLATINUM,Bethel,50,AK,PLATINUM,0,,Y,Request for use of temporary equipment. Unicom proposes to install an underground fiber optic cable and associated underground infrastructure on and along airport ROW property. The extended height of the mobile construction equipment will be no higher than 35 ft AGL. Please see attached figure and POI description table.,,New Construction,Temporary,0,4,2025-06-01,2025-10-01,,,CONSTRUCTION$VEHICLE,,,35,8,,,43,GCI,"Unicom, Inc.",,
2025-AAL-291-OE,,Determined - No Hazard,No Hazard,2025-04-24,2025-04-24,2025-06-05,2026-12-05,61.18230833,-149.79888889,4D,Red lights and flags,,MANITOWOC 2250,Anchorage,Anchorage,20,AK,,13992,144.7,,A temporary crane will be used for the erection of structural steel  glass panels  and the helipad as part of the ANMC Emergency Services Expansion project.,Construction site located on the northeast side of the ANMC Medical Center  Anchorage  AK  at 4315 Diplomacy Drive.,New Construction,Temporary,6,16,2025-06-20,2025-10-26,,,CRANE$MOBILE,305,,305,197,502,,502,Andrei Tishchuk,"Davis Constructors & Engineers, Inc.",655030175-662116026,
2025-AAL-292-NRA,,Determined - No Hazard,To Proponent,2025-03-24,2025-03-24,2025-06-16,,59.01372222,-161.82202778,4D,,,,PLATINUM,Bethel,50,AK,PLATINUM,0,,Y,Request for use of temporary equipment. Unicom proposes to install an underground fiber optic cable and associated underground infrastructure on and along airport ROW property. The extended height of the mobile construction equipment will be no higher than 35 ft AGL. Please see attached figure and POI description table.,,New Construction,Temporary,0,4,2025-06-01,2025-10-01,,,CONSTRUCTION$VEHICLE,,,35,8,,,43,GCI,"Unicom, Inc.",,
2025-AAL-293-NRA,,Determined - No Hazard,To Proponent,2025-03-24,2025-03-24,2025-06-16,,59.0135,-161.82022222,4D,,,,PLATINUM,Bethel,50,AK,PLATINUM,0,,Y,Request for use of temporary equipment. Unicom proposes to install an underground fiber optic cable and associated underground infrastructure on and along airport ROW property. The extended height of the mobile construction equipment will be no higher than 35 ft AGL. Please see attached figure and POI description table.,,New Construction,Temporary,0,4,2025-06-01,2025-10-01,,,CONSTRUCTION$VEHICLE,,,35,8,,,43,GCI,"Unicom, Inc.",,
2025-AAL-293-OE,,Pending,Preliminary Findings,2025-04-25,2025-04-25,,,65.00108333,-150.64208333,4D,,,Manley - Moore Prelim,Manley,Yukon-Koyukuk,290,AK,MANLEY HOT SPRINGS,4803,11.7,,Construct a 150' wireless communication lattice tower (154' with lightning rod) contained within a 50'x50' fenced compound.,Lot 21  Tract C  US survey No 3441  Alaska,New Construction,Permanent,,,,,,,TOWER$ANTENNA,,43,154,294,,337,448,Atlas Tower Group,"ATLAS TOWER 1, LLC",,"{\"frequencies\":[{\"band\":{\"value\":[806,824],\"uom\":\"MHz\"},\"erp\":{\"value\":500,\"uom\":\"W\"},\"standard\":1,\"purpose\":\"colo_void\"},{\"band\":{\"value\":[824,849],\"uom\":\"MHz\"},\"erp\":{\"value\":500,\"uom\":\"W\"},\"standard\":2,\"purpose\":\"colo_void\"},{\"band\":{\"value\":[851,866],\"uom\":\"MHz\"},\"erp\":{\"value\":500,\"uom\":\"W\"},\"standard\":3,\"purpose\":\"colo_void\"},{\"band\":{\"value\":[869,894],\"uom\":\"MHz\"},\"erp\":{\"value\":500,\"uom\":\"W\"},\"standard\":4,\"purpose\":\"colo_void\"},{\"band\":{\"value\":[896,901],\"uom\":\"MHz\"},\"erp\":{\"value\":500,\"uom\":\"W\"},\"standard\":5,\"purpose\":\"colo_void\"},{\"band\":{\"value\":[901,902],\"uom\":\"MHz\"},\"erp\":{\"value\":7,\"uom\":\"W\"},\"standard\":6,\"purpose\":\"colo_void\"},{\"band\":{\"value\":[930,931],\"uom\":\"MHz\"},\"erp\":{\"value\":3500,\"uom\":\"W\"},\"standard\":7,\"purpose\":\"colo_void\"},{\"band\":{\"value\":[931,932],\"uom\":\"MHz\"},\"erp\":{\"value\":3500,\"uom\":\"W\"},\"standard\":8,\"purpose\":\"colo_void\"},{\"band\":{\"value\":[932,932.5],\"uom\":\"MHz\"},\"erp\":{\"value\":17,\"uom\":\"dBW\"},\"standard\":9,\"purpose\":\"colo_void\"},{\"band\":{\"value\":[935,940],\"uom\":\"MHz\"},\"erp\":{\"value\":1000,\"uom\":\"W\"},\"standard\":10,\"purpose\":\"colo_void\"},{\"band\":{\"value\":[940,941],\"uom\":\"MHz\"},\"erp\":{\"value\":3500,\"uom\":\"W\"},\"standard\":11,\"purpose\":\"colo_void\"},{\"band\":{\"value\":[1850,1910],\"uom\":\"MHz\"},\"erp\":{\"value\":1640,\"uom\":\"W\"},\"standard\":12,\"purpose\":\"colo_void\"},{\"band\":{\"value\":[1930,1990],\"uom\":\"MHz\"},\"erp\":{\"value\":1640,\"uom\":\"W\"},\"standard\":13,\"purpose\":\"colo_void\"},{\"band\":{\"value\":[2305,2310],\"uom\":\"MHz\"},\"erp\":{\"value\":2000,\"uom\":\"W\"},\"standard\":14,\"purpose\":\"colo_void\"},{\"band\":{\"value\":[2345,2360],\"uom\":\"MHz\"},\"erp\":{\"value\":2000,\"uom\":\"W\"},\"standard\":15,\"purpose\":\"colo_void\"},{\"band\":{\"value\":[698,806],\"uom\":\"MHz\"},\"erp\":{\"value\":1000,\"uom\":\"W\"},\"standard\":16,\"purpose\":\"colo_void\"},{\"band\":{\"value\":[6,7],\"uom\":\"GHz\"},\"erp\":{\"value\":42,\"uom\":\"dBW\"},\"standard\":76,\"purpose\":\"colo_void\"},{\"band\":{\"value\":[10,11.7],\"uom\":\"GHz\"},\"erp\":{\"value\":42,\"uom\":\"dBW\"},\"standard\":77,\"purpose\":\"colo_void\"},{\"band\":{\"value\":[17.7,19.7],\"uom\":\"GHz\"},\"erp\":{\"value\":42,\"uom\":\"dBW\"},\"standard\":78,\"purpose\":\"colo_void\"},{\"band\":{\"value\":[21.2,23.6],\"uom\":\"GHz\"},\"erp\":{\"value\":42,\"uom\":\"dBW\"},\"standard\":79,\"purpose\":\"colo_void\"},{\"band\":{\"value\":[806,901],\"uom\":\"MHz\"},\"erp\":{\"value\":500,\"uom\":\"W\"},\"standard\":80,\"purpose\":\"colo_void\"},{\"band\":{\"value\":[929,932],\"uom\":\"MHz\"},\"erp\":{\"value\":3500,\"uom\":\"W\"},\"standard\":81,\"purpose\":\"colo_void\"},{\"band\":{\"value\":[1670,1675],\"uom\":\"MHz\"},\"erp\":{\"value\":500,\"uom\":\"W\"},\"standard\":82,\"purpose\":\"colo_void\"},{\"band\":{\"value\":[1710,1755],\"uom\":\"MHz\"},\"erp\":{\"value\":500,\"uom\":\"W\"},\"standard\":83,\"purpose\":\"colo_void\"},{\"band\":{\"value\":[1850,1990],\"uom\":\"MHz\"},\"erp\":{\"value\":1640,\"uom\":\"W\"},\"standard\":84,\"purpose\":\"colo_void\"},{\"band\":{\"value\":[1990,2025],\"uom\":\"MHz\"},\"erp\":{\"value\":500,\"uom\":\"W\"},\"standard\":85,\"purpose\":\"colo_void\"},{\"band\":{\"value\":[2110,2200],\"uom\":\"MHz\"},\"erp\":{\"value\":500,\"uom\":\"W\"},\"standard\":86,\"purpose\":\"colo_void\"},{\"band\":{\"value\":[2305,2360],\"uom\":\"MHz\"},\"erp\":{\"value\":2000,\"uom\":\"W\"},\"standard\":87,\"purpose\":\"colo_void\"},{\"band\":{\"value\":[2496,2690],\"uom\":\"MHz\"},\"erp\":{\"value\":500,\"uom\":\"W\"},\"standard\":88,\"purpose\":\"colo_void\"},{\"band\":{\"value\":[6,7],\"uom\":\"GHz\"},\"erp\":{\"value\":55,\"uom\":\"dBW\"},\"standard\":89,\"purpose\":\"colo_void\"},{\"band\":{\"value\":[10,11.7],\"uom\":\"GHz\"},\"erp\":{\"value\":55,\"uom\":\"dBW\"},\"standard\":90,\"purpose\":\"colo_void\"},{\"band\":{\"value\":[17.7,19.7],\"uom\":\"GHz\"},\"erp\":{\"value\":55,\"uom\":\"dBW\"},\"standard\":91,\"purpose\":\"colo_void\"},{\"band\":{\"value\":[21.2,23.6],\"uom\":\"GHz\"},\"erp\":{\"value\":55,\"uom\":\"dBW\"},\"standard\":92,\"purpose\":\"colo_void\"},{\"band\":{\"value\":[614,698],\"uom\":\"MHz\"},\"erp\":{\"value\":1000,\"uom\":\"W\"},\"standard\":93,\"purpose\":\"data_entry\"},{\"band\":{\"value\":[614,698],\"uom\":\"MHz\"},\"erp\":{\"value\":2000,\"uom\":\"W\"},\"standard\":94,\"purpose\":\"data_entry\"}]}"
2025-AAL-294-NRA,,Determined - No Hazard,To Proponent,2025-03-25,2025-03-25,2025-05-16,,57.75519167,-152.51091667,4D,,,,KODIAK,Kodiak Island,150,AK,KODIAK,0,,Y,"Request for use of temporary equipment. Installing vehicle gate G and culvert BB grates.\r\nInstalling 500 feet of 8 ft chain link fence.\r\nTallest piece of equipment can reach 40 feet fully extended during construction.",,New Construction,Temporary,21,3,2025-05-01,2026-10-31,,,CONSTRUCTION$VEHICLE,,,40,55,,,95,QAP,Alaska DOT & PF,,
2025-AAL-295-NRA,,Determined - No Hazard,To Proponent,2025-03-25,2025-03-25,2025-05-16,,57.75505556,-152.51035833,4D,,,,KODIAK,Kodiak Island,150,AK,KODIAK,0,,Y,"Request the use of temporary equipment. Installing vehicle gate G and culvert BB grates.\r\nInstalling 500 feet of 8 ft chain link fence.\r\nTallest piece of equipment can reach 40 feet fully extended during construction.",,New Construction,Temporary,21,3,2025-05-01,2026-10-31,,,CONSTRUCTION$VEHICLE,,,40,55,,,95,QAP,Alaska DOT & PF,,
2025-AAL-295-OE,2024-AAL-332-OE,Determined - No Hazard,No Hazard,2025-04-29,2025-04-29,2025-05-16,,59.53946111,-139.73843333,2C,Dual-red and medium intensity,,SIDEMOUNT: Yakutat Aircell 1813,Yakutat,Yakutat,282,AK,YAKUTAT,19626,312.3,,"SIDEMOUNT: Please do not cancel prior ASN\r\nAWN proposes to add the 1400 - 14500 MHz Frequency Band.\r\nNo other changes to the prior ASN.","822 Ocean Cape Rd.\r\nSee 2 C survey submitted with prior ASN filing",Existing,Permanent,,,,,,1275203,TOWER$ANTENNA,199,,199,72,271,,271,GCI,Alaska Wireless Network,655431803-659774538,"{\"frequencies\":[{\"band\":{\"value\":[806,824],\"uom\":\"MHz\"},\"erp\":{\"value\":500,\"uom\":\"W\"},\"standard\":1,\"purpose\":\"colo_void\"},{\"band\":{\"value\":[824,849],\"uom\":\"MHz\"},\"erp\":{\"value\":500,\"uom\":\"W\"},\"standard\":2,\"purpose\":\"colo_void\"},{\"band\":{\"value\":[851,866],\"uom\":\"MHz\"},\"erp\":{\"value\":500,\"uom\":\"W\"},\"standard\":3,\"purpose\":\"colo_void\"},{\"band\":{\"value\":[869,894],\"uom\":\"MHz\"},\"erp\":{\"value\":500,\"uom\":\"W\"},\"standard\":4,\"purpose\":\"colo_void\"},{\"band\":{\"value\":[896,901],\"uom\":\"MHz\"},\"erp\":{\"value\":500,\"uom\":\"W\"},\"standard\":5,\"purpose\":\"colo_void\"},{\"band\":{\"value\":[901,902],\"uom\":\"MHz\"},\"erp\":{\"value\":7,\"uom\":\"W\"},\"standard\":6,\"purpose\":\"colo_void\"},{\"band\":{\"value\":[930,931],\"uom\":\"MHz\"},\"erp\":{\"value\":3500,\"uom\":\"W\"},\"standard\":7,\"purpose\":\"colo_void\"},{\"band\":{\"value\":[931,932],\"uom\":\"MHz\"},\"erp\":{\"value\":3500,\"uom\":\"W\"},\"standard\":8,\"purpose\":\"colo_void\"},{\"band\":{\"value\":[932,932.5],\"uom\":\"MHz\"},\"erp\":{\"value\":17,\"uom\":\"dBW\"},\"standard\":9,\"purpose\":\"colo_void\"},{\"band\":{\"value\":[935,940],\"uom\":\"MHz\"},\"erp\":{\"value\":1000,\"uom\":\"W\"},\"standard\":10,\"purpose\":\"colo_void\"},{\"band\":{\"value\":[940,941],\"uom\":\"MHz\"},\"erp\":{\"value\":3500,\"uom\":\"W\"},\"standard\":11,\"purpose\":\"colo_void\"},{\"band\":{\"value\":[1850,1910],\"uom\":\"MHz\"},\"erp\":{\"value\":1640,\"uom\":\"W\"},\"standard\":12,\"purpose\":\"colo_void\"},{\"band\":{\"value\":[1930,1990],\"uom\":\"MHz\"},\"erp\":{\"value\":1640,\"uom\":\"W\"},\"standard\":13,\"purpose\":\"colo_void\"},{\"band\":{\"value\":[2305,2310],\"uom\":\"MHz\"},\"erp\":{\"value\":2000,\"uom\":\"W\"},\"standard\":14,\"purpose\":\"colo_void\"},{\"band\":{\"value\":[2345,2360],\"uom\":\"MHz\"},\"erp\":{\"value\":2000,\"uom\":\"W\"},\"standard\":15,\"purpose\":\"colo_void\"},{\"band\":{\"value\":[698,806],\"uom\":\"MHz\"},\"erp\":{\"value\":1000,\"uom\":\"W\"},\"standard\":16,\"purpose\":\"colo_void\"},{\"band\":{\"value\":[6,7],\"uom\":\"GHz\"},\"erp\":{\"value\":42,\"uom\":\"dBW\"},\"standard\":76,\"purpose\":\"colo_void\"},{\"band\":{\"value\":[10,11.7],\"uom\":\"GHz\"},\"erp\":{\"value\":42,\"uom\":\"dBW\"},\"standard\":77,\"purpose\":\"colo_void\"},{\"band\":{\"value\":[17.7,19.7],\"uom\":\"GHz\"},\"erp\":{\"value\":42,\"uom\":\"dBW\"},\"standard\":78,\"purpose\":\"colo_void\"},{\"band\":{\"value\":[21.2,23.6],\"uom\":\"GHz\"},\"erp\":{\"value\":42,\"uom\":\"dBW\"},\"standard\":79,\"purpose\":\"colo_void\"},{\"band\":{\"value\":[806,901],\"uom\":\"MHz\"},\"erp\":{\"value\":500,\"uom\":\"W\"},\"standard\":80,\"purpose\":\"colo_void\"},{\"band\":{\"value\":[929,932],\"uom\":\"MHz\"},\"erp\":{\"value\":3500,\"uom\":\"W\"},\"standard\":81,\"purpose\":\"colo_void\"},{\"band\":{\"value\":[1670,1675],\"uom\":\"MHz\"},\"erp\":{\"value\":500,\"uom\":\"W\"},\"standard\":82,\"purpose\":\"colo_void\"},{\"band\":{\"value\":[1710,1755],\"uom\":\"MHz\"},\"erp\":{\"value\":500,\"uom\":\"W\"},\"standard\":83,\"purpose\":\"colo_void\"},{\"band\":{\"value\":[1850,1990],\"uom\":\"MHz\"},\"erp\":{\"value\":1640,\"uom\":\"W\"},\"standard\":84,\"purpose\":\"colo_void\"},{\"band\":{\"value\":[1990,2025],\"uom\":\"MHz\"},\"erp\":{\"value\":500,\"uom\":\"W\"},\"standard\":85,\"purpose\":\"colo_void\"},{\"band\":{\"value\":[2110,2200],\"uom\":\"MHz\"},\"erp\":{\"value\":500,\"uom\":\"W\"},\"standard\":86,\"purpose\":\"colo_void\"},{\"band\":{\"value\":[2305,2360],\"uom\":\"MHz\"},\"erp\":{\"value\":2000,\"uom\":\"W\"},\"standard\":87,\"purpose\":\"colo_void\"},{\"band\":{\"value\":[2496,2690],\"uom\":\"MHz\"},\"erp\":{\"value\":500,\"uom\":\"W\"},\"standard\":88,\"purpose\":\"colo_void\"},{\"band\":{\"value\":[6,7],\"uom\":\"GHz\"},\"erp\":{\"value\":55,\"uom\":\"dBW\"},\"standard\":89,\"purpose\":\"colo_void\"},{\"band\":{\"value\":[10,11.7],\"uom\":\"GHz\"},\"erp\":{\"value\":55,\"uom\":\"dBW\"},\"standard\":90,\"purpose\":\"colo_void\"},{\"band\":{\"value\":[17.7,19.7],\"uom\":\"GHz\"},\"erp\":{\"value\":55,\"uom\":\"dBW\"},\"standard\":91,\"purpose\":\"colo_void\"},{\"band\":{\"value\":[21.2,23.6],\"uom\":\"GHz\"},\"erp\":{\"value\":55,\"uom\":\"dBW\"},\"standard\":92,\"purpose\":\"colo_void\"},{\"band\":{\"value\":[614,698],\"uom\":\"MHz\"},\"erp\":{\"value\":1000,\"uom\":\"W\"},\"standard\":93,\"purpose\":\"data_entry\"},{\"band\":{\"value\":[614,698],\"uom\":\"MHz\"},\"erp\":{\"value\":2000,\"uom\":\"W\"},\"standard\":94,\"purpose\":\"data_entry\"},{\"band\":{\"value\":[849,851],\"uom\":\"MHz\"},\"erp\":{\"value\":150,\"uom\":\"W\"},\"standard\":false},{\"band\":{\"value\":[894,896],\"uom\":\"MHz\"},\"erp\":{\"value\":150,\"uom\":\"W\"},\"standard\":false},{\"band\":{\"value\":[14000,14500],\"uom\":\"MHz\"},\"erp\":{\"value\":7,\"uom\":\"kW\"},\"standard\":false}],\"overlaps\":[{\"recorded\":\"2025-04-29T19:11:33Z\",\"reason\":\"StarLink (SpaceX) Over-the-Counter antenna operating in the Ku-Band, 47 CFR Part 25\"}]}"
2025-AAL-296-NRA,,Determined - No Hazard,To Proponent,2025-03-25,2025-03-25,2025-05-16,,57.75479444,-152.510325,4D,,,,KODIAK,Kodiak Island,150,AK,KODIAK,0,,Y,"Request the use of temporary equipment. Installing vehicle gate G and culvert BB grates.\r\nInstalling 500 feet of 8 ft chain link fence.\r\nTallest piece of equipment can reach 40 feet fully extended during construction.",,New Construction,Temporary,21,3,2025-05-01,2026-10-31,,,CONSTRUCTION$VEHICLE,,,40,55,,,95,QAP,Alaska DOT & PF,,
2025-AAL-296-OE,,Determined - No Hazard,No Hazard,2025-04-29,2025-04-29,2025-05-16,,59.54197222,-139.75181111,1A,None,,Yakutat Monti Bay 684,Yakutat,Yakutat,282,AK,YAKUTAT,22103,309.8,,"ANW is re-filing with the FAA to update existing ASR.\r\nPer FAA's Notice Criteria tool  filing is not required.","110 Russel Rd.\r\nSee attached 1A survey",Existing,Permanent,,,,,,1289117,TOWER$ANTENNA,68,,68,68,136,,136,GCI,Alaska Wireless Network,655454618-659774618,"{\"frequencies\":[{\"band\":{\"value\":[806,824],\"uom\":\"MHz\"},\"erp\":{\"value\":500,\"uom\":\"W\"},\"standard\":1,\"purpose\":\"colo_void\"},{\"band\":{\"value\":[824,849],\"uom\":\"MHz\"},\"erp\":{\"value\":500,\"uom\":\"W\"},\"standard\":2,\"purpose\":\"colo_void\"},{\"band\":{\"value\":[851,866],\"uom\":\"MHz\"},\"erp\":{\"value\":500,\"uom\":\"W\"},\"standard\":3,\"purpose\":\"colo_void\"},{\"band\":{\"value\":[869,894],\"uom\":\"MHz\"},\"erp\":{\"value\":500,\"uom\":\"W\"},\"standard\":4,\"purpose\":\"colo_void\"},{\"band\":{\"value\":[896,901],\"uom\":\"MHz\"},\"erp\":{\"value\":500,\"uom\":\"W\"},\"standard\":5,\"purpose\":\"colo_void\"},{\"band\":{\"value\":[901,902],\"uom\":\"MHz\"},\"erp\":{\"value\":7,\"uom\":\"W\"},\"standard\":6,\"purpose\":\"colo_void\"},{\"band\":{\"value\":[930,931],\"uom\":\"MHz\"},\"erp\":{\"value\":3500,\"uom\":\"W\"},\"standard\":7,\"purpose\":\"colo_void\"},{\"band\":{\"value\":[931,932],\"uom\":\"MHz\"},\"erp\":{\"value\":3500,\"uom\":\"W\"},\"standard\":8,\"purpose\":\"colo_void\"},{\"band\":{\"value\":[932,932.5],\"uom\":\"MHz\"},\"erp\":{\"value\":17,\"uom\":\"dBW\"},\"standard\":9,\"purpose\":\"colo_void\"},{\"band\":{\"value\":[935,940],\"uom\":\"MHz\"},\"erp\":{\"value\":1000,\"uom\":\"W\"},\"standard\":10,\"purpose\":\"colo_void\"},{\"band\":{\"value\":[940,941],\"uom\":\"MHz\"},\"erp\":{\"value\":3500,\"uom\":\"W\"},\"standard\":11,\"purpose\":\"colo_void\"},{\"band\":{\"value\":[1850,1910],\"uom\":\"MHz\"},\"erp\":{\"value\":1640,\"uom\":\"W\"},\"standard\":12,\"purpose\":\"colo_void\"},{\"band\":{\"value\":[1930,1990],\"uom\":\"MHz\"},\"erp\":{\"value\":1640,\"uom\":\"W\"},\"standard\":13,\"purpose\":\"colo_void\"},{\"band\":{\"value\":[2305,2310],\"uom\":\"MHz\"},\"erp\":{\"value\":2000,\"uom\":\"W\"},\"standard\":14,\"purpose\":\"colo_void\"},{\"band\":{\"value\":[2345,2360],\"uom\":\"MHz\"},\"erp\":{\"value\":2000,\"uom\":\"W\"},\"standard\":15,\"purpose\":\"colo_void\"},{\"band\":{\"value\":[698,806],\"uom\":\"MHz\"},\"erp\":{\"value\":1000,\"uom\":\"W\"},\"standard\":16,\"purpose\":\"colo_void\"},{\"band\":{\"value\":[6,7],\"uom\":\"GHz\"},\"erp\":{\"value\":42,\"uom\":\"dBW\"},\"standard\":76,\"purpose\":\"colo_void\"},{\"band\":{\"value\":[10,11.7],\"uom\":\"GHz\"},\"erp\":{\"value\":42,\"uom\":\"dBW\"},\"standard\":77,\"purpose\":\"colo_void\"},{\"band\":{\"value\":[17.7,19.7],\"uom\":\"GHz\"},\"erp\":{\"value\":42,\"uom\":\"dBW\"},\"standard\":78,\"purpose\":\"colo_void\"},{\"band\":{\"value\":[21.2,23.6],\"uom\":\"GHz\"},\"erp\":{\"value\":42,\"uom\":\"dBW\"},\"standard\":79,\"purpose\":\"colo_void\"},{\"band\":{\"value\":[806,901],\"uom\":\"MHz\"},\"erp\":{\"value\":500,\"uom\":\"W\"},\"standard\":80,\"purpose\":\"colo_void\"},{\"band\":{\"value\":[929,932],\"uom\":\"MHz\"},\"erp\":{\"value\":3500,\"uom\":\"W\"},\"standard\":81,\"purpose\":\"colo_void\"},{\"band\":{\"value\":[1670,1675],\"uom\":\"MHz\"},\"erp\":{\"value\":500,\"uom\":\"W\"},\"standard\":82,\"purpose\":\"colo_void\"},{\"band\":{\"value\":[1710,1755],\"uom\":\"MHz\"},\"erp\":{\"value\":500,\"uom\":\"W\"},\"standard\":83,\"purpose\":\"colo_void\"},{\"band\":{\"value\":[1850,1990],\"uom\":\"MHz\"},\"erp\":{\"value\":1640,\"uom\":\"W\"},\"standard\":84,\"purpose\":\"colo_void\"},{\"band\":{\"value\":[1990,2025],\"uom\":\"MHz\"},\"erp\":{\"value\":500,\"uom\":\"W\"},\"standard\":85,\"purpose\":\"colo_void\"},{\"band\":{\"value\":[2110,2200],\"uom\":\"MHz\"},\"erp\":{\"value\":500,\"uom\":\"W\"},\"standard\":86,\"purpose\":\"colo_void\"},{\"band\":{\"value\":[2305,2360],\"uom\":\"MHz\"},\"erp\":{\"value\":2000,\"uom\":\"W\"},\"standard\":87,\"purpose\":\"colo_void\"},{\"band\":{\"value\":[2496,2690],\"uom\":\"MHz\"},\"erp\":{\"value\":500,\"uom\":\"W\"},\"standard\":88,\"purpose\":\"colo_void\"},{\"band\":{\"value\":[6,7],\"uom\":\"GHz\"},\"erp\":{\"value\":55,\"uom\":\"dBW\"},\"standard\":89,\"purpose\":\"colo_void\"},{\"band\":{\"value\":[10,11.7],\"uom\":\"GHz\"},\"erp\":{\"value\":55,\"uom\":\"dBW\"},\"standard\":90,\"purpose\":\"colo_void\"},{\"band\":{\"value\":[17.7,19.7],\"uom\":\"GHz\"},\"erp\":{\"value\":55,\"uom\":\"dBW\"},\"standard\":91,\"purpose\":\"colo_void\"},{\"band\":{\"value\":[21.2,23.6],\"uom\":\"GHz\"},\"erp\":{\"value\":55,\"uom\":\"dBW\"},\"standard\":92,\"purpose\":\"colo_void\"},{\"band\":{\"value\":[614,698],\"uom\":\"MHz\"},\"erp\":{\"value\":1000,\"uom\":\"W\"},\"standard\":93,\"purpose\":\"data_entry\"},{\"band\":{\"value\":[614,698],\"uom\":\"MHz\"},\"erp\":{\"value\":2000,\"uom\":\"W\"},\"standard\":94,\"purpose\":\"data_entry\"},{\"band\":{\"value\":[14000,14500],\"uom\":\"MHz\"},\"erp\":{\"value\":7,\"uom\":\"kW\"},\"standard\":false}],\"overlaps\":[{\"recorded\":\"2025-04-29T19:59:03Z\",\"reason\":\"StarLink (SpaceX) Over-the-Counter antenna operating in the Ku-Band, 47 CFR Part 25\"}]}"
2025-AAL-297-NRA,,Determined - No Hazard,To Proponent,2025-03-25,2025-03-25,2025-05-16,,57.75528333,-152.51131389,4D,,,,KODIAK,Kodiak Island,150,AK,KODIAK,0,,Y,"Request the use of temporary equipment. Installing vehicle gate G and culvert BB grates.\r\nInstalling 500 feet of 8 ft chain link fence.\r\nTallest piece of equipment can reach 40 feet fully extended during construction.",,New Construction,Temporary,21,3,2025-05-01,2026-10-31,,,CONSTRUCTION$VEHICLE,,,40,50,,,90,QAP,Alaska DOT & PF,,
2025-AAL-297-OE,2024-AAL-388-OE,Determined - No Hazard,No Hazard,2025-04-29,2025-04-29,2025-05-16,,59.55363611,-139.72691111,4D,Dual-red and medium intensity,,US Coast Guard Tower - Yakutat,Yakutat,Yakutat,282,AK,YAKUTAT,22165,326.1,,"Please do not terminate the prior ASN (2014-AAL-213-OE). \r\nAWN proposes to add the 14000 - 14500 MHz frequency bands. There are no other changes to the prior ASN. The structure height will not be increased",End of Ridge Rd adjacent to water tank,Existing,Permanent,,,,,,,TOWER$ANTENNA,190,,190,175,365,,365,GCI,Alaska Wireless Network,655456727-659774651,"{\"frequencies\":[{\"band\":{\"value\":[2496,2690],\"uom\":\"MHz\"},\"erp\":{\"value\":500,\"uom\":\"W\"},\"standard\":88,\"purpose\":\"colo_void\"},{\"band\":{\"value\":[614,698],\"uom\":\"MHz\"},\"erp\":{\"value\":2000,\"uom\":\"W\"},\"standard\":94,\"purpose\":\"data_entry\"},{\"band\":{\"value\":[91.9,91.9],\"uom\":\"MHz\"},\"erp\":{\"value\":25,\"uom\":\"W\"},\"standard\":false},{\"band\":{\"value\":[155.25,155.25],\"uom\":\"MHz\"},\"erp\":{\"value\":50,\"uom\":\"W\"},\"standard\":false},{\"band\":{\"value\":[155.295,155.295],\"uom\":\"MHz\"},\"erp\":{\"value\":50,\"uom\":\"W\"},\"standard\":false},{\"band\":{\"value\":[155.415,155.415],\"uom\":\"MHz\"},\"erp\":{\"value\":50,\"uom\":\"W\"},\"standard\":false},{\"band\":{\"value\":[156.3,156.3],\"uom\":\"MHz\"},\"erp\":{\"value\":50,\"uom\":\"W\"},\"standard\":false},{\"band\":{\"value\":[156.525,156.525],\"uom\":\"MHz\"},\"erp\":{\"value\":50,\"uom\":\"W\"},\"standard\":false},{\"band\":{\"value\":[156.6,156.6],\"uom\":\"MHz\"},\"erp\":{\"value\":50,\"uom\":\"W\"},\"standard\":false},{\"band\":{\"value\":[156.8,156.8],\"uom\":\"MHz\"},\"erp\":{\"value\":50,\"uom\":\"W\"},\"standard\":false},{\"band\":{\"value\":[157.05,157.05],\"uom\":\"MHz\"},\"erp\":{\"value\":50,\"uom\":\"W\"},\"standard\":false},{\"band\":{\"value\":[157.1,157.1],\"uom\":\"MHz\"},\"erp\":{\"value\":50,\"uom\":\"W\"},\"standard\":false},{\"band\":{\"value\":[157.15,157.15],\"uom\":\"MHz\"},\"erp\":{\"value\":50,\"uom\":\"W\"},\"standard\":false},{\"band\":{\"value\":[157.175,157.175],\"uom\":\"MHz\"},\"erp\":{\"value\":50,\"uom\":\"W\"},\"standard\":false},{\"band\":{\"value\":[14000,14500],\"uom\":\"MHz\"},\"erp\":{\"value\":7,\"uom\":\"kW\"},\"standard\":false}],\"overlaps\":[{\"recorded\":\"2025-04-29T20:29:49Z\",\"reason\":\"StarLink (SpaceX) Over-the-Counter antenna operating in the Ku-Band, 47 CFR Part 25\"}]}"
2025-AAL-298-NRA,,Determined - No Hazard,To Proponent,2025-03-25,2025-03-25,2025-05-16,,57.75548611,-152.51118333,4D,,,,KODIAK,Kodiak Island,150,AK,KODIAK,0,,Y,"Request the use of temporary equipment. Installing vehicle gate G and culvert BB grates.\r\nInstalling 500 feet of 8 ft chain link fence.\r\nTallest piece of equipment can reach 40 feet fully extended during construction.",,New Construction,Temporary,21,3,2025-05-01,2026-10-31,,,CONSTRUCTION$VEHICLE,,,40,50,,,90,QAP,Alaska DOT & PF,,
2025-AAL-298-OE,1999-AAL-160-OE,Determined - No Hazard,No Hazard,2025-04-29,2025-04-29,2025-05-16,,56.74326667,-133.07923056,4D,None,,SIDEMOUNT: ACS Petersburg II 1001,Petersburg,Petersburg,195,AK,PETERSBURG JAMES A JOHNSON,34119,231.5,,"SIDEMOUNT ONLY: Please do not terminate the prior ASN 1999-AAL-160-OE\r\n\r\nAWN proposed to add the 600 MHz and 14000 - 14500 MHz frequencies\r\nNo other changes to the prior ASN",6350 Rd,Existing,Permanent,,,,,,1203492,TOWER$ANTENNA,71,,71,3249,3320,,3320,GCI,Alaska Wireless Network,655461759-659774697,"{\"frequencies\":[{\"band\":{\"value\":[806,824],\"uom\":\"MHz\"},\"erp\":{\"value\":500,\"uom\":\"W\"},\"standard\":1,\"purpose\":\"colo_void\"},{\"band\":{\"value\":[824,849],\"uom\":\"MHz\"},\"erp\":{\"value\":500,\"uom\":\"W\"},\"standard\":2,\"purpose\":\"colo_void\"},{\"band\":{\"value\":[851,866],\"uom\":\"MHz\"},\"erp\":{\"value\":500,\"uom\":\"W\"},\"standard\":3,\"purpose\":\"colo_void\"},{\"band\":{\"value\":[869,894],\"uom\":\"MHz\"},\"erp\":{\"value\":500,\"uom\":\"W\"},\"standard\":4,\"purpose\":\"colo_void\"},{\"band\":{\"value\":[896,901],\"uom\":\"MHz\"},\"erp\":{\"value\":500,\"uom\":\"W\"},\"standard\":5,\"purpose\":\"colo_void\"},{\"band\":{\"value\":[901,902],\"uom\":\"MHz\"},\"erp\":{\"value\":7,\"uom\":\"W\"},\"standard\":6,\"purpose\":\"colo_void\"},{\"band\":{\"value\":[930,931],\"uom\":\"MHz\"},\"erp\":{\"value\":3500,\"uom\":\"W\"},\"standard\":7,\"purpose\":\"colo_void\"},{\"band\":{\"value\":[931,932],\"uom\":\"MHz\"},\"erp\":{\"value\":3500,\"uom\":\"W\"},\"standard\":8,\"purpose\":\"colo_void\"},{\"band\":{\"value\":[932,932.5],\"uom\":\"MHz\"},\"erp\":{\"value\":17,\"uom\":\"dBW\"},\"standard\":9,\"purpose\":\"colo_void\"},{\"band\":{\"value\":[935,940],\"uom\":\"MHz\"},\"erp\":{\"value\":1000,\"uom\":\"W\"},\"standard\":10,\"purpose\":\"colo_void\"},{\"band\":{\"value\":[940,941],\"uom\":\"MHz\"},\"erp\":{\"value\":3500,\"uom\":\"W\"},\"standard\":11,\"purpose\":\"colo_void\"},{\"band\":{\"value\":[1850,1910],\"uom\":\"MHz\"},\"erp\":{\"value\":1640,\"uom\":\"W\"},\"standard\":12,\"purpose\":\"colo_void\"},{\"band\":{\"value\":[1930,1990],\"uom\":\"MHz\"},\"erp\":{\"value\":1640,\"uom\":\"W\"},\"standard\":13,\"purpose\":\"colo_void\"},{\"band\":{\"value\":[2305,2310],\"uom\":\"MHz\"},\"erp\":{\"value\":2000,\"uom\":\"W\"},\"standard\":14,\"purpose\":\"colo_void\"},{\"band\":{\"value\":[2345,2360],\"uom\":\"MHz\"},\"erp\":{\"value\":2000,\"uom\":\"W\"},\"standard\":15,\"purpose\":\"colo_void\"},{\"band\":{\"value\":[698,806],\"uom\":\"MHz\"},\"erp\":{\"value\":1000,\"uom\":\"W\"},\"standard\":16,\"purpose\":\"colo_void\"},{\"band\":{\"value\":[6,7],\"uom\":\"GHz\"},\"erp\":{\"value\":42,\"uom\":\"dBW\"},\"standard\":76,\"purpose\":\"colo_void\"},{\"band\":{\"value\":[10,11.7],\"uom\":\"GHz\"},\"erp\":{\"value\":42,\"uom\":\"dBW\"},\"standard\":77,\"purpose\":\"colo_void\"},{\"band\":{\"value\":[17.7,19.7],\"uom\":\"GHz\"},\"erp\":{\"value\":42,\"uom\":\"dBW\"},\"standard\":78,\"purpose\":\"colo_void\"},{\"band\":{\"value\":[21.2,23.6],\"uom\":\"GHz\"},\"erp\":{\"value\":42,\"uom\":\"dBW\"},\"standard\":79,\"purpose\":\"colo_void\"},{\"band\":{\"value\":[806,901],\"uom\":\"MHz\"},\"erp\":{\"value\":500,\"uom\":\"W\"},\"standard\":80,\"purpose\":\"colo_void\"},{\"band\":{\"value\":[929,932],\"uom\":\"MHz\"},\"erp\":{\"value\":3500,\"uom\":\"W\"},\"standard\":81,\"purpose\":\"colo_void\"},{\"band\":{\"value\":[1670,1675],\"uom\":\"MHz\"},\"erp\":{\"value\":500,\"uom\":\"W\"},\"standard\":82,\"purpose\":\"colo_void\"},{\"band\":{\"value\":[1710,1755],\"uom\":\"MHz\"},\"erp\":{\"value\":500,\"uom\":\"W\"},\"standard\":83,\"purpose\":\"colo_void\"},{\"band\":{\"value\":[1850,1990],\"uom\":\"MHz\"},\"erp\":{\"value\":1640,\"uom\":\"W\"},\"standard\":84,\"purpose\":\"colo_void\"},{\"band\":{\"value\":[1990,2025],\"uom\":\"MHz\"},\"erp\":{\"value\":500,\"uom\":\"W\"},\"standard\":85,\"purpose\":\"colo_void\"},{\"band\":{\"value\":[2110,2200],\"uom\":\"MHz\"},\"erp\":{\"value\":500,\"uom\":\"W\"},\"standard\":86,\"purpose\":\"colo_void\"},{\"band\":{\"value\":[2305,2360],\"uom\":\"MHz\"},\"erp\":{\"value\":2000,\"uom\":\"W\"},\"standard\":87,\"purpose\":\"colo_void\"},{\"band\":{\"value\":[2496,2690],\"uom\":\"MHz\"},\"erp\":{\"value\":500,\"uom\":\"W\"},\"standard\":88,\"purpose\":\"colo_void\"},{\"band\":{\"value\":[6,7],\"uom\":\"GHz\"},\"erp\":{\"value\":55,\"uom\":\"dBW\"},\"standard\":89,\"purpose\":\"colo_void\"},{\"band\":{\"value\":[10,11.7],\"uom\":\"GHz\"},\"erp\":{\"value\":55,\"uom\":\"dBW\"},\"standard\":90,\"purpose\":\"colo_void\"},{\"band\":{\"value\":[17.7,19.7],\"uom\":\"GHz\"},\"erp\":{\"value\":55,\"uom\":\"dBW\"},\"standard\":91,\"purpose\":\"colo_void\"},{\"band\":{\"value\":[21.2,23.6],\"uom\":\"GHz\"},\"erp\":{\"value\":55,\"uom\":\"dBW\"},\"standard\":92,\"purpose\":\"colo_void\"},{\"band\":{\"value\":[614,698],\"uom\":\"MHz\"},\"erp\":{\"value\":1000,\"uom\":\"W\"},\"standard\":93,\"purpose\":\"data_entry\"},{\"band\":{\"value\":[614,698],\"uom\":\"MHz\"},\"erp\":{\"value\":2000,\"uom\":\"W\"},\"standard\":94,\"purpose\":\"data_entry\"},{\"band\":{\"value\":[14000,14500],\"uom\":\"MHz\"},\"erp\":{\"value\":7,\"uom\":\"kW\"},\"standard\":false}],\"overlaps\":[{\"recorded\":\"2025-04-29T20:54:20Z\",\"reason\":\"StarLink (SpaceX) Over-the-Counter antenna operating in the Ku-Band, 47 CFR Part 25\"}]}"
2025-AAL-299-NRA,,Determined - No Hazard,To Proponent,2025-03-25,2025-03-25,2025-05-16,,57.75538889,-152.51038889,4D,,,,KODIAK,Kodiak Island,150,AK,KODIAK,0,,Y,"Request the use of temporary equipment. Installing vehicle gate G and culvert BB grates.\r\nInstalling 500 feet of 8 ft chain link fence.\r\nTallest piece of equipment can reach 40 feet fully extended during construction.",,New Construction,Temporary,21,3,2025-05-01,2026-10-31,,,CONSTRUCTION$VEHICLE,,,40,55,,,95,QAP,Alaska DOT & PF,,
2025-AAL-299-OE,2016-AAL-378-OE,Determined - No Hazard,No Hazard,2025-04-29,2025-04-29,2025-05-16,,55.81581389,-132.68531667,1A,Other,White-medium intensity,SIDE MOUNT: ACS Ratz Mountain 1297,Meyer Chuck,Prince of Wales-Hyder,198,AK,KLAWOCK,118171,42.8,,"SIDEMOUNT ONLY: Please do not terminate the prior ASN 2016-AAL-378-OE\r\nAWN proposes to add the 600 MHz and 14000 - 14500 MHz frequencies\r\nNo other changes to the prior ASN",27.4 KM WNW of.  See 1A survey submitted with prior ASN,Existing,Permanent,,,,,,1005568,TOWER$ANTENNA,152,,152,2853,3005,,3005,GCI,Alaska Wireless Network,655466268-659774735,"{\"frequencies\":[{\"band\":{\"value\":[806,824],\"uom\":\"MHz\"},\"erp\":{\"value\":500,\"uom\":\"W\"},\"standard\":1,\"purpose\":\"colo_void\"},{\"band\":{\"value\":[824,849],\"uom\":\"MHz\"},\"erp\":{\"value\":500,\"uom\":\"W\"},\"standard\":2,\"purpose\":\"colo_void\"},{\"band\":{\"value\":[851,866],\"uom\":\"MHz\"},\"erp\":{\"value\":500,\"uom\":\"W\"},\"standard\":3,\"purpose\":\"colo_void\"},{\"band\":{\"value\":[869,894],\"uom\":\"MHz\"},\"erp\":{\"value\":500,\"uom\":\"W\"},\"standard\":4,\"purpose\":\"colo_void\"},{\"band\":{\"value\":[896,901],\"uom\":\"MHz\"},\"erp\":{\"value\":500,\"uom\":\"W\"},\"standard\":5,\"purpose\":\"colo_void\"},{\"band\":{\"value\":[901,902],\"uom\":\"MHz\"},\"erp\":{\"value\":7,\"uom\":\"W\"},\"standard\":6,\"purpose\":\"colo_void\"},{\"band\":{\"value\":[930,931],\"uom\":\"MHz\"},\"erp\":{\"value\":3500,\"uom\":\"W\"},\"standard\":7,\"purpose\":\"colo_void\"},{\"band\":{\"value\":[931,932],\"uom\":\"MHz\"},\"erp\":{\"value\":3500,\"uom\":\"W\"},\"standard\":8,\"purpose\":\"colo_void\"},{\"band\":{\"value\":[932,932.5],\"uom\":\"MHz\"},\"erp\":{\"value\":17,\"uom\":\"dBW\"},\"standard\":9,\"purpose\":\"colo_void\"},{\"band\":{\"value\":[935,940],\"uom\":\"MHz\"},\"erp\":{\"value\":1000,\"uom\":\"W\"},\"standard\":10,\"purpose\":\"colo_void\"},{\"band\":{\"value\":[940,941],\"uom\":\"MHz\"},\"erp\":{\"value\":3500,\"uom\":\"W\"},\"standard\":11,\"purpose\":\"colo_void\"},{\"band\":{\"value\":[1850,1910],\"uom\":\"MHz\"},\"erp\":{\"value\":1640,\"uom\":\"W\"},\"standard\":12,\"purpose\":\"colo_void\"},{\"band\":{\"value\":[1930,1990],\"uom\":\"MHz\"},\"erp\":{\"value\":1640,\"uom\":\"W\"},\"standard\":13,\"purpose\":\"colo_void\"},{\"band\":{\"value\":[2305,2310],\"uom\":\"MHz\"},\"erp\":{\"value\":2000,\"uom\":\"W\"},\"standard\":14,\"purpose\":\"colo_void\"},{\"band\":{\"value\":[2345,2360],\"uom\":\"MHz\"},\"erp\":{\"value\":2000,\"uom\":\"W\"},\"standard\":15,\"purpose\":\"colo_void\"},{\"band\":{\"value\":[698,806],\"uom\":\"MHz\"},\"erp\":{\"value\":1000,\"uom\":\"W\"},\"standard\":16,\"purpose\":\"colo_void\"},{\"band\":{\"value\":[614,698],\"uom\":\"MHz\"},\"erp\":{\"value\":2000,\"uom\":\"W\"},\"standard\":94,\"purpose\":\"data_entry\"},{\"band\":{\"value\":[14000,14500],\"uom\":\"MHz\"},\"erp\":{\"value\":7,\"uom\":\"kW\"},\"standard\":false}],\"overlaps\":[{\"recorded\":\"2025-04-29T21:08:48Z\",\"reason\":\"StarLink (SpaceX) Over-the-Counter antenna operating in the Ku-Band, 47 CFR Part 25\"}]}"
2025-AAL-300-NRA,,Determined - No Hazard,To Proponent,2025-03-25,2025-03-25,2025-05-16,,57.75526111,-152.51044444,4D,,,,KODIAK,Kodiak Island,150,AK,KODIAK,0,,Y,"Request the use of temporary equipment. Installing vehicle gate G and culvert BB grates.\r\nInstalling 500 feet of 8 ft chain link fence.\r\nTallest piece of equipment can reach 40 feet fully extended during construction.",,New Construction,Temporary,21,3,2025-05-01,2026-10-31,,,CONSTRUCTION$VEHICLE,,,40,50,,,90,QAP,Alaska DOT & PF,,
2025-AAL-300-OE,2004-AAL-271-OE,Determined - No Hazard,No Hazard,2025-04-29,2025-04-29,2025-05-16,,70.34371944,-150.92233611,4D,None,,SIDEMOUNT: Alpine 784,Alpine,North Slope,185,AK,ALPINE AIRSTRIP,2769,94.2,,"SIDEMOUNT ONLY: Please do not terminate the prior ASN 2004-AAL-271-OE\r\nAWN proposes to add the 600 MHz and 14000 - 14500 MHz frequencies\r\nNo other changes requested to the prior ASN",Alpine Drill Pad  North Slope,Existing,Permanent,,,,,,1242947,TOWER$ANTENNA,120,,120,15,135,,135,GCI,Alaska Wireless Network,655472306-659774755,"{\"frequencies\":[{\"band\":{\"value\":[614,698],\"uom\":\"MHz\"},\"erp\":{\"value\":2000,\"uom\":\"W\"},\"standard\":94,\"purpose\":\"data_entry\"},{\"band\":{\"value\":[850,890],\"uom\":\"MHz\"},\"erp\":{\"value\":50,\"uom\":\"W\"},\"standard\":false},{\"band\":{\"value\":[14000,14500],\"uom\":\"MHz\"},\"erp\":{\"value\":7,\"uom\":\"kW\"},\"standard\":false}],\"overlaps\":[{\"recorded\":\"2025-04-29T21:21:30Z\",\"reason\":\"StarLink (SpaceX) Over-the-Counter antenna operating in the Ku-Band, 47 CFR Part 25\"}]}"
2025-AAL-301-NRA,,Determined - No Hazard,To Proponent,2025-03-25,2025-03-25,2025-05-16,,57.75474167,-152.50844444,4D,,,,KODIAK,Kodiak Island,150,AK,KODIAK,0,,Y,"Request the use of temporary equipment. Installing vehicle gate G and culvert BB grates.\r\nInstalling 500 feet of 8 ft chain link fence.\r\nTallest piece of equipment can reach 40 feet fully extended during construction.",,New Construction,Temporary,21,3,2025-05-01,2026-10-31,,,CONSTRUCTION$VEHICLE,,,40,70,,,110,QAP,Alaska DOT & PF,,
2025-AAL-301-OE,2006-AAL-116-OE,Determined - No Hazard,No Hazard,2025-04-29,2025-04-30,2025-05-16,,60.47511667,-164.723975,1A,None,,Nightmute UUI 109,Nightmute,Bethel,50,AK,NIGHTMUTE,4203,301.1,,UUI is filing with 1A survey data and adding the 600 & 14000 - 14500 frequency bands,Within the community of Nightmute.  See attached 1A survey,Existing,Permanent,,,,,,1253836,TOWER$ANTENNA,55,,55,-2,53,,53,GCI,"Unitied Utilities, Inc.",655488422-659774787,"{\"frequencies\":[{\"band\":{\"value\":[806,824],\"uom\":\"MHz\"},\"erp\":{\"value\":500,\"uom\":\"W\"},\"standard\":1,\"purpose\":\"colo_void\"},{\"band\":{\"value\":[824,849],\"uom\":\"MHz\"},\"erp\":{\"value\":500,\"uom\":\"W\"},\"standard\":2,\"purpose\":\"colo_void\"},{\"band\":{\"value\":[851,866],\"uom\":\"MHz\"},\"erp\":{\"value\":500,\"uom\":\"W\"},\"standard\":3,\"purpose\":\"colo_void\"},{\"band\":{\"value\":[869,894],\"uom\":\"MHz\"},\"erp\":{\"value\":500,\"uom\":\"W\"},\"standard\":4,\"purpose\":\"colo_void\"},{\"band\":{\"value\":[896,901],\"uom\":\"MHz\"},\"erp\":{\"value\":500,\"uom\":\"W\"},\"standard\":5,\"purpose\":\"colo_void\"},{\"band\":{\"value\":[901,902],\"uom\":\"MHz\"},\"erp\":{\"value\":7,\"uom\":\"W\"},\"standard\":6,\"purpose\":\"colo_void\"},{\"band\":{\"value\":[930,931],\"uom\":\"MHz\"},\"erp\":{\"value\":3500,\"uom\":\"W\"},\"standard\":7,\"purpose\":\"colo_void\"},{\"band\":{\"value\":[931,932],\"uom\":\"MHz\"},\"erp\":{\"value\":3500,\"uom\":\"W\"},\"standard\":8,\"purpose\":\"colo_void\"},{\"band\":{\"value\":[932,932.5],\"uom\":\"MHz\"},\"erp\":{\"value\":17,\"uom\":\"dBW\"},\"standard\":9,\"purpose\":\"colo_void\"},{\"band\":{\"value\":[935,940],\"uom\":\"MHz\"},\"erp\":{\"value\":1000,\"uom\":\"W\"},\"standard\":10,\"purpose\":\"colo_void\"},{\"band\":{\"value\":[940,941],\"uom\":\"MHz\"},\"erp\":{\"value\":3500,\"uom\":\"W\"},\"standard\":11,\"purpose\":\"colo_void\"},{\"band\":{\"value\":[1850,1910],\"uom\":\"MHz\"},\"erp\":{\"value\":1640,\"uom\":\"W\"},\"standard\":12,\"purpose\":\"colo_void\"},{\"band\":{\"value\":[1930,1990],\"uom\":\"MHz\"},\"erp\":{\"value\":1640,\"uom\":\"W\"},\"standard\":13,\"purpose\":\"colo_void\"},{\"band\":{\"value\":[2305,2310],\"uom\":\"MHz\"},\"erp\":{\"value\":2000,\"uom\":\"W\"},\"standard\":14,\"purpose\":\"colo_void\"},{\"band\":{\"value\":[2345,2360],\"uom\":\"MHz\"},\"erp\":{\"value\":2000,\"uom\":\"W\"},\"standard\":15,\"purpose\":\"colo_void\"},{\"band\":{\"value\":[698,806],\"uom\":\"MHz\"},\"erp\":{\"value\":1000,\"uom\":\"W\"},\"standard\":16,\"purpose\":\"colo_void\"},{\"band\":{\"value\":[6,7],\"uom\":\"GHz\"},\"erp\":{\"value\":42,\"uom\":\"dBW\"},\"standard\":76,\"purpose\":\"colo_void\"},{\"band\":{\"value\":[10,11.7],\"uom\":\"GHz\"},\"erp\":{\"value\":42,\"uom\":\"dBW\"},\"standard\":77,\"purpose\":\"colo_void\"},{\"band\":{\"value\":[17.7,19.7],\"uom\":\"GHz\"},\"erp\":{\"value\":42,\"uom\":\"dBW\"},\"standard\":78,\"purpose\":\"colo_void\"},{\"band\":{\"value\":[21.2,23.6],\"uom\":\"GHz\"},\"erp\":{\"value\":42,\"uom\":\"dBW\"},\"standard\":79,\"purpose\":\"colo_void\"},{\"band\":{\"value\":[806,901],\"uom\":\"MHz\"},\"erp\":{\"value\":500,\"uom\":\"W\"},\"standard\":80,\"purpose\":\"colo_void\"},{\"band\":{\"value\":[929,932],\"uom\":\"MHz\"},\"erp\":{\"value\":3500,\"uom\":\"W\"},\"standard\":81,\"purpose\":\"colo_void\"},{\"band\":{\"value\":[1670,1675],\"uom\":\"MHz\"},\"erp\":{\"value\":500,\"uom\":\"W\"},\"standard\":82,\"purpose\":\"colo_void\"},{\"band\":{\"value\":[1710,1755],\"uom\":\"MHz\"},\"erp\":{\"value\":500,\"uom\":\"W\"},\"standard\":83,\"purpose\":\"colo_void\"},{\"band\":{\"value\":[1850,1990],\"uom\":\"MHz\"},\"erp\":{\"value\":1640,\"uom\":\"W\"},\"standard\":84,\"purpose\":\"colo_void\"},{\"band\":{\"value\":[1990,2025],\"uom\":\"MHz\"},\"erp\":{\"value\":500,\"uom\":\"W\"},\"standard\":85,\"purpose\":\"colo_void\"},{\"band\":{\"value\":[2110,2200],\"uom\":\"MHz\"},\"erp\":{\"value\":500,\"uom\":\"W\"},\"standard\":86,\"purpose\":\"colo_void\"},{\"band\":{\"value\":[2305,2360],\"uom\":\"MHz\"},\"erp\":{\"value\":2000,\"uom\":\"W\"},\"standard\":87,\"purpose\":\"colo_void\"},{\"band\":{\"value\":[2496,2690],\"uom\":\"MHz\"},\"erp\":{\"value\":500,\"uom\":\"W\"},\"standard\":88,\"purpose\":\"colo_void\"},{\"band\":{\"value\":[6,7],\"uom\":\"GHz\"},\"erp\":{\"value\":55,\"uom\":\"dBW\"},\"standard\":89,\"purpose\":\"colo_void\"},{\"band\":{\"value\":[10,11.7],\"uom\":\"GHz\"},\"erp\":{\"value\":55,\"uom\":\"dBW\"},\"standard\":90,\"purpose\":\"colo_void\"},{\"band\":{\"value\":[17.7,19.7],\"uom\":\"GHz\"},\"erp\":{\"value\":55,\"uom\":\"dBW\"},\"standard\":91,\"purpose\":\"colo_void\"},{\"band\":{\"value\":[21.2,23.6],\"uom\":\"GHz\"},\"erp\":{\"value\":55,\"uom\":\"dBW\"},\"standard\":92,\"purpose\":\"colo_void\"},{\"band\":{\"value\":[614,698],\"uom\":\"MHz\"},\"erp\":{\"value\":1000,\"uom\":\"W\"},\"standard\":93,\"purpose\":\"data_entry\"},{\"band\":{\"value\":[614,698],\"uom\":\"MHz\"},\"erp\":{\"value\":2000,\"uom\":\"W\"},\"standard\":94,\"purpose\":\"data_entry\"},{\"band\":{\"value\":[10.7,11.7],\"uom\":\"GHz\"},\"erp\":{\"value\":10,\"uom\":\"kW\"},\"standard\":false},{\"band\":{\"value\":[14000,14500],\"uom\":\"MHz\"},\"erp\":{\"value\":7,\"uom\":\"kW\"},\"standard\":false}],\"overlaps\":[{\"recorded\":\"2025-04-30T00:06:29Z\",\"reason\":\"StarLink (SpaceX) Over-the-Counter antenna operating in the Ku-Band, 47 CFR Part 25\"}]}"
2025-AAL-302-NRA,,Determined - No Hazard,To Proponent,2025-03-25,2025-03-25,2025-05-16,,57.75450833,-152.50873056,4D,,,,KODIAK,Kodiak Island,150,AK,KODIAK,0,,Y,"Request the use of temporary equipment. Installing vehicle gate G and culvert BB grates.\r\nInstalling 500 feet of 8 ft chain link fence.\r\nTallest piece of equipment can reach 40 feet fully extended during construction.",,New Construction,Temporary,21,3,2025-05-01,2026-10-31,,,CONSTRUCTION$VEHICLE,,,40,70,,,110,QAP,Alaska DOT & PF,,
2025-AAL-302-OE,2009-AAL-127-OE,Determined - No Hazard,No Hazard,2025-04-30,2025-04-30,2025-06-03,,59.72096389,-154.89549722,1A,,,Nanwalek UUI 670,Nanwalek,Lake and Peninsula,164,AK,ILIAMNA,13302,162,,Re-filing with 1A data and adding the 600 & 14000-14500 MHz Frequency bands,Within the community of Nanwalek.  See attached 1A survey,Existing,Permanent,,,,,,1268136,TOWER$ANTENNA,74,,74,89,163,,163,GCI,Alaska Wireless Network,655574889-661615985,"{\"frequencies\":[{\"band\":{\"value\":[806,824],\"uom\":\"MHz\"},\"erp\":{\"value\":500,\"uom\":\"W\"},\"standard\":1,\"purpose\":\"colo_void\"},{\"band\":{\"value\":[824,849],\"uom\":\"MHz\"},\"erp\":{\"value\":500,\"uom\":\"W\"},\"standard\":2,\"purpose\":\"colo_void\"},{\"band\":{\"value\":[851,866],\"uom\":\"MHz\"},\"erp\":{\"value\":500,\"uom\":\"W\"},\"standard\":3,\"purpose\":\"colo_void\"},{\"band\":{\"value\":[869,894],\"uom\":\"MHz\"},\"erp\":{\"value\":500,\"uom\":\"W\"},\"standard\":4,\"purpose\":\"colo_void\"},{\"band\":{\"value\":[896,901],\"uom\":\"MHz\"},\"erp\":{\"value\":500,\"uom\":\"W\"},\"standard\":5,\"purpose\":\"colo_void\"},{\"band\":{\"value\":[901,902],\"uom\":\"MHz\"},\"erp\":{\"value\":7,\"uom\":\"W\"},\"standard\":6,\"purpose\":\"colo_void\"},{\"band\":{\"value\":[930,931],\"uom\":\"MHz\"},\"erp\":{\"value\":3500,\"uom\":\"W\"},\"standard\":7,\"purpose\":\"colo_void\"},{\"band\":{\"value\":[931,932],\"uom\":\"MHz\"},\"erp\":{\"value\":3500,\"uom\":\"W\"},\"standard\":8,\"purpose\":\"colo_void\"},{\"band\":{\"value\":[932,932.5],\"uom\":\"MHz\"},\"erp\":{\"value\":17,\"uom\":\"dBW\"},\"standard\":9,\"purpose\":\"colo_void\"},{\"band\":{\"value\":[935,940],\"uom\":\"MHz\"},\"erp\":{\"value\":1000,\"uom\":\"W\"},\"standard\":10,\"purpose\":\"colo_void\"},{\"band\":{\"value\":[940,941],\"uom\":\"MHz\"},\"erp\":{\"value\":3500,\"uom\":\"W\"},\"standard\":11,\"purpose\":\"colo_void\"},{\"band\":{\"value\":[1850,1910],\"uom\":\"MHz\"},\"erp\":{\"value\":1640,\"uom\":\"W\"},\"standard\":12,\"purpose\":\"colo_void\"},{\"band\":{\"value\":[1930,1990],\"uom\":\"MHz\"},\"erp\":{\"value\":1640,\"uom\":\"W\"},\"standard\":13,\"purpose\":\"colo_void\"},{\"band\":{\"value\":[2305,2310],\"uom\":\"MHz\"},\"erp\":{\"value\":2000,\"uom\":\"W\"},\"standard\":14,\"purpose\":\"colo_void\"},{\"band\":{\"value\":[2345,2360],\"uom\":\"MHz\"},\"erp\":{\"value\":2000,\"uom\":\"W\"},\"standard\":15,\"purpose\":\"colo_void\"},{\"band\":{\"value\":[698,806],\"uom\":\"MHz\"},\"erp\":{\"value\":1000,\"uom\":\"W\"},\"standard\":16,\"purpose\":\"colo_void\"},{\"band\":{\"value\":[6,7],\"uom\":\"GHz\"},\"erp\":{\"value\":42,\"uom\":\"dBW\"},\"standard\":76,\"purpose\":\"colo_void\"},{\"band\":{\"value\":[10,11.7],\"uom\":\"GHz\"},\"erp\":{\"value\":42,\"uom\":\"dBW\"},\"standard\":77,\"purpose\":\"colo_void\"},{\"band\":{\"value\":[17.7,19.7],\"uom\":\"GHz\"},\"erp\":{\"value\":42,\"uom\":\"dBW\"},\"standard\":78,\"purpose\":\"colo_void\"},{\"band\":{\"value\":[21.2,23.6],\"uom\":\"GHz\"},\"erp\":{\"value\":42,\"uom\":\"dBW\"},\"standard\":79,\"purpose\":\"colo_void\"},{\"band\":{\"value\":[806,901],\"uom\":\"MHz\"},\"erp\":{\"value\":500,\"uom\":\"W\"},\"standard\":80,\"purpose\":\"colo_void\"},{\"band\":{\"value\":[929,932],\"uom\":\"MHz\"},\"erp\":{\"value\":3500,\"uom\":\"W\"},\"standard\":81,\"purpose\":\"colo_void\"},{\"band\":{\"value\":[1670,1675],\"uom\":\"MHz\"},\"erp\":{\"value\":500,\"uom\":\"W\"},\"standard\":82,\"purpose\":\"colo_void\"},{\"band\":{\"value\":[1710,1755],\"uom\":\"MHz\"},\"erp\":{\"value\":500,\"uom\":\"W\"},\"standard\":83,\"purpose\":\"colo_void\"},{\"band\":{\"value\":[1850,1990],\"uom\":\"MHz\"},\"erp\":{\"value\":1640,\"uom\":\"W\"},\"standard\":84,\"purpose\":\"colo_void\"},{\"band\":{\"value\":[1990,2025],\"uom\":\"MHz\"},\"erp\":{\"value\":500,\"uom\":\"W\"},\"standard\":85,\"purpose\":\"colo_void\"},{\"band\":{\"value\":[2110,2200],\"uom\":\"MHz\"},\"erp\":{\"value\":500,\"uom\":\"W\"},\"standard\":86,\"purpose\":\"colo_void\"},{\"band\":{\"value\":[2305,2360],\"uom\":\"MHz\"},\"erp\":{\"value\":2000,\"uom\":\"W\"},\"standard\":87,\"purpose\":\"colo_void\"},{\"band\":{\"value\":[2496,2690],\"uom\":\"MHz\"},\"erp\":{\"value\":500,\"uom\":\"W\"},\"standard\":88,\"purpose\":\"colo_void\"},{\"band\":{\"value\":[6,7],\"uom\":\"GHz\"},\"erp\":{\"value\":55,\"uom\":\"dBW\"},\"standard\":89,\"purpose\":\"colo_void\"},{\"band\":{\"value\":[10,11.7],\"uom\":\"GHz\"},\"erp\":{\"value\":55,\"uom\":\"dBW\"},\"standard\":90,\"purpose\":\"colo_void\"},{\"band\":{\"value\":[17.7,19.7],\"uom\":\"GHz\"},\"erp\":{\"value\":55,\"uom\":\"dBW\"},\"standard\":91,\"purpose\":\"colo_void\"},{\"band\":{\"value\":[21.2,23.6],\"uom\":\"GHz\"},\"erp\":{\"value\":55,\"uom\":\"dBW\"},\"standard\":92,\"purpose\":\"colo_void\"},{\"band\":{\"value\":[614,698],\"uom\":\"MHz\"},\"erp\":{\"value\":1000,\"uom\":\"W\"},\"standard\":93,\"purpose\":\"data_entry\"},{\"band\":{\"value\":[614,698],\"uom\":\"MHz\"},\"erp\":{\"value\":2000,\"uom\":\"W\"},\"standard\":94,\"purpose\":\"data_entry\"},{\"band\":{\"value\":[869,894],\"uom\":\"MHz\"},\"erp\":{\"value\":56,\"uom\":\"dBm\"},\"standard\":false},{\"band\":{\"value\":[2400,2480],\"uom\":\"MHz\"},\"erp\":{\"value\":33.85,\"uom\":\"dBW\"},\"standard\":false},{\"band\":{\"value\":[14000,14500],\"uom\":\"MHz\"},\"erp\":{\"value\":7,\"uom\":\"kW\"},\"standard\":false}],\"overlaps\":[{\"recorded\":\"2025-04-30T17:15:20Z\",\"reason\":\"StarLink (SpaceX) Over-the-Counter antenna operating in the Ku-Band, 47 CFR Part 25\"}]}"
2025-AAL-303-NRA,,Determined - No Hazard,To Proponent,2025-03-25,2025-03-25,2025-05-16,,57.75463333,-152.50960833,4D,,,,KODIAK,Kodiak Island,150,AK,KODIAK,0,,Y,"Request the use of temporary equipment. Installing vehicle gate G and culvert BB grates.\r\nInstalling 500 feet of 8 ft chain link fence.\r\nTallest piece of equipment can reach 40 feet fully extended during construction.",,New Construction,Temporary,21,3,2025-05-01,2026-10-31,,,CONSTRUCTION$VEHICLE,,,40,50,,,90,QAP,Alaska DOT & PF,,
2025-AAL-303-OE,,Determined - No Hazard,No Hazard,2025-05-01,2025-05-01,2025-06-03,2026-12-03,64.50235833,-165.38141944,4D,,,Nome Staff Housing project,Nome,Nome,180,AK,NOME CITY FLD,3594,157,,Installation of four 20 plex buildings for the Nome staff housing project.,Approximately a quarter of a mile  West of Quyana care center on Greg kruscheck in Nome Alaska,New Construction,Permanent,,,,,,,BUILDING,31,,31,74,105,,105,Arcadis,Arcadis,655813625-661510179,
2025-AAL-304-OE,,Determined - No Hazard,No Hazard,2025-05-01,2025-05-01,2025-05-16,2026-11-16,52.20101111,-174.19780278,4D,None,,SIDEMOUNT: Atka Village Clinic 4696,Atka,Aleutians West,16,AK,ATKA,7389,165.2,,GCI proposes to mount a communications antenna to an existing 16 feet building.  The overall height of the antenna will be 18 feet,900 Kaangux Ln.  On the rooftop of the Atka Village Clinic,Existing,Permanent,,,,,,,BUILDING$COMMERCIAL,18,,18,113,131,,131,GCI,GCI Communication Corp,655830128-659774921,"{\"frequencies\":[{\"band\":{\"value\":[14000,14500],\"uom\":\"MHz\"},\"erp\":{\"value\":7,\"uom\":\"kW\"},\"standard\":false}],\"overlaps\":[{\"recorded\":\"2025-05-01T23:57:05Z\",\"reason\":\"StarLink (SpaceX) Over-the-Counter antenna operating in the Ku-Band, 47 CFR Part 25\"}]}"
2025-AAL-306-OE,,Pending,Preliminary Findings,2025-05-06,2025-05-06,,,58.699325,-156.70595278,4D,,,Bristol Bay- John D prelim,king salmon,Bristol Bay,60,AK,KING SALMON,13723,307.5,,125' wireless commuications facility (lattice) contained within a 50'x50' fenced compound.,12652 ALASKA PENINSULA Hwy  King Salmon  AK 99613,New Construction,Permanent,,,,,,,TOWER$ANTENNA,,49,125,59,,108,184,Atlas Tower Group,"ATLAS TOWER 1, LLC",,"{\"frequencies\":[{\"band\":{\"value\":[806,824],\"uom\":\"MHz\"},\"erp\":{\"value\":500,\"uom\":\"W\"},\"standard\":1,\"purpose\":\"colo_void\"},{\"band\":{\"value\":[824,849],\"uom\":\"MHz\"},\"erp\":{\"value\":500,\"uom\":\"W\"},\"standard\":2,\"purpose\":\"colo_void\"},{\"band\":{\"value\":[851,866],\"uom\":\"MHz\"},\"erp\":{\"value\":500,\"uom\":\"W\"},\"standard\":3,\"purpose\":\"colo_void\"},{\"band\":{\"value\":[869,894],\"uom\":\"MHz\"},\"erp\":{\"value\":500,\"uom\":\"W\"},\"standard\":4,\"purpose\":\"colo_void\"},{\"band\":{\"value\":[896,901],\"uom\":\"MHz\"},\"erp\":{\"value\":500,\"uom\":\"W\"},\"standard\":5,\"purpose\":\"colo_void\"},{\"band\":{\"value\":[901,902],\"uom\":\"MHz\"},\"erp\":{\"value\":7,\"uom\":\"W\"},\"standard\":6,\"purpose\":\"colo_void\"},{\"band\":{\"value\":[930,931],\"uom\":\"MHz\"},\"erp\":{\"value\":3500,\"uom\":\"W\"},\"standard\":7,\"purpose\":\"colo_void\"},{\"band\":{\"value\":[931,932],\"uom\":\"MHz\"},\"erp\":{\"value\":3500,\"uom\":\"W\"},\"standard\":8,\"purpose\":\"colo_void\"},{\"band\":{\"value\":[932,932.5],\"uom\":\"MHz\"},\"erp\":{\"value\":17,\"uom\":\"dBW\"},\"standard\":9,\"purpose\":\"colo_void\"},{\"band\":{\"value\":[935,940],\"uom\":\"MHz\"},\"erp\":{\"value\":1000,\"uom\":\"W\"},\"standard\":10,\"purpose\":\"colo_void\"},{\"band\":{\"value\":[940,941],\"uom\":\"MHz\"},\"erp\":{\"value\":3500,\"uom\":\"W\"},\"standard\":11,\"purpose\":\"colo_void\"},{\"band\":{\"value\":[1850,1910],\"uom\":\"MHz\"},\"erp\":{\"value\":1640,\"uom\":\"W\"},\"standard\":12,\"purpose\":\"colo_void\"},{\"band\":{\"value\":[1930,1990],\"uom\":\"MHz\"},\"erp\":{\"value\":1640,\"uom\":\"W\"},\"standard\":13,\"purpose\":\"colo_void\"},{\"band\":{\"value\":[2305,2310],\"uom\":\"MHz\"},\"erp\":{\"value\":2000,\"uom\":\"W\"},\"standard\":14,\"purpose\":\"colo_void\"},{\"band\":{\"value\":[2345,2360],\"uom\":\"MHz\"},\"erp\":{\"value\":2000,\"uom\":\"W\"},\"standard\":15,\"purpose\":\"colo_void\"},{\"band\":{\"value\":[698,806],\"uom\":\"MHz\"},\"erp\":{\"value\":1000,\"uom\":\"W\"},\"standard\":16,\"purpose\":\"colo_void\"},{\"band\":{\"value\":[6,7],\"uom\":\"GHz\"},\"erp\":{\"value\":42,\"uom\":\"dBW\"},\"standard\":76,\"purpose\":\"colo_void\"},{\"band\":{\"value\":[10,11.7],\"uom\":\"GHz\"},\"erp\":{\"value\":42,\"uom\":\"dBW\"},\"standard\":77,\"purpose\":\"colo_void\"},{\"band\":{\"value\":[17.7,19.7],\"uom\":\"GHz\"},\"erp\":{\"value\":42,\"uom\":\"dBW\"},\"standard\":78,\"purpose\":\"colo_void\"},{\"band\":{\"value\":[21.2,23.6],\"uom\":\"GHz\"},\"erp\":{\"value\":42,\"uom\":\"dBW\"},\"standard\":79,\"purpose\":\"colo_void\"},{\"band\":{\"value\":[806,901],\"uom\":\"MHz\"},\"erp\":{\"value\":500,\"uom\":\"W\"},\"standard\":80,\"purpose\":\"colo_void\"},{\"band\":{\"value\":[929,932],\"uom\":\"MHz\"},\"erp\":{\"value\":3500,\"uom\":\"W\"},\"standard\":81,\"purpose\":\"colo_void\"},{\"band\":{\"value\":[1670,1675],\"uom\":\"MHz\"},\"erp\":{\"value\":500,\"uom\":\"W\"},\"standard\":82,\"purpose\":\"colo_void\"},{\"band\":{\"value\":[1710,1755],\"uom\":\"MHz\"},\"erp\":{\"value\":500,\"uom\":\"W\"},\"standard\":83,\"purpose\":\"colo_void\"},{\"band\":{\"value\":[1850,1990],\"uom\":\"MHz\"},\"erp\":{\"value\":1640,\"uom\":\"W\"},\"standard\":84,\"purpose\":\"colo_void\"},{\"band\":{\"value\":[1990,2025],\"uom\":\"MHz\"},\"erp\":{\"value\":500,\"uom\":\"W\"},\"standard\":85,\"purpose\":\"colo_void\"},{\"band\":{\"value\":[2110,2200],\"uom\":\"MHz\"},\"erp\":{\"value\":500,\"uom\":\"W\"},\"standard\":86,\"purpose\":\"colo_void\"},{\"band\":{\"value\":[2305,2360],\"uom\":\"MHz\"},\"erp\":{\"value\":2000,\"uom\":\"W\"},\"standard\":87,\"purpose\":\"colo_void\"},{\"band\":{\"value\":[2496,2690],\"uom\":\"MHz\"},\"erp\":{\"value\":500,\"uom\":\"W\"},\"standard\":88,\"purpose\":\"colo_void\"},{\"band\":{\"value\":[6,7],\"uom\":\"GHz\"},\"erp\":{\"value\":55,\"uom\":\"dBW\"},\"standard\":89,\"purpose\":\"colo_void\"},{\"band\":{\"value\":[10,11.7],\"uom\":\"GHz\"},\"erp\":{\"value\":55,\"uom\":\"dBW\"},\"standard\":90,\"purpose\":\"colo_void\"},{\"band\":{\"value\":[17.7,19.7],\"uom\":\"GHz\"},\"erp\":{\"value\":55,\"uom\":\"dBW\"},\"standard\":91,\"purpose\":\"colo_void\"},{\"band\":{\"value\":[21.2,23.6],\"uom\":\"GHz\"},\"erp\":{\"value\":55,\"uom\":\"dBW\"},\"standard\":92,\"purpose\":\"colo_void\"},{\"band\":{\"value\":[614,698],\"uom\":\"MHz\"},\"erp\":{\"value\":1000,\"uom\":\"W\"},\"standard\":93,\"purpose\":\"data_entry\"},{\"band\":{\"value\":[614,698],\"uom\":\"MHz\"},\"erp\":{\"value\":2000,\"uom\":\"W\"},\"standard\":94,\"purpose\":\"data_entry\"}]}"
2025-AAL-307-NRA,,Determined - No Hazard,To Proponent,2025-03-27,2025-03-27,2025-04-30,,62.45348333,-157.99552222,4D,,,Portable Temporary Fuel,FLAT,Yukon-Koyukuk,290,AK,FLAT,0,,Y,The Alaska Division of Forestry and Fire Protection is planning to utilize the Flat  AK airport to base a Type 3 helicopter for the summer 2025. Due to the airport's lack of FBO or OAS carded fuel providers  a temporary portable fuel bladder will be established (2500 gallon Jet-A) by the Alaska Fire Service. The bladder will be contained in a containment berm  will be approximately 23 ft in diameter  and will have no portion taller than approximately 4 feet off the ground.,,New Construction,Temporary,0,4,2025-06-01,2025-10-01,,,FUEL_SYSTEM,,,4,284,,,288,Alaska Division of Forestry and Fire Protection,chris ferguson,,
2025-AAL-307-OE,,Pending,Preliminary Findings,2025-05-06,2025-05-06,,,58.72737778,-157.01676667,4D,,,Bristol Bay- Library prelim,Naknek,Bristol Bay,60,AK,NAKNEK,3045,148.6,,Construct a 125' wireless communications facility (lattice) contained within a 50'x 50' fenced compound.,96 SECOND st  Naknek  AK 99633,New Construction,Permanent,,,,,,,TOWER$ANTENNA,,106,125,30,,136,155,Atlas Tower Group,"ATLAS TOWER 1, LLC",,"{\"frequencies\":[{\"band\":{\"value\":[806,824],\"uom\":\"MHz\"},\"erp\":{\"value\":500,\"uom\":\"W\"},\"standard\":1,\"purpose\":\"colo_void\"},{\"band\":{\"value\":[824,849],\"uom\":\"MHz\"},\"erp\":{\"value\":500,\"uom\":\"W\"},\"standard\":2,\"purpose\":\"colo_void\"},{\"band\":{\"value\":[851,866],\"uom\":\"MHz\"},\"erp\":{\"value\":500,\"uom\":\"W\"},\"standard\":3,\"purpose\":\"colo_void\"},{\"band\":{\"value\":[869,894],\"uom\":\"MHz\"},\"erp\":{\"value\":500,\"uom\":\"W\"},\"standard\":4,\"purpose\":\"colo_void\"},{\"band\":{\"value\":[896,901],\"uom\":\"MHz\"},\"erp\":{\"value\":500,\"uom\":\"W\"},\"standard\":5,\"purpose\":\"colo_void\"},{\"band\":{\"value\":[901,902],\"uom\":\"MHz\"},\"erp\":{\"value\":7,\"uom\":\"W\"},\"standard\":6,\"purpose\":\"colo_void\"},{\"band\":{\"value\":[930,931],\"uom\":\"MHz\"},\"erp\":{\"value\":3500,\"uom\":\"W\"},\"standard\":7,\"purpose\":\"colo_void\"},{\"band\":{\"value\":[931,932],\"uom\":\"MHz\"},\"erp\":{\"value\":3500,\"uom\":\"W\"},\"standard\":8,\"purpose\":\"colo_void\"},{\"band\":{\"value\":[932,932.5],\"uom\":\"MHz\"},\"erp\":{\"value\":17,\"uom\":\"dBW\"},\"standard\":9,\"purpose\":\"colo_void\"},{\"band\":{\"value\":[935,940],\"uom\":\"MHz\"},\"erp\":{\"value\":1000,\"uom\":\"W\"},\"standard\":10,\"purpose\":\"colo_void\"},{\"band\":{\"value\":[940,941],\"uom\":\"MHz\"},\"erp\":{\"value\":3500,\"uom\":\"W\"},\"standard\":11,\"purpose\":\"colo_void\"},{\"band\":{\"value\":[1850,1910],\"uom\":\"MHz\"},\"erp\":{\"value\":1640,\"uom\":\"W\"},\"standard\":12,\"purpose\":\"colo_void\"},{\"band\":{\"value\":[1930,1990],\"uom\":\"MHz\"},\"erp\":{\"value\":1640,\"uom\":\"W\"},\"standard\":13,\"purpose\":\"colo_void\"},{\"band\":{\"value\":[2305,2310],\"uom\":\"MHz\"},\"erp\":{\"value\":2000,\"uom\":\"W\"},\"standard\":14,\"purpose\":\"colo_void\"},{\"band\":{\"value\":[2345,2360],\"uom\":\"MHz\"},\"erp\":{\"value\":2000,\"uom\":\"W\"},\"standard\":15,\"purpose\":\"colo_void\"},{\"band\":{\"value\":[698,806],\"uom\":\"MHz\"},\"erp\":{\"value\":1000,\"uom\":\"W\"},\"standard\":16,\"purpose\":\"colo_void\"},{\"band\":{\"value\":[6,7],\"uom\":\"GHz\"},\"erp\":{\"value\":42,\"uom\":\"dBW\"},\"standard\":76,\"purpose\":\"colo_void\"},{\"band\":{\"value\":[10,11.7],\"uom\":\"GHz\"},\"erp\":{\"value\":42,\"uom\":\"dBW\"},\"standard\":77,\"purpose\":\"colo_void\"},{\"band\":{\"value\":[17.7,19.7],\"uom\":\"GHz\"},\"erp\":{\"value\":42,\"uom\":\"dBW\"},\"standard\":78,\"purpose\":\"colo_void\"},{\"band\":{\"value\":[21.2,23.6],\"uom\":\"GHz\"},\"erp\":{\"value\":42,\"uom\":\"dBW\"},\"standard\":79,\"purpose\":\"colo_void\"},{\"band\":{\"value\":[806,901],\"uom\":\"MHz\"},\"erp\":{\"value\":500,\"uom\":\"W\"},\"standard\":80,\"purpose\":\"colo_void\"},{\"band\":{\"value\":[929,932],\"uom\":\"MHz\"},\"erp\":{\"value\":3500,\"uom\":\"W\"},\"standard\":81,\"purpose\":\"colo_void\"},{\"band\":{\"value\":[1670,1675],\"uom\":\"MHz\"},\"erp\":{\"value\":500,\"uom\":\"W\"},\"standard\":82,\"purpose\":\"colo_void\"},{\"band\":{\"value\":[1710,1755],\"uom\":\"MHz\"},\"erp\":{\"value\":500,\"uom\":\"W\"},\"standard\":83,\"purpose\":\"colo_void\"},{\"band\":{\"value\":[1850,1990],\"uom\":\"MHz\"},\"erp\":{\"value\":1640,\"uom\":\"W\"},\"standard\":84,\"purpose\":\"colo_void\"},{\"band\":{\"value\":[1990,2025],\"uom\":\"MHz\"},\"erp\":{\"value\":500,\"uom\":\"W\"},\"standard\":85,\"purpose\":\"colo_void\"},{\"band\":{\"value\":[2110,2200],\"uom\":\"MHz\"},\"erp\":{\"value\":500,\"uom\":\"W\"},\"standard\":86,\"purpose\":\"colo_void\"},{\"band\":{\"value\":[2305,2360],\"uom\":\"MHz\"},\"erp\":{\"value\":2000,\"uom\":\"W\"},\"standard\":87,\"purpose\":\"colo_void\"},{\"band\":{\"value\":[2496,2690],\"uom\":\"MHz\"},\"erp\":{\"value\":500,\"uom\":\"W\"},\"standard\":88,\"purpose\":\"colo_void\"},{\"band\":{\"value\":[6,7],\"uom\":\"GHz\"},\"erp\":{\"value\":55,\"uom\":\"dBW\"},\"standard\":89,\"purpose\":\"colo_void\"},{\"band\":{\"value\":[10,11.7],\"uom\":\"GHz\"},\"erp\":{\"value\":55,\"uom\":\"dBW\"},\"standard\":90,\"purpose\":\"colo_void\"},{\"band\":{\"value\":[17.7,19.7],\"uom\":\"GHz\"},\"erp\":{\"value\":55,\"uom\":\"dBW\"},\"standard\":91,\"purpose\":\"colo_void\"},{\"band\":{\"value\":[21.2,23.6],\"uom\":\"GHz\"},\"erp\":{\"value\":55,\"uom\":\"dBW\"},\"standard\":92,\"purpose\":\"colo_void\"},{\"band\":{\"value\":[614,698],\"uom\":\"MHz\"},\"erp\":{\"value\":1000,\"uom\":\"W\"},\"standard\":93,\"purpose\":\"data_entry\"},{\"band\":{\"value\":[614,698],\"uom\":\"MHz\"},\"erp\":{\"value\":2000,\"uom\":\"W\"},\"standard\":94,\"purpose\":\"data_entry\"}]}"
2025-AAL-308-NRA,,Determined - No Hazard,To Proponent,2025-03-27,2025-03-27,2025-04-30,,62.45350833,-157.99548333,4D,,,Portable Remote Fuel Blad,FLAT,Yukon-Koyukuk,290,AK,FLAT,0,,Y,The Alaska Division of Forestry and Fire Protection is planning to utilize the Flat  AK airport to base a Type 3 helicopter for the summer 2025. Due to the airport&apos;s lack of FBO or OAS carded fuel providers  a temporary portable fuel bladder will be established (2000 gallon Jet-A) by the Alaska Fire Service. The bladder will be contained in a containment berm  will be approximately 23 ft in diameter  and will have no portion taller than approximately 4 feet off the ground.,,New Construction,Temporary,0,4,2025-06-01,2025-10-01,,,FUEL_SYSTEM,,,4,284,,,288,Alaska Division of Forestry and Fire Protection,chris ferguson,,
2025-AAL-308-OE,,Determined - No Hazard,No Hazard,2025-05-06,2025-05-06,2025-05-20,2026-11-20,58.726325,-157.01765833,4D,,,Bristol Bay-Fire prelim,Naknek,Bristol Bay,60,AK,NAKNEK,3303,154.6,,Construct a 125' wireless communications facility (lattice) contained within a 50'x50' fenced compound.,133 SECOND st  Naknek  AK 99633,New Construction,Permanent,,,,,,,TOWER$ANTENNA,125,,125,19,144,,144,Atlas Tower Group,"ATLAS TOWER 1, LLC",658523138-659984795,"{\"frequencies\":[{\"band\":{\"value\":[806,824],\"uom\":\"MHz\"},\"erp\":{\"value\":500,\"uom\":\"W\"},\"standard\":1,\"purpose\":\"colo_void\"},{\"band\":{\"value\":[824,849],\"uom\":\"MHz\"},\"erp\":{\"value\":500,\"uom\":\"W\"},\"standard\":2,\"purpose\":\"colo_void\"},{\"band\":{\"value\":[851,866],\"uom\":\"MHz\"},\"erp\":{\"value\":500,\"uom\":\"W\"},\"standard\":3,\"purpose\":\"colo_void\"},{\"band\":{\"value\":[869,894],\"uom\":\"MHz\"},\"erp\":{\"value\":500,\"uom\":\"W\"},\"standard\":4,\"purpose\":\"colo_void\"},{\"band\":{\"value\":[896,901],\"uom\":\"MHz\"},\"erp\":{\"value\":500,\"uom\":\"W\"},\"standard\":5,\"purpose\":\"colo_void\"},{\"band\":{\"value\":[901,902],\"uom\":\"MHz\"},\"erp\":{\"value\":7,\"uom\":\"W\"},\"standard\":6,\"purpose\":\"colo_void\"},{\"band\":{\"value\":[930,931],\"uom\":\"MHz\"},\"erp\":{\"value\":3500,\"uom\":\"W\"},\"standard\":7,\"purpose\":\"colo_void\"},{\"band\":{\"value\":[931,932],\"uom\":\"MHz\"},\"erp\":{\"value\":3500,\"uom\":\"W\"},\"standard\":8,\"purpose\":\"colo_void\"},{\"band\":{\"value\":[932,932.5],\"uom\":\"MHz\"},\"erp\":{\"value\":17,\"uom\":\"dBW\"},\"standard\":9,\"purpose\":\"colo_void\"},{\"band\":{\"value\":[935,940],\"uom\":\"MHz\"},\"erp\":{\"value\":1000,\"uom\":\"W\"},\"standard\":10,\"purpose\":\"colo_void\"},{\"band\":{\"value\":[940,941],\"uom\":\"MHz\"},\"erp\":{\"value\":3500,\"uom\":\"W\"},\"standard\":11,\"purpose\":\"colo_void\"},{\"band\":{\"value\":[1850,1910],\"uom\":\"MHz\"},\"erp\":{\"value\":1640,\"uom\":\"W\"},\"standard\":12,\"purpose\":\"colo_void\"},{\"band\":{\"value\":[1930,1990],\"uom\":\"MHz\"},\"erp\":{\"value\":1640,\"uom\":\"W\"},\"standard\":13,\"purpose\":\"colo_void\"},{\"band\":{\"value\":[2305,2310],\"uom\":\"MHz\"},\"erp\":{\"value\":2000,\"uom\":\"W\"},\"standard\":14,\"purpose\":\"colo_void\"},{\"band\":{\"value\":[2345,2360],\"uom\":\"MHz\"},\"erp\":{\"value\":2000,\"uom\":\"W\"},\"standard\":15,\"purpose\":\"colo_void\"},{\"band\":{\"value\":[698,806],\"uom\":\"MHz\"},\"erp\":{\"value\":1000,\"uom\":\"W\"},\"standard\":16,\"purpose\":\"colo_void\"},{\"band\":{\"value\":[6,7],\"uom\":\"GHz\"},\"erp\":{\"value\":42,\"uom\":\"dBW\"},\"standard\":76,\"purpose\":\"colo_void\"},{\"band\":{\"value\":[10,11.7],\"uom\":\"GHz\"},\"erp\":{\"value\":42,\"uom\":\"dBW\"},\"standard\":77,\"purpose\":\"colo_void\"},{\"band\":{\"value\":[17.7,19.7],\"uom\":\"GHz\"},\"erp\":{\"value\":42,\"uom\":\"dBW\"},\"standard\":78,\"purpose\":\"colo_void\"},{\"band\":{\"value\":[21.2,23.6],\"uom\":\"GHz\"},\"erp\":{\"value\":42,\"uom\":\"dBW\"},\"standard\":79,\"purpose\":\"colo_void\"},{\"band\":{\"value\":[806,901],\"uom\":\"MHz\"},\"erp\":{\"value\":500,\"uom\":\"W\"},\"standard\":80,\"purpose\":\"colo_void\"},{\"band\":{\"value\":[929,932],\"uom\":\"MHz\"},\"erp\":{\"value\":3500,\"uom\":\"W\"},\"standard\":81,\"purpose\":\"colo_void\"},{\"band\":{\"value\":[1670,1675],\"uom\":\"MHz\"},\"erp\":{\"value\":500,\"uom\":\"W\"},\"standard\":82,\"purpose\":\"colo_void\"},{\"band\":{\"value\":[1710,1755],\"uom\":\"MHz\"},\"erp\":{\"value\":500,\"uom\":\"W\"},\"standard\":83,\"purpose\":\"colo_void\"},{\"band\":{\"value\":[1850,1990],\"uom\":\"MHz\"},\"erp\":{\"value\":1640,\"uom\":\"W\"},\"standard\":84,\"purpose\":\"colo_void\"},{\"band\":{\"value\":[1990,2025],\"uom\":\"MHz\"},\"erp\":{\"value\":500,\"uom\":\"W\"},\"standard\":85,\"purpose\":\"colo_void\"},{\"band\":{\"value\":[2110,2200],\"uom\":\"MHz\"},\"erp\":{\"value\":500,\"uom\":\"W\"},\"standard\":86,\"purpose\":\"colo_void\"},{\"band\":{\"value\":[2305,2360],\"uom\":\"MHz\"},\"erp\":{\"value\":2000,\"uom\":\"W\"},\"standard\":87,\"purpose\":\"colo_void\"},{\"band\":{\"value\":[2496,2690],\"uom\":\"MHz\"},\"erp\":{\"value\":500,\"uom\":\"W\"},\"standard\":88,\"purpose\":\"colo_void\"},{\"band\":{\"value\":[6,7],\"uom\":\"GHz\"},\"erp\":{\"value\":55,\"uom\":\"dBW\"},\"standard\":89,\"purpose\":\"colo_void\"},{\"band\":{\"value\":[10,11.7],\"uom\":\"GHz\"},\"erp\":{\"value\":55,\"uom\":\"dBW\"},\"standard\":90,\"purpose\":\"colo_void\"},{\"band\":{\"value\":[17.7,19.7],\"uom\":\"GHz\"},\"erp\":{\"value\":55,\"uom\":\"dBW\"},\"standard\":91,\"purpose\":\"colo_void\"},{\"band\":{\"value\":[21.2,23.6],\"uom\":\"GHz\"},\"erp\":{\"value\":55,\"uom\":\"dBW\"},\"standard\":92,\"purpose\":\"colo_void\"},{\"band\":{\"value\":[614,698],\"uom\":\"MHz\"},\"erp\":{\"value\":1000,\"uom\":\"W\"},\"standard\":93,\"purpose\":\"data_entry\"},{\"band\":{\"value\":[614,698],\"uom\":\"MHz\"},\"erp\":{\"value\":2000,\"uom\":\"W\"},\"standard\":94,\"purpose\":\"data_entry\"}]}"
2025-AAL-309-NRA,,Determined - No Hazard,To Proponent,2025-03-27,2025-03-27,2025-04-30,,62.45349444,-157.99545833,4D,,,Portable Temporary Fuel,FLAT,Yukon-Koyukuk,290,AK,FLAT,0,,Y,The Alaska Division of Forestry and Fire Protection is planning to utilize the Flat  AK airport to base a Type 3 helicopter for the summer 2025. Due to the airport&apos;s lack of FBO or OAS carded fuel providers  a temporary portable fuel bladder will be established (2000 gallon Jet-A) by the Alaska Fire Service. The bladder will be contained in a containment berm  will be approximately 23 ft in diameter  and will have no portion taller than approximately 4 feet off the ground.,,New Construction,Temporary,0,4,2025-06-01,2025-10-01,,,FUEL_SYSTEM,,,4,284,,,288,Alaska Division of Forestry and Fire Protection,chris ferguson,,
2025-AAL-309-OE,,Determined - No Hazard,No Hazard,2025-05-06,2025-05-06,2025-05-20,2026-11-20,58.72623056,-157.01868333,4D,,,Bristol Bay-George K prelim,Naknek,Bristol Bay,60,AK,NAKNEK,3256,157.9,,Construct a 125' wireless communications facility (lattice) contained within a 50'x50' fenced compound,191 SECOND st  Naknek  AK 99633,New Construction,Permanent,,,,,,,TOWER$ANTENNA,125,,125,28,153,,153,Atlas Tower Group,"ATLAS TOWER 1, LLC",658523779-659984797,"{\"frequencies\":[{\"band\":{\"value\":[806,824],\"uom\":\"MHz\"},\"erp\":{\"value\":500,\"uom\":\"W\"},\"standard\":1,\"purpose\":\"colo_void\"},{\"band\":{\"value\":[824,849],\"uom\":\"MHz\"},\"erp\":{\"value\":500,\"uom\":\"W\"},\"standard\":2,\"purpose\":\"colo_void\"},{\"band\":{\"value\":[851,866],\"uom\":\"MHz\"},\"erp\":{\"value\":500,\"uom\":\"W\"},\"standard\":3,\"purpose\":\"colo_void\"},{\"band\":{\"value\":[869,894],\"uom\":\"MHz\"},\"erp\":{\"value\":500,\"uom\":\"W\"},\"standard\":4,\"purpose\":\"colo_void\"},{\"band\":{\"value\":[896,901],\"uom\":\"MHz\"},\"erp\":{\"value\":500,\"uom\":\"W\"},\"standard\":5,\"purpose\":\"colo_void\"},{\"band\":{\"value\":[901,902],\"uom\":\"MHz\"},\"erp\":{\"value\":7,\"uom\":\"W\"},\"standard\":6,\"purpose\":\"colo_void\"},{\"band\":{\"value\":[930,931],\"uom\":\"MHz\"},\"erp\":{\"value\":3500,\"uom\":\"W\"},\"standard\":7,\"purpose\":\"colo_void\"},{\"band\":{\"value\":[931,932],\"uom\":\"MHz\"},\"erp\":{\"value\":3500,\"uom\":\"W\"},\"standard\":8,\"purpose\":\"colo_void\"},{\"band\":{\"value\":[932,932.5],\"uom\":\"MHz\"},\"erp\":{\"value\":17,\"uom\":\"dBW\"},\"standard\":9,\"purpose\":\"colo_void\"},{\"band\":{\"value\":[935,940],\"uom\":\"MHz\"},\"erp\":{\"value\":1000,\"uom\":\"W\"},\"standard\":10,\"purpose\":\"colo_void\"},{\"band\":{\"value\":[940,941],\"uom\":\"MHz\"},\"erp\":{\"value\":3500,\"uom\":\"W\"},\"standard\":11,\"purpose\":\"colo_void\"},{\"band\":{\"value\":[1850,1910],\"uom\":\"MHz\"},\"erp\":{\"value\":1640,\"uom\":\"W\"},\"standard\":12,\"purpose\":\"colo_void\"},{\"band\":{\"value\":[1930,1990],\"uom\":\"MHz\"},\"erp\":{\"value\":1640,\"uom\":\"W\"},\"standard\":13,\"purpose\":\"colo_void\"},{\"band\":{\"value\":[2305,2310],\"uom\":\"MHz\"},\"erp\":{\"value\":2000,\"uom\":\"W\"},\"standard\":14,\"purpose\":\"colo_void\"},{\"band\":{\"value\":[2345,2360],\"uom\":\"MHz\"},\"erp\":{\"value\":2000,\"uom\":\"W\"},\"standard\":15,\"purpose\":\"colo_void\"},{\"band\":{\"value\":[698,806],\"uom\":\"MHz\"},\"erp\":{\"value\":1000,\"uom\":\"W\"},\"standard\":16,\"purpose\":\"colo_void\"},{\"band\":{\"value\":[6,7],\"uom\":\"GHz\"},\"erp\":{\"value\":42,\"uom\":\"dBW\"},\"standard\":76,\"purpose\":\"colo_void\"},{\"band\":{\"value\":[10,11.7],\"uom\":\"GHz\"},\"erp\":{\"value\":42,\"uom\":\"dBW\"},\"standard\":77,\"purpose\":\"colo_void\"},{\"band\":{\"value\":[17.7,19.7],\"uom\":\"GHz\"},\"erp\":{\"value\":42,\"uom\":\"dBW\"},\"standard\":78,\"purpose\":\"colo_void\"},{\"band\":{\"value\":[21.2,23.6],\"uom\":\"GHz\"},\"erp\":{\"value\":42,\"uom\":\"dBW\"},\"standard\":79,\"purpose\":\"colo_void\"},{\"band\":{\"value\":[806,901],\"uom\":\"MHz\"},\"erp\":{\"value\":500,\"uom\":\"W\"},\"standard\":80,\"purpose\":\"colo_void\"},{\"band\":{\"value\":[929,932],\"uom\":\"MHz\"},\"erp\":{\"value\":3500,\"uom\":\"W\"},\"standard\":81,\"purpose\":\"colo_void\"},{\"band\":{\"value\":[1670,1675],\"uom\":\"MHz\"},\"erp\":{\"value\":500,\"uom\":\"W\"},\"standard\":82,\"purpose\":\"colo_void\"},{\"band\":{\"value\":[1710,1755],\"uom\":\"MHz\"},\"erp\":{\"value\":500,\"uom\":\"W\"},\"standard\":83,\"purpose\":\"colo_void\"},{\"band\":{\"value\":[1850,1990],\"uom\":\"MHz\"},\"erp\":{\"value\":1640,\"uom\":\"W\"},\"standard\":84,\"purpose\":\"colo_void\"},{\"band\":{\"value\":[1990,2025],\"uom\":\"MHz\"},\"erp\":{\"value\":500,\"uom\":\"W\"},\"standard\":85,\"purpose\":\"colo_void\"},{\"band\":{\"value\":[2110,2200],\"uom\":\"MHz\"},\"erp\":{\"value\":500,\"uom\":\"W\"},\"standard\":86,\"purpose\":\"colo_void\"},{\"band\":{\"value\":[2305,2360],\"uom\":\"MHz\"},\"erp\":{\"value\":2000,\"uom\":\"W\"},\"standard\":87,\"purpose\":\"colo_void\"},{\"band\":{\"value\":[2496,2690],\"uom\":\"MHz\"},\"erp\":{\"value\":500,\"uom\":\"W\"},\"standard\":88,\"purpose\":\"colo_void\"},{\"band\":{\"value\":[6,7],\"uom\":\"GHz\"},\"erp\":{\"value\":55,\"uom\":\"dBW\"},\"standard\":89,\"purpose\":\"colo_void\"},{\"band\":{\"value\":[10,11.7],\"uom\":\"GHz\"},\"erp\":{\"value\":55,\"uom\":\"dBW\"},\"standard\":90,\"purpose\":\"colo_void\"},{\"band\":{\"value\":[17.7,19.7],\"uom\":\"GHz\"},\"erp\":{\"value\":55,\"uom\":\"dBW\"},\"standard\":91,\"purpose\":\"colo_void\"},{\"band\":{\"value\":[21.2,23.6],\"uom\":\"GHz\"},\"erp\":{\"value\":55,\"uom\":\"dBW\"},\"standard\":92,\"purpose\":\"colo_void\"},{\"band\":{\"value\":[614,698],\"uom\":\"MHz\"},\"erp\":{\"value\":1000,\"uom\":\"W\"},\"standard\":93,\"purpose\":\"data_entry\"},{\"band\":{\"value\":[614,698],\"uom\":\"MHz\"},\"erp\":{\"value\":2000,\"uom\":\"W\"},\"standard\":94,\"purpose\":\"data_entry\"}]}"
2025-AAL-310-NRA,,Determined - No Hazard,To Proponent,2025-03-27,2025-03-27,2025-04-30,,62.453475,-157.99545833,4D,,,,FLAT,Yukon-Koyukuk,290,AK,FLAT,0,,Y,The Alaska Division of Forestry and Fire Protection is planning to utilize the Flat  AK airport to base a Type 3 helicopter for the summer 2025. Due to the airport&apos;s lack of FBO or OAS carded fuel providers  a temporary portable fuel bladder will be established (2000 gallon Jet-A) by the Alaska Fire Service. The bladder will be contained in a containment berm  will be approximately 23 ft in diameter  and will have no portion taller than approximately 4 feet off the ground.,,New Construction,Temporary,0,4,2025-06-01,2025-10-01,,,FUEL_SYSTEM,,,4,284,,,288,Alaska Division of Forestry and Fire Protection,chris ferguson,,
2025-AAL-310-OE,,Determined - No Hazard,No Hazard,2025-05-06,2025-05-06,2025-05-20,2026-11-20,58.72559722,-157.02184722,4D,,,Bristol Bay- Philip F Prelim,Naknek,Bristol Bay,60,AK,NAKNEK,3308,169.2,,Construct a 125' wireless communications facility (lattice) contained within a 50'x50' fenced compound,295 SECOND st  Naknek  AK 99633,New Construction,Permanent,,,,,,,TOWER$ANTENNA,125,,125,8,133,,133,Atlas Tower Group,"ATLAS TOWER 1, LLC",658524502-659984796,"{\"frequencies\":[{\"band\":{\"value\":[806,824],\"uom\":\"MHz\"},\"erp\":{\"value\":500,\"uom\":\"W\"},\"standard\":1,\"purpose\":\"colo_void\"},{\"band\":{\"value\":[824,849],\"uom\":\"MHz\"},\"erp\":{\"value\":500,\"uom\":\"W\"},\"standard\":2,\"purpose\":\"colo_void\"},{\"band\":{\"value\":[851,866],\"uom\":\"MHz\"},\"erp\":{\"value\":500,\"uom\":\"W\"},\"standard\":3,\"purpose\":\"colo_void\"},{\"band\":{\"value\":[869,894],\"uom\":\"MHz\"},\"erp\":{\"value\":500,\"uom\":\"W\"},\"standard\":4,\"purpose\":\"colo_void\"},{\"band\":{\"value\":[896,901],\"uom\":\"MHz\"},\"erp\":{\"value\":500,\"uom\":\"W\"},\"standard\":5,\"purpose\":\"colo_void\"},{\"band\":{\"value\":[901,902],\"uom\":\"MHz\"},\"erp\":{\"value\":7,\"uom\":\"W\"},\"standard\":6,\"purpose\":\"colo_void\"},{\"band\":{\"value\":[930,931],\"uom\":\"MHz\"},\"erp\":{\"value\":3500,\"uom\":\"W\"},\"standard\":7,\"purpose\":\"colo_void\"},{\"band\":{\"value\":[931,932],\"uom\":\"MHz\"},\"erp\":{\"value\":3500,\"uom\":\"W\"},\"standard\":8,\"purpose\":\"colo_void\"},{\"band\":{\"value\":[932,932.5],\"uom\":\"MHz\"},\"erp\":{\"value\":17,\"uom\":\"dBW\"},\"standard\":9,\"purpose\":\"colo_void\"},{\"band\":{\"value\":[935,940],\"uom\":\"MHz\"},\"erp\":{\"value\":1000,\"uom\":\"W\"},\"standard\":10,\"purpose\":\"colo_void\"},{\"band\":{\"value\":[940,941],\"uom\":\"MHz\"},\"erp\":{\"value\":3500,\"uom\":\"W\"},\"standard\":11,\"purpose\":\"colo_void\"},{\"band\":{\"value\":[1850,1910],\"uom\":\"MHz\"},\"erp\":{\"value\":1640,\"uom\":\"W\"},\"standard\":12,\"purpose\":\"colo_void\"},{\"band\":{\"value\":[1930,1990],\"uom\":\"MHz\"},\"erp\":{\"value\":1640,\"uom\":\"W\"},\"standard\":13,\"purpose\":\"colo_void\"},{\"band\":{\"value\":[2305,2310],\"uom\":\"MHz\"},\"erp\":{\"value\":2000,\"uom\":\"W\"},\"standard\":14,\"purpose\":\"colo_void\"},{\"band\":{\"value\":[2345,2360],\"uom\":\"MHz\"},\"erp\":{\"value\":2000,\"uom\":\"W\"},\"standard\":15,\"purpose\":\"colo_void\"},{\"band\":{\"value\":[698,806],\"uom\":\"MHz\"},\"erp\":{\"value\":1000,\"uom\":\"W\"},\"standard\":16,\"purpose\":\"colo_void\"},{\"band\":{\"value\":[6,7],\"uom\":\"GHz\"},\"erp\":{\"value\":42,\"uom\":\"dBW\"},\"standard\":76,\"purpose\":\"colo_void\"},{\"band\":{\"value\":[10,11.7],\"uom\":\"GHz\"},\"erp\":{\"value\":42,\"uom\":\"dBW\"},\"standard\":77,\"purpose\":\"colo_void\"},{\"band\":{\"value\":[17.7,19.7],\"uom\":\"GHz\"},\"erp\":{\"value\":42,\"uom\":\"dBW\"},\"standard\":78,\"purpose\":\"colo_void\"},{\"band\":{\"value\":[21.2,23.6],\"uom\":\"GHz\"},\"erp\":{\"value\":42,\"uom\":\"dBW\"},\"standard\":79,\"purpose\":\"colo_void\"},{\"band\":{\"value\":[806,901],\"uom\":\"MHz\"},\"erp\":{\"value\":500,\"uom\":\"W\"},\"standard\":80,\"purpose\":\"colo_void\"},{\"band\":{\"value\":[929,932],\"uom\":\"MHz\"},\"erp\":{\"value\":3500,\"uom\":\"W\"},\"standard\":81,\"purpose\":\"colo_void\"},{\"band\":{\"value\":[1670,1675],\"uom\":\"MHz\"},\"erp\":{\"value\":500,\"uom\":\"W\"},\"standard\":82,\"purpose\":\"colo_void\"},{\"band\":{\"value\":[1710,1755],\"uom\":\"MHz\"},\"erp\":{\"value\":500,\"uom\":\"W\"},\"standard\":83,\"purpose\":\"colo_void\"},{\"band\":{\"value\":[1850,1990],\"uom\":\"MHz\"},\"erp\":{\"value\":1640,\"uom\":\"W\"},\"standard\":84,\"purpose\":\"colo_void\"},{\"band\":{\"value\":[1990,2025],\"uom\":\"MHz\"},\"erp\":{\"value\":500,\"uom\":\"W\"},\"standard\":85,\"purpose\":\"colo_void\"},{\"band\":{\"value\":[2110,2200],\"uom\":\"MHz\"},\"erp\":{\"value\":500,\"uom\":\"W\"},\"standard\":86,\"purpose\":\"colo_void\"},{\"band\":{\"value\":[2305,2360],\"uom\":\"MHz\"},\"erp\":{\"value\":2000,\"uom\":\"W\"},\"standard\":87,\"purpose\":\"colo_void\"},{\"band\":{\"value\":[2496,2690],\"uom\":\"MHz\"},\"erp\":{\"value\":500,\"uom\":\"W\"},\"standard\":88,\"purpose\":\"colo_void\"},{\"band\":{\"value\":[6,7],\"uom\":\"GHz\"},\"erp\":{\"value\":55,\"uom\":\"dBW\"},\"standard\":89,\"purpose\":\"colo_void\"},{\"band\":{\"value\":[10,11.7],\"uom\":\"GHz\"},\"erp\":{\"value\":55,\"uom\":\"dBW\"},\"standard\":90,\"purpose\":\"colo_void\"},{\"band\":{\"value\":[17.7,19.7],\"uom\":\"GHz\"},\"erp\":{\"value\":55,\"uom\":\"dBW\"},\"standard\":91,\"purpose\":\"colo_void\"},{\"band\":{\"value\":[21.2,23.6],\"uom\":\"GHz\"},\"erp\":{\"value\":55,\"uom\":\"dBW\"},\"standard\":92,\"purpose\":\"colo_void\"},{\"band\":{\"value\":[614,698],\"uom\":\"MHz\"},\"erp\":{\"value\":1000,\"uom\":\"W\"},\"standard\":93,\"purpose\":\"data_entry\"},{\"band\":{\"value\":[614,698],\"uom\":\"MHz\"},\"erp\":{\"value\":2000,\"uom\":\"W\"},\"standard\":94,\"purpose\":\"data_entry\"}]}"
2025-AAL-311-NRA,,Determined - No Hazard,To Proponent,2025-03-27,2025-03-27,2025-04-30,,62.45345833,-157.99548333,4D,,,Portable Temporary Fuel,FLAT,Yukon-Koyukuk,290,AK,FLAT,0,,Y,The Alaska Division of Forestry and Fire Protection is planning to utilize the Flat  AK airport to base a Type 3 helicopter for the summer 2025. Due to the airport&apos;s lack of FBO or OAS carded fuel providers  a temporary portable fuel bladder will be established (2000 gallon Jet-A) by the Alaska Fire Service. The bladder will be contained in a containment berm  will be approximately 23 ft in diameter  and will have no portion taller than approximately 4 feet off the ground.,,New Construction,Temporary,0,4,2025-06-01,2025-10-01,,,FUEL_SYSTEM,,,4,284,,,288,Alaska Division of Forestry and Fire Protection,chris ferguson,,
2025-AAL-311-OE,2013-AAL-357-OE,Determined - No Hazard,No Hazard,2025-05-06,2025-05-06,2025-05-27,,70.63625278,-160.03075,1A,,,Wainwright ES Rohn 65 G 432,Wainwright,North Slope,185,AK,WAINWRIGHT,4419,261.7,,Refiling with 1A survey and adding the 600 and 14000-14500 frequencies,Tununiq Rd.  Se attached 1A survey,Existing,Permanent,,,,,,1295155,TOWER$ANTENNA,70,,70,39,109,,109,GCI,Alaska Wireless Network,658532066-660135901,"{\"frequencies\":[{\"band\":{\"value\":[806,824],\"uom\":\"MHz\"},\"erp\":{\"value\":500,\"uom\":\"W\"},\"standard\":1,\"purpose\":\"colo_void\"},{\"band\":{\"value\":[824,849],\"uom\":\"MHz\"},\"erp\":{\"value\":500,\"uom\":\"W\"},\"standard\":2,\"purpose\":\"colo_void\"},{\"band\":{\"value\":[851,866],\"uom\":\"MHz\"},\"erp\":{\"value\":500,\"uom\":\"W\"},\"standard\":3,\"purpose\":\"colo_void\"},{\"band\":{\"value\":[869,894],\"uom\":\"MHz\"},\"erp\":{\"value\":500,\"uom\":\"W\"},\"standard\":4,\"purpose\":\"colo_void\"},{\"band\":{\"value\":[896,901],\"uom\":\"MHz\"},\"erp\":{\"value\":500,\"uom\":\"W\"},\"standard\":5,\"purpose\":\"colo_void\"},{\"band\":{\"value\":[901,902],\"uom\":\"MHz\"},\"erp\":{\"value\":7,\"uom\":\"W\"},\"standard\":6,\"purpose\":\"colo_void\"},{\"band\":{\"value\":[930,931],\"uom\":\"MHz\"},\"erp\":{\"value\":3500,\"uom\":\"W\"},\"standard\":7,\"purpose\":\"colo_void\"},{\"band\":{\"value\":[931,932],\"uom\":\"MHz\"},\"erp\":{\"value\":3500,\"uom\":\"W\"},\"standard\":8,\"purpose\":\"colo_void\"},{\"band\":{\"value\":[932,932.5],\"uom\":\"MHz\"},\"erp\":{\"value\":17,\"uom\":\"dBW\"},\"standard\":9,\"purpose\":\"colo_void\"},{\"band\":{\"value\":[935,940],\"uom\":\"MHz\"},\"erp\":{\"value\":1000,\"uom\":\"W\"},\"standard\":10,\"purpose\":\"colo_void\"},{\"band\":{\"value\":[940,941],\"uom\":\"MHz\"},\"erp\":{\"value\":3500,\"uom\":\"W\"},\"standard\":11,\"purpose\":\"colo_void\"},{\"band\":{\"value\":[1850,1910],\"uom\":\"MHz\"},\"erp\":{\"value\":1640,\"uom\":\"W\"},\"standard\":12,\"purpose\":\"colo_void\"},{\"band\":{\"value\":[1930,1990],\"uom\":\"MHz\"},\"erp\":{\"value\":1640,\"uom\":\"W\"},\"standard\":13,\"purpose\":\"colo_void\"},{\"band\":{\"value\":[2305,2310],\"uom\":\"MHz\"},\"erp\":{\"value\":2000,\"uom\":\"W\"},\"standard\":14,\"purpose\":\"colo_void\"},{\"band\":{\"value\":[2345,2360],\"uom\":\"MHz\"},\"erp\":{\"value\":2000,\"uom\":\"W\"},\"standard\":15,\"purpose\":\"colo_void\"},{\"band\":{\"value\":[698,806],\"uom\":\"MHz\"},\"erp\":{\"value\":1000,\"uom\":\"W\"},\"standard\":16,\"purpose\":\"colo_void\"},{\"band\":{\"value\":[6,7],\"uom\":\"GHz\"},\"erp\":{\"value\":42,\"uom\":\"dBW\"},\"standard\":76,\"purpose\":\"colo_void\"},{\"band\":{\"value\":[10,11.7],\"uom\":\"GHz\"},\"erp\":{\"value\":42,\"uom\":\"dBW\"},\"standard\":77,\"purpose\":\"colo_void\"},{\"band\":{\"value\":[17.7,19.7],\"uom\":\"GHz\"},\"erp\":{\"value\":42,\"uom\":\"dBW\"},\"standard\":78,\"purpose\":\"colo_void\"},{\"band\":{\"value\":[21.2,23.6],\"uom\":\"GHz\"},\"erp\":{\"value\":42,\"uom\":\"dBW\"},\"standard\":79,\"purpose\":\"colo_void\"},{\"band\":{\"value\":[806,901],\"uom\":\"MHz\"},\"erp\":{\"value\":500,\"uom\":\"W\"},\"standard\":80,\"purpose\":\"colo_void\"},{\"band\":{\"value\":[929,932],\"uom\":\"MHz\"},\"erp\":{\"value\":3500,\"uom\":\"W\"},\"standard\":81,\"purpose\":\"colo_void\"},{\"band\":{\"value\":[1670,1675],\"uom\":\"MHz\"},\"erp\":{\"value\":500,\"uom\":\"W\"},\"standard\":82,\"purpose\":\"colo_void\"},{\"band\":{\"value\":[1710,1755],\"uom\":\"MHz\"},\"erp\":{\"value\":500,\"uom\":\"W\"},\"standard\":83,\"purpose\":\"colo_void\"},{\"band\":{\"value\":[1850,1990],\"uom\":\"MHz\"},\"erp\":{\"value\":1640,\"uom\":\"W\"},\"standard\":84,\"purpose\":\"colo_void\"},{\"band\":{\"value\":[1990,2025],\"uom\":\"MHz\"},\"erp\":{\"value\":500,\"uom\":\"W\"},\"standard\":85,\"purpose\":\"colo_void\"},{\"band\":{\"value\":[2110,2200],\"uom\":\"MHz\"},\"erp\":{\"value\":500,\"uom\":\"W\"},\"standard\":86,\"purpose\":\"colo_void\"},{\"band\":{\"value\":[2305,2360],\"uom\":\"MHz\"},\"erp\":{\"value\":2000,\"uom\":\"W\"},\"standard\":87,\"purpose\":\"colo_void\"},{\"band\":{\"value\":[2496,2690],\"uom\":\"MHz\"},\"erp\":{\"value\":500,\"uom\":\"W\"},\"standard\":88,\"purpose\":\"colo_void\"},{\"band\":{\"value\":[6,7],\"uom\":\"GHz\"},\"erp\":{\"value\":55,\"uom\":\"dBW\"},\"standard\":89,\"purpose\":\"colo_void\"},{\"band\":{\"value\":[10,11.7],\"uom\":\"GHz\"},\"erp\":{\"value\":55,\"uom\":\"dBW\"},\"standard\":90,\"purpose\":\"colo_void\"},{\"band\":{\"value\":[17.7,19.7],\"uom\":\"GHz\"},\"erp\":{\"value\":55,\"uom\":\"dBW\"},\"standard\":91,\"purpose\":\"colo_void\"},{\"band\":{\"value\":[21.2,23.6],\"uom\":\"GHz\"},\"erp\":{\"value\":55,\"uom\":\"dBW\"},\"standard\":92,\"purpose\":\"colo_void\"},{\"band\":{\"value\":[614,698],\"uom\":\"MHz\"},\"erp\":{\"value\":1000,\"uom\":\"W\"},\"standard\":93,\"purpose\":\"data_entry\"},{\"band\":{\"value\":[614,698],\"uom\":\"MHz\"},\"erp\":{\"value\":2000,\"uom\":\"W\"},\"standard\":94,\"purpose\":\"data_entry\"},{\"band\":{\"value\":[14000,14500],\"uom\":\"MHz\"},\"erp\":{\"value\":7,\"uom\":\"kW\"},\"standard\":false}],\"overlaps\":[{\"recorded\":\"2025-05-06T17:14:25Z\",\"reason\":\"StarLink (SpaceX) Over-the-Counter antenna operating in the Ku-Band, 47 CFR Part 25\"}]}"
2025-AAL-312-NRA,,Determined - No Hazard,To Proponent,2025-03-27,2025-03-27,2025-04-30,,62.45345278,-157.99552222,4D,,,Portable temporary fuel,FLAT,Yukon-Koyukuk,290,AK,FLAT,0,,Y,The Alaska Division of Forestry and Fire Protection is planning to utilize the Flat  AK airport to base a Type 3 helicopter for the summer 2025. Due to the airport&apos;s lack of FBO or OAS carded fuel providers  a temporary portable fuel bladder will be established (2000 gallon Jet-A) by the Alaska Fire Service. The bladder will be contained in a containment berm  will be approximately 23 ft in diameter  and will have no portion taller than approximately 4 feet off the ground.,,New Construction,Temporary,0,4,2025-06-01,2025-10-01,,,FUEL_SYSTEM,,,4,284,,,288,Alaska Division of Forestry and Fire Protection,chris ferguson,,
2025-AAL-312-OE,,Determined - No Hazard,No Hazard,2025-05-07,2025-05-07,2025-06-04,2026-12-04,60.57611111,-165.27083333,4D,,,Wastewater Treatment and Disposal Facility,Tununak,Bethel,50,AK,TUNUNAK,5030,298.6,,Construct a new wastewater treatment facility. See attach project description and figures,Proposed wastewater facility is 3 100 feet from the nearest edge of the airport apron &amp; 4 000 ft from the Runway 16 RSA,New Construction,Permanent,,,2025-07-01,2026-07-01,,,WASTEWATER_SYSTEM,24,,24,16,40,,40,ANTHC,ANTHC DEHE,658713183-661988470,
2025-AAL-313-NRA,,Determined - No Hazard,To Proponent,2025-03-27,2025-03-27,2025-04-30,,62.45345833,-157.99556389,4D,,,Portable temporary fuel,FLAT,Yukon-Koyukuk,290,AK,FLAT,0,,Y,The Alaska Division of Forestry and Fire Protection is planning to utilize the Flat  AK airport to base a Type 3 helicopter for the summer 2025. Due to the airport&apos;s lack of FBO or OAS carded fuel providers  a temporary portable fuel bladder will be established (2000 gallon Jet-A) by the Alaska Fire Service. The bladder will be contained in a containment berm  will be approximately 23 ft in diameter  and will have no portion taller than approximately 4 feet off the ground.,,New Construction,Temporary,0,4,2025-06-01,2025-10-01,,,FUEL_SYSTEM,,,4,284,,,288,Alaska Division of Forestry and Fire Protection,chris ferguson,,
2025-AAL-313-OE,2024-AAL-577-OE,Determined - No Hazard,No Hazard,2025-05-07,2025-05-07,2025-05-27,,70.32691944,-149.56095278,4D,,,T03,Deadhorse,North Slope,185,AK,UGNU-KUPARUK,4776,106.7,,A microwave radio tower to provide communications for the facility.,Tie-In Pad T03  near CPF1,Existing,Permanent,,,,,2025-04-29,,TOWER$ANTENNA,52,,52,57,109,,109,"North Slope Telecom, Inc.","North Slope Telecom, Inc.",658771685-660134803,"{\"frequencies\":[{\"band\":{\"value\":[11035,11525],\"uom\":\"MHz\"},\"erp\":{\"value\":27.34,\"uom\":\"dBm\"},\"standard\":false}]}"
2025-AAL-314-NRA,,Determined - No Hazard,To Proponent,2025-03-27,2025-03-27,2025-04-30,,62.453475,-157.99558889,4D,,,Portable Temporary Fuel,FLAT,Yukon-Koyukuk,290,AK,FLAT,0,,Y,The Alaska Division of Forestry and Fire Protection is planning to utilize the Flat  AK airport to base a Type 3 helicopter for the summer 2025. Due to the airport&apos;s lack of FBO or OAS carded fuel providers  a temporary portable fuel bladder will be established (2000 gallon Jet-A) by the Alaska Fire Service. The bladder will be contained in a containment berm  will be approximately 23 ft in diameter  and will have no portion taller than approximately 4 feet off the ground.,,New Construction,Temporary,0,4,2025-06-01,2025-10-01,,,FUEL_SYSTEM,,,4,284,,,288,Alaska Division of Forestry and Fire Protection,chris ferguson,,
2025-AAL-314-OE,,Determined - No Hazard,No Hazard,2025-05-09,2025-05-09,2025-06-05,2026-12-05,64.83953056,-147.60782222,4D,Red lights and flags,,65T Link-belt Crane,Fairbanks,Fairbanks North Star,90,AK,LADD AAF,1253,56,,Aleut Building Company  LLC is contracted with USACE to install new metal roofing on Bldg. 1557 (Hangar 1) at Fort Wainwright Alaska. Precision Cranes  Inc is providing and operating the crane for hoisting the metal roof materials.,65T Link-belt Crane with a maximum working tip height of 115 feet with a flashing red beacon and checkered orange and white airport flag attached to the tip of the boom (highest point of elevation for overall structure height),Alteration,Temporary,1,4,2025-06-02,2025-10-03,,,CRANE$MOBILE,115,,115,453,568,,568,"Aleut Building Company, LLC","Precision Cranes, Inc.",659015946-662116220,
2025-AAL-315-NRA,,Determined - No Hazard,To Proponent,2025-03-27,2025-03-27,2025-04-30,,62.45349444,-157.99558889,4D,,,Portable Temporary Fuel,FLAT,Yukon-Koyukuk,290,AK,FLAT,0,,Y,The Alaska Division of Forestry and Fire Protection is planning to utilize the Flat  AK airport to base a Type 3 helicopter for the summer 2025. Due to the airport&apos;s lack of FBO or OAS carded fuel providers  a temporary portable fuel bladder will be established (2000 gallon Jet-A) by the Alaska Fire Service. The bladder will be contained in a containment berm  will be approximately 23 ft in diameter  and will have no portion taller than approximately 4 feet off the ground.,,New Construction,Temporary,0,4,2025-06-01,2025-10-01,,,FUEL_SYSTEM,,,4,284,,,288,Alaska Division of Forestry and Fire Protection,chris ferguson,,
2025-AAL-315-OE,,Determined - No Hazard,No Hazard,2025-05-09,2025-05-10,2025-07-15,2027-01-15,64.84575,-147.90369444,4D,Red lights and paint,,Tower1,fairbanks,Fairbanks North Star,90,AK,FAIRBANKS INTL,13314,326.6,,new tower with colocation spot 1 one lte cell company,microwave 5ghz tower,New Construction,Permanent,,,2025-05-16,2025-07-25,,,TOWER$ANTENNA,168,,168,762,930,,930,Almendras Communications LLC,Thomas Sielicki,659031191-670015184,"{\"frequencies\":[{\"band\":{\"value\":[5700,5740],\"uom\":\"MHz\"},\"erp\":{\"value\":25,\"uom\":\"dBm\"},\"standard\":false}]}"
2025-AAL-316-NRA,,Determined - No Hazard,To Proponent,2025-03-27,2025-03-27,2025-04-30,,62.45350833,-157.99556389,4D,,,Temporary portable fuel,FLAT,Yukon-Koyukuk,290,AK,FLAT,0,,Y,The Alaska Division of Forestry and Fire Protection is planning to utilize the Flat  AK airport to base a Type 3 helicopter for the summer 2025. Due to the airport&apos;s lack of FBO or OAS carded fuel providers  a temporary portable fuel bladder will be established (2000 gallon Jet-A) by the Alaska Fire Service. The bladder will be contained in a containment berm  will be approximately 23 ft in diameter  and will have no portion taller than approximately 4 feet off the ground.,,New Construction,Temporary,1,4,2025-06-01,2025-10-01,,,FUEL_SYSTEM,,,4,284,,,288,Alaska Division of Forestry and Fire Protection,chris ferguson,,
2025-AAL-316-OE,,Determined - No Hazard,No Hazard,2025-05-14,2025-05-14,2025-06-03,2026-12-03,64.74011111,-156.96116944,4D,,,Excavator and drill rig,Galena,Yukon-Koyukuk,290,AK,EDWARD G PITKA SR,4400,289,,Excavation and removal of water barrier above buried tank and replacement of water barrier above tank. Monitoring well installation,Tank storage farm northwest of runway.,New Construction,Temporary,0,3,2025-06-02,2025-08-29,,,CONSTRUCTION$VEHICLE,25,,25,173,198,,198,Parsons,Parsons Government Service,659521364-661616993,
2025-AAL-317-NRA,,Determined - No Hazard,To Proponent,2025-03-27,2025-03-27,2025-04-30,,62.45351389,-157.99552222,4D,,,Portable temporary fuel,FLAT,Yukon-Koyukuk,290,AK,FLAT,0,,Y,The Alaska Division of Forestry and Fire Protection is planning to utilize the Flat  AK airport to base a Type 3 helicopter for the summer 2025. Due to the airport&apos;s lack of FBO or OAS carded fuel providers  a temporary portable fuel bladder will be established (2000 gallon Jet-A) by the Alaska Fire Service. The bladder will be contained in a containment berm  will be approximately 23 ft in diameter  and will have no portion taller than approximately 4 feet off the ground.,,New Construction,Temporary,0,4,2025-06-01,2025-10-01,,,FUEL_SYSTEM,,,4,284,,,288,Alaska Division of Forestry and Fire Protection,chris ferguson,,
2025-AAL-317-OE,,Determined - No Hazard,No Hazard,2025-05-16,2025-05-16,2025-06-03,2026-12-03,66.25461111,-166.06993889,4D,,,ATN-Shishmaref,Shishmaref,Nome,180,AK,SHISHMAREF,3404,57.3,,"Applicant proposes to build a\r\nmonopole on top of an existing building. The overall height\r\nof the structure to the tip is 24'\r\nAGL","Site is located in the Native Village\r\nof Shishmaref",New Construction,Permanent,,,2025-07-14,2025-07-21,,,POLE$MONO,24,,24,10,34,,34,Alaska Tribal Spectrum,Alaska Tribal Spectrum,659763495-661616265,"{\"frequencies\":[{\"band\":{\"value\":[2496,2690],\"uom\":\"MHz\"},\"erp\":{\"value\":500,\"uom\":\"W\"},\"standard\":88,\"purpose\":\"colo_void\"}]}"
2025-AAL-318-OE,,Determined - No Hazard,No Hazard,2025-05-16,2025-05-16,2025-06-03,2026-12-03,55.92095833,-159.14679444,4D,,,ATN-Perryville,Perryville,Lake and Peninsula,164,AK,PERRYVILLE,5944,29,,Structure consists of a monopole with an antenna with an overall height of 12 ft AGL,Site is located next to the Tsunami Center in the Village of Perryville,New Construction,Permanent,,,2025-07-11,2025-07-15,,,POLE$MONO,12,,12,148,160,,160,Alaska Tribal Spectrum,Alaska Tribal Spectrum,659768707-661588681,"{\"frequencies\":[{\"band\":{\"value\":[2496,2690],\"uom\":\"MHz\"},\"erp\":{\"value\":500,\"uom\":\"W\"},\"standard\":88,\"purpose\":\"colo_void\"}]}"
2025-AAL-319-OE,,Determined - No Hazard,No Hazard,2025-05-27,2025-05-27,2025-06-20,2026-12-20,61.26880556,-149.64005556,4D,,,HF Log Periodic Antenna,Anchorage,Anchorage,20,AK,BRYANT AAF,2465,69,,To erect a 100' high tower with topped by a 55' horizontal Log Periodic HF band antenna,Next to the Alaska National Guard Armory  three story building.,New Construction,Permanent,,,2022-06-01,2022-06-30,,,TOWER$ANTENNA,100,,100,399,499,,499,State of Alaska Emergency Management,State of Alaska Emergency Management,660163290-664337466,"{\"frequencies\":[{\"band\":{\"value\":[2,30],\"uom\":\"MHz\"},\"erp\":{\"value\":1,\"uom\":\"kW\"},\"standard\":false}]}"
2025-AAL-320-OE,,Determined - No Hazard,No Hazard,2025-05-28,2025-05-28,2025-06-03,2026-12-03,66.8894444,-157.1362333,4D,,,SIDE Mount: Shungnak School Rooftop 4743,Shungnak,Northwest Arctic,188,AK,SHUNGNAK,3797,82,,GCI proposes to mount a communications antenna to the top of an existing 39 foot building.  The overall height of the antenna will be 42 feet AGL,On the rooftop of the Shungnak School at 6 West River Road.,Existing,Permanent,,,,,,,TOWER$ANTENNA,42,,42,176,218,,218,Cindy Hall,GCI Communication Corp,660278835-661616622,"{\"frequencies\":[{\"band\":{\"value\":[\"14000.0\",\"14500.0\"],\"uom\":\"MHz\"},\"erp\":{\"value\":\"7\",\"uom\":\"kW\"},\"overlap\":{\"standards\":[73],\"reason\":\"LEO user terminal operating in the Ku-Band, 47 CFR Part 25\",\"recorded\":\"2025-05-28T21:04:25.757Z\"},\"standard\":false}]}"
2025-AAL-321-OE,,Determined - No Hazard,No Hazard,2025-05-28,2025-05-28,2025-06-20,,66.9080126,-156.8821253,4D,,,SIDEMOUNT: Kobuk School Rooftop 4744,Kobuk,Northwest Arctic,188,AK,KOBUK,2696,126,,GCI proposes to mount a communication antenna on the rooftop of the existing 41 foot school building.  The overall height of the antenna will be 44 feet AGL,On the rooftop of the Kobuk School at 101 Mushers Way,Existing,Permanent,,,,,,,TOWER$ANTENNA,44,,44,129,173,,173,Cindy Hall,GCI Communication Corp,660280537-664337502,"{\"frequencies\":[{\"band\":{\"value\":[\"14000.0\",\"14500.0\"],\"uom\":\"MHz\"},\"erp\":{\"value\":\"7\",\"uom\":\"kW\"},\"overlap\":{\"standards\":[73],\"reason\":\"LEO user terminal operating in the Ku-Band, 47 CFR Part 25\",\"recorded\":\"2025-05-28T21:21:43.031Z\"},\"standard\":false}]}"
2025-AAL-322-OE,,Determined - No Hazard,No Hazard,2025-05-28,2025-05-28,2025-06-20,,67.0854898,-157.8604379,4D,,,SIDE MOUNT: Ambler School Rooftop 4742,Ambler,Northwest Arctic,188,AK,AMBLER,7592,184,,GCI Proposes to mount a communication antenna to the rooftop of the existing 46 foot building.  The overall height of the antenna will be 49 feet AGL,Mounted on the rooftop of the Ambler School at 109 Ambler Dr.,Existing,Permanent,,,,,,,TOWER$ANTENNA,49,,49,127,176,,176,Cindy Hall,GCI Communication Corp,660281371-664337545,"{\"frequencies\":[{\"band\":{\"value\":[\"14000.0\",\"14500.0\"],\"uom\":\"MHz\"},\"erp\":{\"value\":\"7\",\"uom\":\"kW\"},\"overlap\":{\"standards\":[73],\"reason\":\"LEO user terminal operating in the Ku-Band, 47 CFR Part 25\",\"recorded\":\"2025-05-28T21:32:45.429Z\"},\"standard\":false}]}"
2025-AAL-323-OE,,Determined - No Hazard,No Hazard,2025-05-28,2025-05-28,2025-06-16,2026-12-16,64.50235962,-165.38141951,4D,,,Tadano GTC1300,Nome,Nome,180,AK,NOME CITY FLD,3594,157,,Northwest point that the crane could be located at,Northwest corner of pad,New Construction,Temporary,0,3,2025-06-09,2025-09-09,,,CRANE,120,126,165,63,183,189,228,Arcadis,Arcadis,660285831-663075804,
2025-AAL-324-OE,,Determined - No Hazard,No Hazard,2025-05-28,2025-05-28,2025-06-16,2026-12-16,64.50196248,-165.38028391,4D,,,Tadano GTC1300,Nome,Nome,180,AK,NOME CITY FLD,3799,156,,This is the most northwest point where the crane could be operating,Northeast corner,New Construction,Temporary,0,3,2025-06-09,2025-09-09,,,CRANE,120,122,165,67,187,189,232,Arcadis,Arcadis,660285966-663077001,
2025-AAL-325-OE,,Determined - No Hazard,No Hazard,2025-05-28,2025-05-28,2025-06-16,2026-12-16,64.49983394,-165.38492175,4D,,,Tadano GTC1300,Nome,Nome,180,AK,NOME CITY FLD,4320,169,,This is the most southeastern location where the crane may be operating,Southeast corner of pad,New Construction,Temporary,9,3,2025-06-09,2025-09-09,,,CRANE,120,126,165,46,166,172,211,Arcadis,Arcadis,660286077-663076728,
2025-AAL-326-OE,,Determined - No Hazard,No Hazard,2025-05-28,2025-05-28,2025-06-16,2026-12-16,64.50024227,-165.38613014,4D,,,Tadano GTC1300,Nome,Nome,180,AK,NOME CITY FLD,4140,171,,This is the most southwest corner where the crane could be operating,southwest corner of pad,New Construction,Temporary,0,3,2025-06-09,2025-09-09,,,CRANE,120,142,165,47,167,189,212,Arcadis,Arcadis,660286199-663077167,
2025-AAL-327-OE,,Determined - No Hazard,No Hazard,2025-05-29,2025-05-29,2025-06-20,2026-12-20,68.3462025,-166.7287139,1A,,,Point Hope 4649,Point Hope,North Slope,185,AK,POINT HOPE,9542,94,,AWN is proposing to replace the existing 76' tower (2009-AAL-70-OE) with a new 78' structure.,Within the community of Point Hope  South end of town.  See attached 1A survey,New Construction,Permanent,,,,,,,TOWER$ANTENNA,78,,78,19,97,,97,Cindy Hall,Alaska Wireless Network,660426555-664337581,"{\"frequencies\":[{\"band\":{\"value\":[806,824],\"uom\":\"MHz\"},\"erp\":{\"value\":500,\"uom\":\"W\"},\"standard\":1},{\"band\":{\"value\":[824,849],\"uom\":\"MHz\"},\"erp\":{\"value\":500,\"uom\":\"W\"},\"standard\":2},{\"band\":{\"value\":[851,866],\"uom\":\"MHz\"},\"erp\":{\"value\":500,\"uom\":\"W\"},\"standard\":3},{\"band\":{\"value\":[869,894],\"uom\":\"MHz\"},\"erp\":{\"value\":500,\"uom\":\"W\"},\"standard\":4},{\"band\":{\"value\":[896,901],\"uom\":\"MHz\"},\"erp\":{\"value\":500,\"uom\":\"W\"},\"standard\":5},{\"band\":{\"value\":[901,902],\"uom\":\"MHz\"},\"erp\":{\"value\":7,\"uom\":\"W\"},\"standard\":6},{\"band\":{\"value\":[930,931],\"uom\":\"MHz\"},\"erp\":{\"value\":3500,\"uom\":\"W\"},\"standard\":7},{\"band\":{\"value\":[931,932],\"uom\":\"MHz\"},\"erp\":{\"value\":3500,\"uom\":\"W\"},\"standard\":8},{\"band\":{\"value\":[932,932.5],\"uom\":\"MHz\"},\"erp\":{\"value\":17,\"uom\":\"dBW\"},\"standard\":9},{\"band\":{\"value\":[935,940],\"uom\":\"MHz\"},\"erp\":{\"value\":1000,\"uom\":\"W\"},\"standard\":10},{\"band\":{\"value\":[940,941],\"uom\":\"MHz\"},\"erp\":{\"value\":3500,\"uom\":\"W\"},\"standard\":11},{\"band\":{\"value\":[1850,1910],\"uom\":\"MHz\"},\"erp\":{\"value\":1640,\"uom\":\"W\"},\"standard\":12},{\"band\":{\"value\":[1930,1990],\"uom\":\"MHz\"},\"erp\":{\"value\":1640,\"uom\":\"W\"},\"standard\":13},{\"band\":{\"value\":[2305,2310],\"uom\":\"MHz\"},\"erp\":{\"value\":2000,\"uom\":\"W\"},\"standard\":14},{\"band\":{\"value\":[2345,2360],\"uom\":\"MHz\"},\"erp\":{\"value\":2000,\"uom\":\"W\"},\"standard\":15},{\"band\":{\"value\":[698,806],\"uom\":\"MHz\"},\"erp\":{\"value\":1000,\"uom\":\"W\"},\"standard\":16},{\"band\":{\"value\":[6,7],\"uom\":\"GHz\"},\"erp\":{\"value\":42,\"uom\":\"dBW\"},\"standard\":76},{\"band\":{\"value\":[10,11.7],\"uom\":\"GHz\"},\"erp\":{\"value\":42,\"uom\":\"dBW\"},\"standard\":77},{\"band\":{\"value\":[17.7,19.7],\"uom\":\"GHz\"},\"erp\":{\"value\":42,\"uom\":\"dBW\"},\"standard\":78},{\"band\":{\"value\":[21.2,23.6],\"uom\":\"GHz\"},\"erp\":{\"value\":42,\"uom\":\"dBW\"},\"standard\":79},{\"band\":{\"value\":[806,901],\"uom\":\"MHz\"},\"erp\":{\"value\":500,\"uom\":\"W\"},\"standard\":80},{\"band\":{\"value\":[929,932],\"uom\":\"MHz\"},\"erp\":{\"value\":3500,\"uom\":\"W\"},\"standard\":81},{\"band\":{\"value\":[1670,1675],\"uom\":\"MHz\"},\"erp\":{\"value\":500,\"uom\":\"W\"},\"standard\":82},{\"band\":{\"value\":[1710,1755],\"uom\":\"MHz\"},\"erp\":{\"value\":500,\"uom\":\"W\"},\"standard\":83},{\"band\":{\"value\":[1850,1990],\"uom\":\"MHz\"},\"erp\":{\"value\":1640,\"uom\":\"W\"},\"standard\":84},{\"band\":{\"value\":[1990,2025],\"uom\":\"MHz\"},\"erp\":{\"value\":500,\"uom\":\"W\"},\"standard\":85},{\"band\":{\"value\":[2110,2200],\"uom\":\"MHz\"},\"erp\":{\"value\":500,\"uom\":\"W\"},\"standard\":86},{\"band\":{\"value\":[2305,2360],\"uom\":\"MHz\"},\"erp\":{\"value\":2000,\"uom\":\"W\"},\"standard\":87},{\"band\":{\"value\":[2496,2690],\"uom\":\"MHz\"},\"erp\":{\"value\":500,\"uom\":\"W\"},\"standard\":88},{\"band\":{\"value\":[6,7],\"uom\":\"GHz\"},\"erp\":{\"value\":55,\"uom\":\"dBW\"},\"standard\":89},{\"band\":{\"value\":[10,11.7],\"uom\":\"GHz\"},\"erp\":{\"value\":55,\"uom\":\"dBW\"},\"standard\":90},{\"band\":{\"value\":[17.7,19.7],\"uom\":\"GHz\"},\"erp\":{\"value\":55,\"uom\":\"dBW\"},\"standard\":91},{\"band\":{\"value\":[21.2,23.6],\"uom\":\"GHz\"},\"erp\":{\"value\":55,\"uom\":\"dBW\"},\"standard\":92},{\"band\":{\"value\":[614,698],\"uom\":\"MHz\"},\"erp\":{\"value\":1000,\"uom\":\"W\"},\"standard\":93},{\"band\":{\"value\":[614,698],\"uom\":\"MHz\"},\"erp\":{\"value\":2000,\"uom\":\"W\"},\"standard\":94},{\"band\":{\"value\":[869,894],\"uom\":\"MHz\"},\"erp\":{\"value\":56,\"uom\":\"dBm\"},\"standard\":false},{\"band\":{\"value\":[2400,2480],\"uom\":\"MHz\"},\"erp\":{\"value\":33.85,\"uom\":\"dBW\"},\"standard\":false},{\"band\":{\"value\":[\"14000.0\",\"14500.0\"],\"uom\":\"MHz\"},\"erp\":{\"value\":\"7\",\"uom\":\"kW\"},\"overlap\":{\"standards\":[73],\"reason\":\"LEO user terminal operating in the Ku-Band, 47 CFR Part 25\",\"recorded\":\"2025-05-29T18:02:01.508Z\"},\"standard\":false}]}"
2025-AAL-328-OE,,Determined - No Hazard,No Hazard,2025-05-29,2025-05-29,2025-06-16,2026-12-16,60.70686944,-161.7699,4D,,,Napaskiak Wood Utility Pole 4846,NAPASKIAK,Bethel,50,AK,NAPASKIAK,2088,46,,GCI proposes to construct a wood utility pole on the site of its wireless tower for fiber installation,At the Napaskiak CLS,New Construction,Permanent,,,,,,,POLE,17,,17,18,35,,35,Cindy Hall,GCI Communication Corp,660447573-663053050,
2025-AAL-329-OE,,Determined - No Hazard,No Hazard,2025-05-29,2025-05-29,2025-06-30,2026-12-30,64.73968819,-156.95757825,4D,,,Soil Drilling Rig,Galena,Yukon-Koyukuk,290,AK,EDWARD G PITKA SR,3819,290,,The primary objective is to remove impacted areas (“hot spots”) at Site CST011  SS016  and SS018 where cleanup level exceedances were identified in previous investigations (Parsons 2022c  Parsons 2023a  CH2M 2022). Summary of work is as follows: mobilize crew and equipment to perform site setup; collect analytical soil samples from each proposed excavation for PFAS to confirm soil can be treated at the Galena Landfarm; excavate contaminated soil for treatment at the Galena Landfarm; management of soil stockpiles; survey sample locations  excavation boundaries  and other site features; site restoration and backfill; demobilize crew and equipment from the project site.,Site SS018,New Construction,Temporary,25,2,2025-06-05,2025-08-30,,,CONSTRUCTION$VEHICLE,13,,13,146,159,,159,BRICE INTEGRATED LLC,ADOT&PF Northern Region,660464733-666797214,
2025-AAL-330-OE,,Determined - No Hazard,No Hazard,2025-05-30,2025-05-30,2025-06-20,2026-12-20,64.800031,-148.11192,4D,,,Ester 1A,Ester,Fairbanks North Star,90,AK,FAIRBANKS INTL,40184,262,,Construct a 125' wireless communications facility with 4' lightning rod (129' max height) contained within a 50' x 50' fenced compound.,4646 Parks Ridge Rd  Ester  AK 99709,New Construction,Permanent,,,,,,,TOWER$ANTENNA,129,,129,1449,1578,,1578,CORNELIUS WHITEHEAD,"ATLAS TOWER 1, LLC",660511094-664337680,"{\"frequencies\":[{\"band\":{\"value\":[6,7],\"uom\":\"GHz\"},\"erp\":{\"value\":42,\"uom\":\"dBW\"},\"standard\":76},{\"band\":{\"value\":[6,7],\"uom\":\"GHz\"},\"erp\":{\"value\":55,\"uom\":\"dBW\"},\"standard\":89},{\"band\":{\"value\":[10,11.7],\"uom\":\"GHz\"},\"erp\":{\"value\":42,\"uom\":\"dBW\"},\"standard\":77},{\"band\":{\"value\":[10,11.7],\"uom\":\"GHz\"},\"erp\":{\"value\":55,\"uom\":\"dBW\"},\"standard\":90},{\"band\":{\"value\":[17.7,19.7],\"uom\":\"GHz\"},\"erp\":{\"value\":42,\"uom\":\"dBW\"},\"standard\":78},{\"band\":{\"value\":[17.7,19.7],\"uom\":\"GHz\"},\"erp\":{\"value\":55,\"uom\":\"dBW\"},\"standard\":91},{\"band\":{\"value\":[21.2,23.6],\"uom\":\"GHz\"},\"erp\":{\"value\":42,\"uom\":\"dBW\"},\"standard\":79},{\"band\":{\"value\":[21.2,23.6],\"uom\":\"GHz\"},\"erp\":{\"value\":55,\"uom\":\"dBW\"},\"standard\":92},{\"band\":{\"value\":[614,698],\"uom\":\"MHz\"},\"erp\":{\"value\":1000,\"uom\":\"W\"},\"standard\":93},{\"band\":{\"value\":[614,698],\"uom\":\"MHz\"},\"erp\":{\"value\":2000,\"uom\":\"W\"},\"standard\":94},{\"band\":{\"value\":[698,806],\"uom\":\"MHz\"},\"erp\":{\"value\":1000,\"uom\":\"W\"},\"standard\":16},{\"band\":{\"value\":[806,824],\"uom\":\"MHz\"},\"erp\":{\"value\":500,\"uom\":\"W\"},\"standard\":1},{\"band\":{\"value\":[806,901],\"uom\":\"MHz\"},\"erp\":{\"value\":500,\"uom\":\"W\"},\"standard\":80},{\"band\":{\"value\":[824,849],\"uom\":\"MHz\"},\"erp\":{\"value\":500,\"uom\":\"W\"},\"standard\":2},{\"band\":{\"value\":[851,866],\"uom\":\"MHz\"},\"erp\":{\"value\":500,\"uom\":\"W\"},\"standard\":3},{\"band\":{\"value\":[869,894],\"uom\":\"MHz\"},\"erp\":{\"value\":500,\"uom\":\"W\"},\"standard\":4},{\"band\":{\"value\":[896,901],\"uom\":\"MHz\"},\"erp\":{\"value\":500,\"uom\":\"W\"},\"standard\":5},{\"band\":{\"value\":[901,902],\"uom\":\"MHz\"},\"erp\":{\"value\":7,\"uom\":\"W\"},\"standard\":6},{\"band\":{\"value\":[929,932],\"uom\":\"MHz\"},\"erp\":{\"value\":3500,\"uom\":\"W\"},\"standard\":81},{\"band\":{\"value\":[930,931],\"uom\":\"MHz\"},\"erp\":{\"value\":3500,\"uom\":\"W\"},\"standard\":7},{\"band\":{\"value\":[931,932],\"uom\":\"MHz\"},\"erp\":{\"value\":3500,\"uom\":\"W\"},\"standard\":8},{\"band\":{\"value\":[932,932.5],\"uom\":\"MHz\"},\"erp\":{\"value\":17,\"uom\":\"dBW\"},\"standard\":9},{\"band\":{\"value\":[935,940],\"uom\":\"MHz\"},\"erp\":{\"value\":1000,\"uom\":\"W\"},\"standard\":10},{\"band\":{\"value\":[940,941],\"uom\":\"MHz\"},\"erp\":{\"value\":3500,\"uom\":\"W\"},\"standard\":11},{\"band\":{\"value\":[1670,1675],\"uom\":\"MHz\"},\"erp\":{\"value\":500,\"uom\":\"W\"},\"standard\":82},{\"band\":{\"value\":[1710,1755],\"uom\":\"MHz\"},\"erp\":{\"value\":500,\"uom\":\"W\"},\"standard\":83},{\"band\":{\"value\":[1850,1910],\"uom\":\"MHz\"},\"erp\":{\"value\":1640,\"uom\":\"W\"},\"standard\":12},{\"band\":{\"value\":[1850,1990],\"uom\":\"MHz\"},\"erp\":{\"value\":1640,\"uom\":\"W\"},\"standard\":84},{\"band\":{\"value\":[1930,1990],\"uom\":\"MHz\"},\"erp\":{\"value\":1640,\"uom\":\"W\"},\"standard\":13},{\"band\":{\"value\":[1990,2025],\"uom\":\"MHz\"},\"erp\":{\"value\":500,\"uom\":\"W\"},\"standard\":85},{\"band\":{\"value\":[2110,2200],\"uom\":\"MHz\"},\"erp\":{\"value\":500,\"uom\":\"W\"},\"standard\":86},{\"band\":{\"value\":[2305,2360],\"uom\":\"MHz\"},\"erp\":{\"value\":2000,\"uom\":\"W\"},\"standard\":87},{\"band\":{\"value\":[2305,2310],\"uom\":\"MHz\"},\"erp\":{\"value\":2000,\"uom\":\"W\"},\"standard\":14},{\"band\":{\"value\":[2345,2360],\"uom\":\"MHz\"},\"erp\":{\"value\":2000,\"uom\":\"W\"},\"standard\":15},{\"band\":{\"value\":[2496,2690],\"uom\":\"MHz\"},\"erp\":{\"value\":500,\"uom\":\"W\"},\"standard\":88}]}"
2025-AAL-331-OE,,Determined - No Hazard,No Hazard,2025-05-31,2025-05-31,2025-06-25,2026-06-25,61.2544056,-149.7909194,4D,Red lights and flags,,FOD Detection,Anchorage,Anchorage,20,AK,ELMENDORF AFB,2966,68,,The project will attach new FOD detection radar equipment to existing structures. The three points inside primary surface and clear zone are shown above. Additional points are located adjacent to hangars not impacting imaginary surfaces.,The project is located on the Elmendorf Field  JBER  Anchorage  AK. The site is in the northeast quadrant of the airfield.,New Construction,Temporary,1,4,2025-05-31,2025-09-30,,,CONSTRUCTION$VEHICLE,15,,15,215,230,,230,USAF PACAF 673rd CES/CENPP,673 CIVIL ENGINEER SQ,660561876-665856060,
2025-AAL-332-OE,,Determined - No Hazard,No Hazard,2025-05-31,2025-05-31,2025-06-25,2026-06-25,61.25281491,-149.81942646,4D,Red lights and flags,,Taxiway M pavement Repairs,Anchorage,Anchorage,20,AK,ELMENDORF AFB,2334,283,,The project includes removal of pavement  base reconstruction  repaving and remarking of this section of the parallel taxiway.,The project area is located on Elmendorf Field  JBER  Anchorage  AK. The work area is located in the northwest quadrant of the field  centered on a portion of taxiway M.,New Construction,Temporary,1,4,2025-05-31,2025-09-30,,,CONSTRUCTION$VEHICLE,30,,30,181,211,,211,USAF PACAF 673rd CES/CENPP,673 CIVIL ENGINEER SQ,660561883-665856882,
2025-AAL-334-OE,,Determined - No Hazard,No Hazard,2025-06-02,2025-06-03,2025-07-16,2027-01-16,61.24561667,-149.832775,4D,,,Crash Recovery PEB,Anchorage,Anchorage,20,AK,ELMENDORF AFB,5077,246,,This project constructs a new building for storage of Crash Recovery Equipment,The project site is located in the southwest quadrant of Elmendorf Field  JBER  Anchorage  AK. The project is approximately 1 500 feet south of Runway 06/24,New Construction,Permanent,,,,,,,BUILDING,38,,38,159,197,,197,USAF PACAF 673rd CES/CENPP,673 CIVIL ENGINEER SQ,661332066-670269339,
2025-AAL-337-OE,,Determined - No Hazard,No Hazard,2025-06-03,2025-06-03,2025-06-20,2026-12-20,60.06831001,-148.01716337,4D,,,Chenega  Microwave Upgrade,Chenega,Valdez-Cordova,261,AK,CHENEGA BAY,5431,229,,Microwave upgrade,Village of Chenega Sec 26  T1s  R8E S.M. AK,New Construction,Permanent,,,,,,,TOWER,80,,80,70,150,,150,New Horizons Telecom Inc,New Horizons Telecom Inc,661585069-664337706,
2025-AAL-338-OE,,Determined - No Hazard,No Hazard,2025-06-03,2025-06-03,2025-06-20,,66.8971389,-162.5995556,4D,,,Kotzebue Antenna Tower,Kotzebue,Northwest Arctic,188,AK,RALPH WIEN MEML,4517,357,,This notice is being submitted to refile Aeronautical Study No. 2019-AAL-199-OE  which previously received a Determination of No Hazard. The structure is a Cell on Wheels (COW) currently active and transmitting. The location  height  and purpose remain unchanged. This refile is submitted in accordance with FAA guidance due to the expiration of the original determination. The COW is used for mobile telecommunications and will remain in place for an unspecified duration.,The structure is located about 0.74 nautical miles from the OTZ Airport and about 150-200 feet from the three-story Nullagvik Hotel.,Existing,Permanent,,,,,,,TOWER$COW,60,,60,9,69,,69,"ARCTIC SLOPE TELEPHONE ASSOCIATION COOPERATIVE, IN",Arctic Slope Telephone Association Cooperative,661616722-664337767,"{\"frequencies\":[{\"band\":{\"value\":[\"700\",\"750\"],\"uom\":\"MHz\"},\"erp\":{\"value\":\"40\",\"uom\":\"W\"},\"standard\":false},{\"band\":{\"value\":[\"750\",\"800\"],\"uom\":\"MHz\"},\"erp\":{\"value\":\"40\",\"uom\":\"W\"},\"standard\":false},{\"band\":{\"value\":[\"1920\",\"2000\"],\"uom\":\"MHz\"},\"erp\":{\"value\":\"40\",\"uom\":\"W\"},\"standard\":false}]}"
2025-AAL-339-NRA,2023-AAL-1264-NRA,Determined - No Hazard,Determination,2025-04-01,2025-04-01,2025-07-15,2027-01-15,61.53680556,-165.60795556,4D,,,,CHEVAK,Kusilvak,158,AK,CHEVAK,0,,Y,Request for use of Temp Construction equipment to complete work in accordance with CSPP reviewed under 2023-AAL-1264-NRA,,New Construction,Temporary,10,13,2025-05-20,2026-07-30,,,CONSTRUCTION$VEHICLE,35,,35,60,95,,95,Taylor Lueck,Alaska Department of Transportation and PF,,
2025-AAL-340-NRA,2023-AAL-1264-NRA,Determined - No Hazard,To Proponent,2025-04-01,2025-04-01,2025-07-15,,61.53617222,-165.60601667,4D,,,,CHEVAK,Kusilvak,158,AK,CHEVAK,0,,Y,Request for use of Temp Construction equipment to complete work in accordance with CSPP reviewed under 2023-AAL-1264-NRA,,New Construction,Temporary,10,13,2025-05-20,2026-07-30,,,CONSTRUCTION$VEHICLE,,,35,60,,,95,Taylor Lueck,Alaska Department of Transportation and PF,,
2025-AAL-340-OE,,Determined - No Hazard,No Hazard,2025-06-05,2025-06-05,2025-07-23,2027-01-23,55.20608374,-162.72209832,4D,,,Geotechnical Exploration - Drill Rig,Cold Bay,Aleutians East,13,AK,COLD BAY,463,99,,"The proposed geotechnical work will be used for the foundation design of a 60’ by 80’ Pre-Engineered Metal Building (PEMB) which will be utilized as a maintenance  repair shop and warehouse for FAA vehicles  trucks  and equipment.\n\nAt a minimum  the boring sampling will include one deep and two shallow boreholes within the proposed building footprint and one deep borehole outside.  All boring activities are to be conducted under the supervision of an engineer or geologist licensed in the State of Alaska.  The shallow bore depths will be estimated at 7.5 – 15 feet bgs  contingent upon local soil conditions and professional recommendations.  The deep boreholes may reach approximately 25 – 50 feet bgs. Soil bore samples will be collected using hollow stem augers and Standard or Modified Penetration Test methods at 2 ½ ft – 5ft intervals and described in accordance with the Unified Soil Classification System on the bore logs.",Cold Bay  Block 21 Lot 2. Flat parcel near the Cold Airport. Parcel is 125' by 140.20' sft.,New Construction,Temporary,22,0,2025-07-20,2025-08-10,,,RIG$DRILLING,15,,15,85,100,,100,DOT FAA,Sandy Otaegui Hunt,662130526-671229408,
2025-AAL-341-NRA,2023-AAL-1264-NRA,Determined - No Hazard,To Proponent,2025-04-01,2025-04-01,2025-07-15,,61.54718889,-165.59448333,4D,,,,CHEVAK,Kusilvak,158,AK,CHEVAK,0,,Y,Request for use of Temp Construction equipment to complete work in accordance with CSPP reviewed under 2023-AAL-1264-NRA,,New Construction,Temporary,10,13,2025-05-20,2026-07-30,,,CONSTRUCTION$VEHICLE,,,35,60,,,95,Taylor Lueck,Alaska Department of Transportation and PF,,
2025-AAL-341-OE,,Determined - No Hazard,No Hazard,2025-06-05,2025-06-05,2025-06-20,2026-12-20,61.79356,-150.09349,4D,,,Willow - Jonrowe,Willow,Matanuska-Susitna,170,AK,WILLOW,16024,333,,125' wireless telecommunications facility (lattice) contained within a 50' x 50' fenced compound,36596 W Parks Hwy  Willow  AK	99688,New Construction,Permanent,,,,,,,TOWER$ANTENNA,125,,125,186,311,,311,CORNELIUS WHITEHEAD,"ATLAS TOWER 1, LLC",662160810-664337823,"{\"frequencies\":[{\"band\":{\"value\":[6,7],\"uom\":\"GHz\"},\"erp\":{\"value\":42,\"uom\":\"dBW\"},\"standard\":76},{\"band\":{\"value\":[6,7],\"uom\":\"GHz\"},\"erp\":{\"value\":55,\"uom\":\"dBW\"},\"standard\":89},{\"band\":{\"value\":[10,11.7],\"uom\":\"GHz\"},\"erp\":{\"value\":42,\"uom\":\"dBW\"},\"standard\":77},{\"band\":{\"value\":[10,11.7],\"uom\":\"GHz\"},\"erp\":{\"value\":55,\"uom\":\"dBW\"},\"standard\":90},{\"band\":{\"value\":[17.7,19.7],\"uom\":\"GHz\"},\"erp\":{\"value\":42,\"uom\":\"dBW\"},\"standard\":78},{\"band\":{\"value\":[17.7,19.7],\"uom\":\"GHz\"},\"erp\":{\"value\":55,\"uom\":\"dBW\"},\"standard\":91},{\"band\":{\"value\":[21.2,23.6],\"uom\":\"GHz\"},\"erp\":{\"value\":42,\"uom\":\"dBW\"},\"standard\":79},{\"band\":{\"value\":[21.2,23.6],\"uom\":\"GHz\"},\"erp\":{\"value\":55,\"uom\":\"dBW\"},\"standard\":92},{\"band\":{\"value\":[614,698],\"uom\":\"MHz\"},\"erp\":{\"value\":1000,\"uom\":\"W\"},\"standard\":93},{\"band\":{\"value\":[614,698],\"uom\":\"MHz\"},\"erp\":{\"value\":2000,\"uom\":\"W\"},\"standard\":94},{\"band\":{\"value\":[698,806],\"uom\":\"MHz\"},\"erp\":{\"value\":1000,\"uom\":\"W\"},\"standard\":16},{\"band\":{\"value\":[806,824],\"uom\":\"MHz\"},\"erp\":{\"value\":500,\"uom\":\"W\"},\"standard\":1},{\"band\":{\"value\":[806,901],\"uom\":\"MHz\"},\"erp\":{\"value\":500,\"uom\":\"W\"},\"standard\":80},{\"band\":{\"value\":[824,849],\"uom\":\"MHz\"},\"erp\":{\"value\":500,\"uom\":\"W\"},\"standard\":2},{\"band\":{\"value\":[851,866],\"uom\":\"MHz\"},\"erp\":{\"value\":500,\"uom\":\"W\"},\"standard\":3},{\"band\":{\"value\":[869,894],\"uom\":\"MHz\"},\"erp\":{\"value\":500,\"uom\":\"W\"},\"standard\":4},{\"band\":{\"value\":[896,901],\"uom\":\"MHz\"},\"erp\":{\"value\":500,\"uom\":\"W\"},\"standard\":5},{\"band\":{\"value\":[901,902],\"uom\":\"MHz\"},\"erp\":{\"value\":7,\"uom\":\"W\"},\"standard\":6},{\"band\":{\"value\":[929,932],\"uom\":\"MHz\"},\"erp\":{\"value\":3500,\"uom\":\"W\"},\"standard\":81},{\"band\":{\"value\":[930,931],\"uom\":\"MHz\"},\"erp\":{\"value\":3500,\"uom\":\"W\"},\"standard\":7},{\"band\":{\"value\":[931,932],\"uom\":\"MHz\"},\"erp\":{\"value\":3500,\"uom\":\"W\"},\"standard\":8},{\"band\":{\"value\":[932,932.5],\"uom\":\"MHz\"},\"erp\":{\"value\":17,\"uom\":\"dBW\"},\"standard\":9},{\"band\":{\"value\":[935,940],\"uom\":\"MHz\"},\"erp\":{\"value\":1000,\"uom\":\"W\"},\"standard\":10},{\"band\":{\"value\":[940,941],\"uom\":\"MHz\"},\"erp\":{\"value\":3500,\"uom\":\"W\"},\"standard\":11},{\"band\":{\"value\":[1670,1675],\"uom\":\"MHz\"},\"erp\":{\"value\":500,\"uom\":\"W\"},\"standard\":82},{\"band\":{\"value\":[1710,1755],\"uom\":\"MHz\"},\"erp\":{\"value\":500,\"uom\":\"W\"},\"standard\":83},{\"band\":{\"value\":[1850,1910],\"uom\":\"MHz\"},\"erp\":{\"value\":1640,\"uom\":\"W\"},\"standard\":12},{\"band\":{\"value\":[1850,1990],\"uom\":\"MHz\"},\"erp\":{\"value\":1640,\"uom\":\"W\"},\"standard\":84},{\"band\":{\"value\":[1930,1990],\"uom\":\"MHz\"},\"erp\":{\"value\":1640,\"uom\":\"W\"},\"standard\":13},{\"band\":{\"value\":[1990,2025],\"uom\":\"MHz\"},\"erp\":{\"value\":500,\"uom\":\"W\"},\"standard\":85},{\"band\":{\"value\":[2110,2200],\"uom\":\"MHz\"},\"erp\":{\"value\":500,\"uom\":\"W\"},\"standard\":86},{\"band\":{\"value\":[2305,2360],\"uom\":\"MHz\"},\"erp\":{\"value\":2000,\"uom\":\"W\"},\"standard\":87},{\"band\":{\"value\":[2305,2310],\"uom\":\"MHz\"},\"erp\":{\"value\":2000,\"uom\":\"W\"},\"standard\":14},{\"band\":{\"value\":[2345,2360],\"uom\":\"MHz\"},\"erp\":{\"value\":2000,\"uom\":\"W\"},\"standard\":15},{\"band\":{\"value\":[2496,2690],\"uom\":\"MHz\"},\"erp\":{\"value\":500,\"uom\":\"W\"},\"standard\":88}]}"
2025-AAL-342-NRA,2023-AAL-1264-NRA,Determined - No Hazard,To Proponent,2025-04-01,2025-04-01,2025-07-15,,61.53663056,-165.60669722,4D,,,,CHEVAK,Kusilvak,158,AK,CHEVAK,0,,Y,Request for use of Temp Construction equipment to complete work in accordance with CSPP reviewed under 2023-AAL-1264-NRA,,New Construction,Temporary,10,13,2025-05-20,2026-07-30,,,CONSTRUCTION$VEHICLE,,,35,48,,,83,Taylor Lueck,Alaska Department of Transportation and PF,,
2025-AAL-342-OE,,Determined - No Hazard,No Hazard,2025-06-05,2025-06-05,2025-07-02,2027-01-02,61.44422,-148.81356,4D,,,Palmer - Laux,Palmer,Matanuska-Susitna,170,AK,BUTTE MUNI,47549,131,,125' wireless communications facility (lattice) contained within a 50' x 50' fenced compound,27950 E Knik River Rd  Palmer  AK	99645,New Construction,Permanent,,,,,,,TOWER$ANTENNA,125,,125,230,355,,355,CORNELIUS WHITEHEAD,"ATLAS TOWER 1, LLC",662162325-668340433,"{\"frequencies\":[{\"band\":{\"value\":[6,7],\"uom\":\"GHz\"},\"erp\":{\"value\":42,\"uom\":\"dBW\"},\"standard\":76},{\"band\":{\"value\":[6,7],\"uom\":\"GHz\"},\"erp\":{\"value\":55,\"uom\":\"dBW\"},\"standard\":89},{\"band\":{\"value\":[10,11.7],\"uom\":\"GHz\"},\"erp\":{\"value\":42,\"uom\":\"dBW\"},\"standard\":77},{\"band\":{\"value\":[10,11.7],\"uom\":\"GHz\"},\"erp\":{\"value\":55,\"uom\":\"dBW\"},\"standard\":90},{\"band\":{\"value\":[17.7,19.7],\"uom\":\"GHz\"},\"erp\":{\"value\":42,\"uom\":\"dBW\"},\"standard\":78},{\"band\":{\"value\":[17.7,19.7],\"uom\":\"GHz\"},\"erp\":{\"value\":55,\"uom\":\"dBW\"},\"standard\":91},{\"band\":{\"value\":[21.2,23.6],\"uom\":\"GHz\"},\"erp\":{\"value\":42,\"uom\":\"dBW\"},\"standard\":79},{\"band\":{\"value\":[21.2,23.6],\"uom\":\"GHz\"},\"erp\":{\"value\":55,\"uom\":\"dBW\"},\"standard\":92},{\"band\":{\"value\":[614,698],\"uom\":\"MHz\"},\"erp\":{\"value\":1000,\"uom\":\"W\"},\"standard\":93},{\"band\":{\"value\":[614,698],\"uom\":\"MHz\"},\"erp\":{\"value\":2000,\"uom\":\"W\"},\"standard\":94},{\"band\":{\"value\":[698,806],\"uom\":\"MHz\"},\"erp\":{\"value\":1000,\"uom\":\"W\"},\"standard\":16},{\"band\":{\"value\":[806,824],\"uom\":\"MHz\"},\"erp\":{\"value\":500,\"uom\":\"W\"},\"standard\":1},{\"band\":{\"value\":[806,901],\"uom\":\"MHz\"},\"erp\":{\"value\":500,\"uom\":\"W\"},\"standard\":80},{\"band\":{\"value\":[824,849],\"uom\":\"MHz\"},\"erp\":{\"value\":500,\"uom\":\"W\"},\"standard\":2},{\"band\":{\"value\":[851,866],\"uom\":\"MHz\"},\"erp\":{\"value\":500,\"uom\":\"W\"},\"standard\":3},{\"band\":{\"value\":[869,894],\"uom\":\"MHz\"},\"erp\":{\"value\":500,\"uom\":\"W\"},\"standard\":4},{\"band\":{\"value\":[896,901],\"uom\":\"MHz\"},\"erp\":{\"value\":500,\"uom\":\"W\"},\"standard\":5},{\"band\":{\"value\":[901,902],\"uom\":\"MHz\"},\"erp\":{\"value\":7,\"uom\":\"W\"},\"standard\":6},{\"band\":{\"value\":[929,932],\"uom\":\"MHz\"},\"erp\":{\"value\":3500,\"uom\":\"W\"},\"standard\":81},{\"band\":{\"value\":[930,931],\"uom\":\"MHz\"},\"erp\":{\"value\":3500,\"uom\":\"W\"},\"standard\":7},{\"band\":{\"value\":[931,932],\"uom\":\"MHz\"},\"erp\":{\"value\":3500,\"uom\":\"W\"},\"standard\":8},{\"band\":{\"value\":[932,932.5],\"uom\":\"MHz\"},\"erp\":{\"value\":17,\"uom\":\"dBW\"},\"standard\":9},{\"band\":{\"value\":[935,940],\"uom\":\"MHz\"},\"erp\":{\"value\":1000,\"uom\":\"W\"},\"standard\":10},{\"band\":{\"value\":[940,941],\"uom\":\"MHz\"},\"erp\":{\"value\":3500,\"uom\":\"W\"},\"standard\":11},{\"band\":{\"value\":[1670,1675],\"uom\":\"MHz\"},\"erp\":{\"value\":500,\"uom\":\"W\"},\"standard\":82},{\"band\":{\"value\":[1710,1755],\"uom\":\"MHz\"},\"erp\":{\"value\":500,\"uom\":\"W\"},\"standard\":83},{\"band\":{\"value\":[1850,1910],\"uom\":\"MHz\"},\"erp\":{\"value\":1640,\"uom\":\"W\"},\"standard\":12},{\"band\":{\"value\":[1850,1990],\"uom\":\"MHz\"},\"erp\":{\"value\":1640,\"uom\":\"W\"},\"standard\":84},{\"band\":{\"value\":[1930,1990],\"uom\":\"MHz\"},\"erp\":{\"value\":1640,\"uom\":\"W\"},\"standard\":13},{\"band\":{\"value\":[1990,2025],\"uom\":\"MHz\"},\"erp\":{\"value\":500,\"uom\":\"W\"},\"standard\":85},{\"band\":{\"value\":[2110,2200],\"uom\":\"MHz\"},\"erp\":{\"value\":500,\"uom\":\"W\"},\"standard\":86},{\"band\":{\"value\":[2305,2360],\"uom\":\"MHz\"},\"erp\":{\"value\":2000,\"uom\":\"W\"},\"standard\":87},{\"band\":{\"value\":[2305,2310],\"uom\":\"MHz\"},\"erp\":{\"value\":2000,\"uom\":\"W\"},\"standard\":14},{\"band\":{\"value\":[2345,2360],\"uom\":\"MHz\"},\"erp\":{\"value\":2000,\"uom\":\"W\"},\"standard\":15},{\"band\":{\"value\":[2496,2690],\"uom\":\"MHz\"},\"erp\":{\"value\":500,\"uom\":\"W\"},\"standard\":88}]}"
2025-AAL-343-NRA,2023-AAL-1264-NRA,Determined - No Hazard,To Proponent,2025-04-01,2025-04-01,2025-07-15,,61.54222222,-165.60669722,4D,,,,CHEVAK,Kusilvak,158,AK,CHEVAK,0,,Y,Request for use of Temp Construction equipment to complete work in accordance with CSPP reviewed under 2023-AAL-1264-NRA,,New Construction,Temporary,10,13,2025-05-20,2026-07-30,,,CONSTRUCTION$VEHICLE,,,35,60,,,95,Taylor Lueck,Alaska Department of Transportation and PF,,
2025-AAL-343-OE,,Determined - No Hazard,No Hazard,2025-06-06,2025-06-06,2025-06-20,2026-12-20,58.39577,-134.56334,4D,,,FA16243855 AKL03076,JUNEAU,Juneau,110,AK,JUNEAU INTL,15283,11,,FAA filing for new proposed monopole.,4207 MENDENHALL LOOP ROAD,New Construction,Permanent,,,,,,,POLE$MONO,155,,155,57,212,,212,AT&T,AT&T (JC),662254050-664337899,"{\"frequencies\":[{\"band\":{\"value\":[6,7],\"uom\":\"GHz\"},\"erp\":{\"value\":42,\"uom\":\"dBW\"},\"standard\":76},{\"band\":{\"value\":[6,7],\"uom\":\"GHz\"},\"erp\":{\"value\":55,\"uom\":\"dBW\"},\"standard\":89},{\"band\":{\"value\":[10,11.7],\"uom\":\"GHz\"},\"erp\":{\"value\":42,\"uom\":\"dBW\"},\"standard\":77},{\"band\":{\"value\":[10,11.7],\"uom\":\"GHz\"},\"erp\":{\"value\":55,\"uom\":\"dBW\"},\"standard\":90},{\"band\":{\"value\":[17.7,19.7],\"uom\":\"GHz\"},\"erp\":{\"value\":42,\"uom\":\"dBW\"},\"standard\":78},{\"band\":{\"value\":[17.7,19.7],\"uom\":\"GHz\"},\"erp\":{\"value\":55,\"uom\":\"dBW\"},\"standard\":91},{\"band\":{\"value\":[21.2,23.6],\"uom\":\"GHz\"},\"erp\":{\"value\":42,\"uom\":\"dBW\"},\"standard\":79},{\"band\":{\"value\":[21.2,23.6],\"uom\":\"GHz\"},\"erp\":{\"value\":55,\"uom\":\"dBW\"},\"standard\":92},{\"band\":{\"value\":[614,698],\"uom\":\"MHz\"},\"erp\":{\"value\":1000,\"uom\":\"W\"},\"standard\":93},{\"band\":{\"value\":[614,698],\"uom\":\"MHz\"},\"erp\":{\"value\":2000,\"uom\":\"W\"},\"standard\":94},{\"band\":{\"value\":[698,806],\"uom\":\"MHz\"},\"erp\":{\"value\":1000,\"uom\":\"W\"},\"standard\":16},{\"band\":{\"value\":[806,824],\"uom\":\"MHz\"},\"erp\":{\"value\":500,\"uom\":\"W\"},\"standard\":1},{\"band\":{\"value\":[806,901],\"uom\":\"MHz\"},\"erp\":{\"value\":500,\"uom\":\"W\"},\"standard\":80},{\"band\":{\"value\":[824,849],\"uom\":\"MHz\"},\"erp\":{\"value\":500,\"uom\":\"W\"},\"standard\":2},{\"band\":{\"value\":[851,866],\"uom\":\"MHz\"},\"erp\":{\"value\":500,\"uom\":\"W\"},\"standard\":3},{\"band\":{\"value\":[869,894],\"uom\":\"MHz\"},\"erp\":{\"value\":500,\"uom\":\"W\"},\"standard\":4},{\"band\":{\"value\":[896,901],\"uom\":\"MHz\"},\"erp\":{\"value\":500,\"uom\":\"W\"},\"standard\":5},{\"band\":{\"value\":[901,902],\"uom\":\"MHz\"},\"erp\":{\"value\":7,\"uom\":\"W\"},\"standard\":6},{\"band\":{\"value\":[929,932],\"uom\":\"MHz\"},\"erp\":{\"value\":3500,\"uom\":\"W\"},\"standard\":81},{\"band\":{\"value\":[930,931],\"uom\":\"MHz\"},\"erp\":{\"value\":3500,\"uom\":\"W\"},\"standard\":7},{\"band\":{\"value\":[931,932],\"uom\":\"MHz\"},\"erp\":{\"value\":3500,\"uom\":\"W\"},\"standard\":8},{\"band\":{\"value\":[932,932.5],\"uom\":\"MHz\"},\"erp\":{\"value\":17,\"uom\":\"dBW\"},\"standard\":9},{\"band\":{\"value\":[935,940],\"uom\":\"MHz\"},\"erp\":{\"value\":1000,\"uom\":\"W\"},\"standard\":10},{\"band\":{\"value\":[940,941],\"uom\":\"MHz\"},\"erp\":{\"value\":3500,\"uom\":\"W\"},\"standard\":11},{\"band\":{\"value\":[1670,1675],\"uom\":\"MHz\"},\"erp\":{\"value\":500,\"uom\":\"W\"},\"standard\":82},{\"band\":{\"value\":[1710,1755],\"uom\":\"MHz\"},\"erp\":{\"value\":500,\"uom\":\"W\"},\"standard\":83},{\"band\":{\"value\":[1850,1910],\"uom\":\"MHz\"},\"erp\":{\"value\":1640,\"uom\":\"W\"},\"standard\":12},{\"band\":{\"value\":[1850,1990],\"uom\":\"MHz\"},\"erp\":{\"value\":1640,\"uom\":\"W\"},\"standard\":84},{\"band\":{\"value\":[1930,1990],\"uom\":\"MHz\"},\"erp\":{\"value\":1640,\"uom\":\"W\"},\"standard\":13},{\"band\":{\"value\":[1990,2025],\"uom\":\"MHz\"},\"erp\":{\"value\":500,\"uom\":\"W\"},\"standard\":85},{\"band\":{\"value\":[2110,2200],\"uom\":\"MHz\"},\"erp\":{\"value\":500,\"uom\":\"W\"},\"standard\":86},{\"band\":{\"value\":[2305,2360],\"uom\":\"MHz\"},\"erp\":{\"value\":2000,\"uom\":\"W\"},\"standard\":87},{\"band\":{\"value\":[2305,2310],\"uom\":\"MHz\"},\"erp\":{\"value\":2000,\"uom\":\"W\"},\"standard\":14},{\"band\":{\"value\":[2345,2360],\"uom\":\"MHz\"},\"erp\":{\"value\":2000,\"uom\":\"W\"},\"standard\":15},{\"band\":{\"value\":[2496,2690],\"uom\":\"MHz\"},\"erp\":{\"value\":500,\"uom\":\"W\"},\"standard\":88}]}"
2025-AAL-344-NRA,2023-AAL-1264-NRA,Determined - No Hazard,To Proponent,2025-04-01,2025-04-01,2025-07-15,,61.53783889,-165.60462222,4D,,,,CHEVAK,Kusilvak,158,AK,CHEVAK,0,,Y,Request for use of Temp Construction equipment to complete work in accordance with CSPP reviewed under 2023-AAL-1264-NRA,,New Construction,Temporary,10,13,2025-05-20,2026-07-30,,,CONSTRUCTION$VEHICLE,,,35,49,,,84,Taylor Lueck,Alaska Department of Transportation and PF,,
2025-AAL-345-NRA,2023-AAL-1264-NRA,Determined - No Hazard,To Proponent,2025-04-01,2025-04-01,2025-07-15,,61.53757778,-165.60377778,4D,,,,CHEVAK,Kusilvak,158,AK,CHEVAK,0,,Y,Request for use of Temp Construction equipment to complete work in accordance with CSPP reviewed under 2023-AAL-1264-NRA,,New Construction,Temporary,10,13,2025-05-20,2026-07-30,,,CONSTRUCTION$VEHICLE,,,35,48,,,83,Taylor Lueck,Alaska Department of Transportation and PF,,
2025-AAL-346-NRA,2023-AAL-1264-NRA,Determined - No Hazard,To Proponent,2025-04-01,2025-04-01,2025-07-15,,61.53658889,-165.60215,4D,,,,CHEVAK,Kusilvak,158,AK,CHEVAK,0,,Y,Request for use of Temp Construction equipment to complete work in accordance with CSPP reviewed under 2023-AAL-1264-NRA,,New Construction,Temporary,10,13,2025-05-20,2026-07-30,,,CONSTRUCTION$VEHICLE,,,35,43,,,78,Taylor Lueck,Alaska Department of Transportation and PF,,
2025-AAL-346-OE,,Determined - No Hazard,No Hazard,2025-06-13,2025-06-13,2025-07-10,2027-01-10,56.7899228,-132.9729344,1A,,,Tower,Petersburg,Petersburg,195,AK,PETERSBURG JAMES A JOHNSON,6818,232,,Proposed Telecommunications Tower and Unmanned Ground Equipment,113 Mill Rd  Petersburg  AK 99833,New Construction,Permanent,,,,,,,TOWER$ANTENNA,155,175,180,88,243,263,268,Trevor Newton,CENTRAL COUNCIL OF THE TLINGIT & HAIDA INDIAN TRIB,662866480-668948554,"{\"frequencies\":[{\"standard\":88,\"erp\":{\"uom\":\"W\",\"value\":500},\"purpose\":\"colo_void\",\"band\":{\"uom\":\"MHz\",\"value\":[2496,2690]}}]}"
2025-AAL-347-NRA,2023-AAL-1264-NRA,Determined - No Hazard,To Proponent,2025-04-01,2025-04-01,2025-07-15,,61.53786389,-165.60320556,4D,,,,CHEVAK,Kusilvak,158,AK,CHEVAK,0,,Y,Request for use of Temp Construction equipment to complete work in accordance with CSPP reviewed under 2023-AAL-1264-NRA,,New Construction,Temporary,10,13,2025-05-20,2026-07-30,,,CONSTRUCTION$VEHICLE,,,35,45,,,80,Taylor Lueck,Alaska Department of Transportation and PF,,
2025-AAL-348-NRA,2023-AAL-1264-NRA,Determined - No Hazard,To Proponent,2025-04-01,2025-04-01,2025-07-15,,61.53751389,-165.60193056,4D,,,,CHEVAK,Kusilvak,158,AK,CHEVAK,0,,Y,Request for use of Temp Construction equipment to complete work in accordance with CSPP reviewed under 2023-AAL-1264-NRA,,New Construction,Temporary,10,13,2025-05-20,2026-07-30,,,CONSTRUCTION$VEHICLE,,,35,43,,,78,Taylor Lueck,Alaska Department of Transportation and PF,,
2025-AAL-348-OE,,Determined - No Hazard,No Hazard,2025-06-16,2025-06-16,2025-07-23,2027-01-23,63.9558333,-145.7391667,4D,,,Fire Team Readiness Facility,Delta Junction,Southeast Fairbanks,240,AK,ALLEN AAF,14708,192,,Construct a new facility to support mission requirements,Fort Greely Alaska Missile Defense Complex,New Construction,Permanent,,,,,,,BUILDING,50,,50,1387,1437,,1437,Michael Randolph,Michael Randolph,663087270-671231040,
2025-AAL-349-NRA,2023-AAL-1264-NRA,Determined - No Hazard,To Proponent,2025-04-01,2025-04-01,2025-07-15,,61.53731389,-165.60383333,4D,,,,CHEVAK,Kusilvak,158,AK,CHEVAK,0,,Y,Request for use of Temp Construction equipment to complete work in accordance with CSPP reviewed under 2023-AAL-1264-NRA,,New Construction,Temporary,10,13,2025-05-20,2026-07-30,,,CONSTRUCTION$VEHICLE,,,35,45,,,80,Taylor Lueck,Alaska Department of Transportation and PF,,
2025-AAL-350-NRA,2023-AAL-1264-NRA,Determined - No Hazard,To Proponent,2025-04-01,2025-04-01,2025-07-15,,61.53757778,-165.60377778,4D,,,,CHEVAK,Kusilvak,158,AK,CHEVAK,0,,Y,Request for use of Temp Construction equipment to complete work in accordance with CSPP reviewed under 2023-AAL-1264-NRA,,New Construction,Temporary,10,13,2025-05-20,2026-07-30,,,CONSTRUCTION$VEHICLE,,,35,48,,,83,Taylor Lueck,Alaska Department of Transportation and PF,,
2025-AAL-350-OE,2011-AAL-53-OE,Determined - No Hazard,No Hazard,2025-06-20,2025-06-20,2025-07-23,,61.0983361,-149.8054944,4D,,,US-AK-5023 AWWU DeArmoun South Anchorage,Anchorage,Anchorage,20,AK,LAKE HOOD,41283,136,,Coordinate correction- IM,13541 Ervin Road,Existing,Permanent,,,2011-05-15,2011-07-15,,1278076,TOWER$ANTENNA,104,,104,368,472,,472,"VERTICAL BRIDGE REIT, LLC","Vertical Bridge S3 Assets, LLC",664423748-671229772,"{\"frequencies\":[{\"standard\":89,\"erp\":{\"uom\":\"dBW\",\"value\":55},\"purpose\":\"colo_void\",\"band\":{\"uom\":\"GHz\",\"value\":[6,7]}},{\"standard\":76,\"erp\":{\"uom\":\"dBW\",\"value\":42},\"purpose\":\"colo_void\",\"band\":{\"uom\":\"GHz\",\"value\":[6,7]}},{\"standard\":77,\"erp\":{\"uom\":\"dBW\",\"value\":42},\"purpose\":\"colo_void\",\"band\":{\"uom\":\"GHz\",\"value\":[10,11.7]}},{\"standard\":90,\"erp\":{\"uom\":\"dBW\",\"value\":55},\"purpose\":\"colo_void\",\"band\":{\"uom\":\"GHz\",\"value\":[10,11.7]}},{\"standard\":78,\"erp\":{\"uom\":\"dBW\",\"value\":42},\"purpose\":\"colo_void\",\"band\":{\"uom\":\"GHz\",\"value\":[17.7,19.7]}},{\"standard\":91,\"erp\":{\"uom\":\"dBW\",\"value\":55},\"purpose\":\"colo_void\",\"band\":{\"uom\":\"GHz\",\"value\":[17.7,19.7]}},{\"standard\":92,\"erp\":{\"uom\":\"dBW\",\"value\":55},\"purpose\":\"colo_void\",\"band\":{\"uom\":\"GHz\",\"value\":[21.2,23.6]}},{\"standard\":79,\"erp\":{\"uom\":\"dBW\",\"value\":42},\"purpose\":\"colo_void\",\"band\":{\"uom\":\"GHz\",\"value\":[21.2,23.6]}},{\"standard\":93,\"erp\":{\"uom\":\"W\",\"value\":1000},\"purpose\":\"data_entry\",\"band\":{\"uom\":\"MHz\",\"value\":[614,698]}},{\"standard\":94,\"erp\":{\"uom\":\"W\",\"value\":2000},\"purpose\":\"data_entry\",\"band\":{\"uom\":\"MHz\",\"value\":[614,698]}},{\"standard\":16,\"erp\":{\"uom\":\"W\",\"value\":1000},\"purpose\":\"colo_void\",\"band\":{\"uom\":\"MHz\",\"value\":[698,806]}},{\"standard\":1,\"erp\":{\"uom\":\"W\",\"value\":500},\"purpose\":\"colo_void\",\"band\":{\"uom\":\"MHz\",\"value\":[806,824]}},{\"standard\":80,\"erp\":{\"uom\":\"W\",\"value\":500},\"purpose\":\"colo_void\",\"band\":{\"uom\":\"MHz\",\"value\":[806,901]}},{\"standard\":2,\"erp\":{\"uom\":\"W\",\"value\":500},\"purpose\":\"colo_void\",\"band\":{\"uom\":\"MHz\",\"value\":[824,849]}},{\"standard\":3,\"erp\":{\"uom\":\"W\",\"value\":500},\"purpose\":\"colo_void\",\"band\":{\"uom\":\"MHz\",\"value\":[851,866]}},{\"standard\":4,\"erp\":{\"uom\":\"W\",\"value\":500},\"purpose\":\"colo_void\",\"band\":{\"uom\":\"MHz\",\"value\":[869,894]}},{\"standard\":5,\"erp\":{\"uom\":\"W\",\"value\":500},\"purpose\":\"colo_void\",\"band\":{\"uom\":\"MHz\",\"value\":[896,901]}},{\"standard\":6,\"erp\":{\"uom\":\"W\",\"value\":7},\"purpose\":\"colo_void\",\"band\":{\"uom\":\"MHz\",\"value\":[901,902]}},{\"standard\":81,\"erp\":{\"uom\":\"W\",\"value\":3500},\"purpose\":\"colo_void\",\"band\":{\"uom\":\"MHz\",\"value\":[929,932]}},{\"standard\":7,\"erp\":{\"uom\":\"W\",\"value\":3500},\"purpose\":\"colo_void\",\"band\":{\"uom\":\"MHz\",\"value\":[930,931]}},{\"standard\":8,\"erp\":{\"uom\":\"W\",\"value\":3500},\"purpose\":\"colo_void\",\"band\":{\"uom\":\"MHz\",\"value\":[931,932]}},{\"standard\":9,\"erp\":{\"uom\":\"dBW\",\"value\":17},\"purpose\":\"colo_void\",\"band\":{\"uom\":\"MHz\",\"value\":[932,932.5]}},{\"standard\":10,\"erp\":{\"uom\":\"W\",\"value\":1000},\"purpose\":\"colo_void\",\"band\":{\"uom\":\"MHz\",\"value\":[935,940]}},{\"standard\":11,\"erp\":{\"uom\":\"W\",\"value\":3500},\"purpose\":\"colo_void\",\"band\":{\"uom\":\"MHz\",\"value\":[940,941]}},{\"standard\":82,\"erp\":{\"uom\":\"W\",\"value\":500},\"purpose\":\"colo_void\",\"band\":{\"uom\":\"MHz\",\"value\":[1670,1675]}},{\"standard\":83,\"erp\":{\"uom\":\"W\",\"value\":500},\"purpose\":\"colo_void\",\"band\":{\"uom\":\"MHz\",\"value\":[1710,1755]}},{\"standard\":84,\"erp\":{\"uom\":\"W\",\"value\":1640},\"purpose\":\"colo_void\",\"band\":{\"uom\":\"MHz\",\"value\":[1850,1990]}},{\"standard\":12,\"erp\":{\"uom\":\"W\",\"value\":1640},\"purpose\":\"colo_void\",\"band\":{\"uom\":\"MHz\",\"value\":[1850,1910]}},{\"standard\":13,\"erp\":{\"uom\":\"W\",\"value\":1640},\"purpose\":\"colo_void\",\"band\":{\"uom\":\"MHz\",\"value\":[1930,1990]}},{\"standard\":85,\"erp\":{\"uom\":\"W\",\"value\":500},\"purpose\":\"colo_void\",\"band\":{\"uom\":\"MHz\",\"value\":[1990,2025]}},{\"standard\":86,\"erp\":{\"uom\":\"W\",\"value\":500},\"purpose\":\"colo_void\",\"band\":{\"uom\":\"MHz\",\"value\":[2110,2200]}},{\"standard\":14,\"erp\":{\"uom\":\"W\",\"value\":2000},\"purpose\":\"colo_void\",\"band\":{\"uom\":\"MHz\",\"value\":[2305,2310]}},{\"standard\":87,\"erp\":{\"uom\":\"W\",\"value\":2000},\"purpose\":\"colo_void\",\"band\":{\"uom\":\"MHz\",\"value\":[2305,2360]}},{\"standard\":15,\"erp\":{\"uom\":\"W\",\"value\":2000},\"purpose\":\"colo_void\",\"band\":{\"uom\":\"MHz\",\"value\":[2345,2360]}},{\"standard\":88,\"erp\":{\"uom\":\"W\",\"value\":500},\"purpose\":\"colo_void\",\"band\":{\"uom\":\"MHz\",\"value\":[2496,2690]}}]}"
2025-AAL-351-OE,,Determined - No Hazard,No Hazard,2025-06-23,2025-06-23,2025-06-24,2026-12-24,61.4066778,-149.4522167,4D,,,US-AK-5028 Peters Creek - GCI,Chugiak,Anchorage,20,AK,BIRCHWOOD,10413,109,,Proposed structure will be a 65 ft tower  including all antennas and lightning rod.,Site is located at 20640 Chapel Dr..  in Anchorage Borough  Chugiak  Alaska.  There is an FAA-approved 80 ft AGL (150 ft AMSL structure 0.10 mi SE of the proposed site.  Its FAA study number is 00-AAL-0082-OE.,Existing,Permanent,,,2008-07-31,2009-07-30,,,TOWER$ANTENNA,65,,65,375,440,,440,"VERTICAL BRIDGE REIT, LLC","Vertical Bridge S3 Assets, LLC",665234892-665564149,"{\"frequencies\":[{\"band\":{\"value\":[806,824],\"uom\":\"MHz\"},\"erp\":{\"value\":500,\"uom\":\"W\"},\"standard\":1},{\"band\":{\"value\":[824,849],\"uom\":\"MHz\"},\"erp\":{\"value\":500,\"uom\":\"W\"},\"standard\":2},{\"band\":{\"value\":[851,866],\"uom\":\"MHz\"},\"erp\":{\"value\":500,\"uom\":\"W\"},\"standard\":3},{\"band\":{\"value\":[869,894],\"uom\":\"MHz\"},\"erp\":{\"value\":500,\"uom\":\"W\"},\"standard\":4},{\"band\":{\"value\":[896,901],\"uom\":\"MHz\"},\"erp\":{\"value\":500,\"uom\":\"W\"},\"standard\":5},{\"band\":{\"value\":[901,902],\"uom\":\"MHz\"},\"erp\":{\"value\":7,\"uom\":\"W\"},\"standard\":6},{\"band\":{\"value\":[930,931],\"uom\":\"MHz\"},\"erp\":{\"value\":3500,\"uom\":\"W\"},\"standard\":7},{\"band\":{\"value\":[931,932],\"uom\":\"MHz\"},\"erp\":{\"value\":3500,\"uom\":\"W\"},\"standard\":8},{\"band\":{\"value\":[932,932.5],\"uom\":\"MHz\"},\"erp\":{\"value\":17,\"uom\":\"dBW\"},\"standard\":9},{\"band\":{\"value\":[935,940],\"uom\":\"MHz\"},\"erp\":{\"value\":1000,\"uom\":\"W\"},\"standard\":10},{\"band\":{\"value\":[940,941],\"uom\":\"MHz\"},\"erp\":{\"value\":3500,\"uom\":\"W\"},\"standard\":11},{\"band\":{\"value\":[1850,1910],\"uom\":\"MHz\"},\"erp\":{\"value\":1640,\"uom\":\"W\"},\"standard\":12},{\"band\":{\"value\":[1930,1990],\"uom\":\"MHz\"},\"erp\":{\"value\":1640,\"uom\":\"W\"},\"standard\":13},{\"band\":{\"value\":[2305,2310],\"uom\":\"MHz\"},\"erp\":{\"value\":2000,\"uom\":\"W\"},\"standard\":14},{\"band\":{\"value\":[2345,2360],\"uom\":\"MHz\"},\"erp\":{\"value\":2000,\"uom\":\"W\"},\"standard\":15}]}"
2025-AAL-352-OE,2008-AAL-606-OE,Determined - No Hazard,No Hazard,2025-06-23,2025-06-23,2025-07-02,,61.65345,-149.5973917,4D,,,US-AK-5055 Meadow Lakes,Wasilla,Matanuska-Susitna,170,AK,WASILLA,31440,341,,Correcting Coordinates- IM,Site is located at 6926 N.  Sunset Dr.  in Matanuska-Susitna County  Wasilla  Alaska  99654.,Existing,Permanent,,,2008-07-11,2009-07-10,,1264522,TOWER$ANTENNA,103,,103,496,599,,599,"VERTICAL BRIDGE REIT, LLC","Vertical Bridge S3 Assets, LLC",665237082-668341076,"{\"frequencies\":[{\"band\":{\"value\":[806,824],\"uom\":\"MHz\"},\"erp\":{\"value\":500,\"uom\":\"W\"},\"standard\":1},{\"band\":{\"value\":[824,849],\"uom\":\"MHz\"},\"erp\":{\"value\":500,\"uom\":\"W\"},\"standard\":2},{\"band\":{\"value\":[851,866],\"uom\":\"MHz\"},\"erp\":{\"value\":500,\"uom\":\"W\"},\"standard\":3},{\"band\":{\"value\":[869,894],\"uom\":\"MHz\"},\"erp\":{\"value\":500,\"uom\":\"W\"},\"standard\":4},{\"band\":{\"value\":[896,901],\"uom\":\"MHz\"},\"erp\":{\"value\":500,\"uom\":\"W\"},\"standard\":5},{\"band\":{\"value\":[901,902],\"uom\":\"MHz\"},\"erp\":{\"value\":7,\"uom\":\"W\"},\"standard\":6},{\"band\":{\"value\":[930,931],\"uom\":\"MHz\"},\"erp\":{\"value\":3500,\"uom\":\"W\"},\"standard\":7},{\"band\":{\"value\":[931,932],\"uom\":\"MHz\"},\"erp\":{\"value\":3500,\"uom\":\"W\"},\"standard\":8},{\"band\":{\"value\":[932,932.5],\"uom\":\"MHz\"},\"erp\":{\"value\":17,\"uom\":\"dBW\"},\"standard\":9},{\"band\":{\"value\":[935,940],\"uom\":\"MHz\"},\"erp\":{\"value\":1000,\"uom\":\"W\"},\"standard\":10},{\"band\":{\"value\":[940,941],\"uom\":\"MHz\"},\"erp\":{\"value\":3500,\"uom\":\"W\"},\"standard\":11},{\"band\":{\"value\":[1850,1910],\"uom\":\"MHz\"},\"erp\":{\"value\":1640,\"uom\":\"W\"},\"standard\":12},{\"band\":{\"value\":[1930,1990],\"uom\":\"MHz\"},\"erp\":{\"value\":1640,\"uom\":\"W\"},\"standard\":13},{\"band\":{\"value\":[2305,2310],\"uom\":\"MHz\"},\"erp\":{\"value\":2000,\"uom\":\"W\"},\"standard\":14},{\"band\":{\"value\":[2345,2360],\"uom\":\"MHz\"},\"erp\":{\"value\":2000,\"uom\":\"W\"},\"standard\":15}]}"
2025-AAL-353-OE,2008-AAL-568-OE,Determined - No Hazard,No Hazard,2025-06-23,2025-06-23,2025-07-02,,59.8811611,-151.7881694,4D,,,US-AK-5125 Stariski,Anchor Point,Kenai Peninsula,122,AK,NINILCHIK,62546,216,,Correcting coordinates -IM,Site is located at 26935 Sterling Highway  in Kenai Peninsula County  Anchor Point  Alaska.,Existing,Permanent,,,2008-06-07,2009-06-06,,1264144,TOWER$ANTENNA,183,,183,226,409,,409,"VERTICAL BRIDGE REIT, LLC","Vertical Bridge S3 Assets, LLC",665240457-668338404,"{\"frequencies\":[{\"band\":{\"value\":[806,824],\"uom\":\"MHz\"},\"erp\":{\"value\":500,\"uom\":\"W\"},\"standard\":1},{\"band\":{\"value\":[824,849],\"uom\":\"MHz\"},\"erp\":{\"value\":500,\"uom\":\"W\"},\"standard\":2},{\"band\":{\"value\":[851,866],\"uom\":\"MHz\"},\"erp\":{\"value\":500,\"uom\":\"W\"},\"standard\":3},{\"band\":{\"value\":[869,894],\"uom\":\"MHz\"},\"erp\":{\"value\":500,\"uom\":\"W\"},\"standard\":4},{\"band\":{\"value\":[896,901],\"uom\":\"MHz\"},\"erp\":{\"value\":500,\"uom\":\"W\"},\"standard\":5},{\"band\":{\"value\":[901,902],\"uom\":\"MHz\"},\"erp\":{\"value\":7,\"uom\":\"W\"},\"standard\":6},{\"band\":{\"value\":[930,931],\"uom\":\"MHz\"},\"erp\":{\"value\":3500,\"uom\":\"W\"},\"standard\":7},{\"band\":{\"value\":[931,932],\"uom\":\"MHz\"},\"erp\":{\"value\":3500,\"uom\":\"W\"},\"standard\":8},{\"band\":{\"value\":[932,932.5],\"uom\":\"MHz\"},\"erp\":{\"value\":17,\"uom\":\"dBW\"},\"standard\":9},{\"band\":{\"value\":[935,940],\"uom\":\"MHz\"},\"erp\":{\"value\":1000,\"uom\":\"W\"},\"standard\":10},{\"band\":{\"value\":[940,941],\"uom\":\"MHz\"},\"erp\":{\"value\":3500,\"uom\":\"W\"},\"standard\":11},{\"band\":{\"value\":[1850,1910],\"uom\":\"MHz\"},\"erp\":{\"value\":1640,\"uom\":\"W\"},\"standard\":12},{\"band\":{\"value\":[1930,1990],\"uom\":\"MHz\"},\"erp\":{\"value\":1640,\"uom\":\"W\"},\"standard\":13},{\"band\":{\"value\":[2305,2310],\"uom\":\"MHz\"},\"erp\":{\"value\":2000,\"uom\":\"W\"},\"standard\":14},{\"band\":{\"value\":[2345,2360],\"uom\":\"MHz\"},\"erp\":{\"value\":2000,\"uom\":\"W\"},\"standard\":15}]}"
2025-AAL-354-OE,2008-AAL-562-OE,Determined - No Hazard,No Hazard,2025-06-23,2025-06-23,2025-07-02,,59.6837639,-151.6323194,4D,,,US-AK-5127 Anchor River Diamond Ridge,Homer,Kenai Peninsula,122,AK,HOMER,32005,296,,Corrected Coordinates -IM,Site is located at 66060 Diamond Ridge Rd.  in Kenai Peninsula County  Homer  Alaska.,Existing,Permanent,,,2008-06-06,2009-06-05,,1264136,TOWER$ANTENNA,183,,183,1137,1320,,1320,"VERTICAL BRIDGE REIT, LLC","Vertical Bridge S3 Assets, LLC",665242841-668339689,"{\"frequencies\":[{\"band\":{\"value\":[806,824],\"uom\":\"MHz\"},\"erp\":{\"value\":500,\"uom\":\"W\"},\"standard\":1},{\"band\":{\"value\":[824,849],\"uom\":\"MHz\"},\"erp\":{\"value\":500,\"uom\":\"W\"},\"standard\":2},{\"band\":{\"value\":[851,866],\"uom\":\"MHz\"},\"erp\":{\"value\":500,\"uom\":\"W\"},\"standard\":3},{\"band\":{\"value\":[869,894],\"uom\":\"MHz\"},\"erp\":{\"value\":500,\"uom\":\"W\"},\"standard\":4},{\"band\":{\"value\":[896,901],\"uom\":\"MHz\"},\"erp\":{\"value\":500,\"uom\":\"W\"},\"standard\":5},{\"band\":{\"value\":[901,902],\"uom\":\"MHz\"},\"erp\":{\"value\":7,\"uom\":\"W\"},\"standard\":6},{\"band\":{\"value\":[930,931],\"uom\":\"MHz\"},\"erp\":{\"value\":3500,\"uom\":\"W\"},\"standard\":7},{\"band\":{\"value\":[931,932],\"uom\":\"MHz\"},\"erp\":{\"value\":3500,\"uom\":\"W\"},\"standard\":8},{\"band\":{\"value\":[932,932.5],\"uom\":\"MHz\"},\"erp\":{\"value\":17,\"uom\":\"dBW\"},\"standard\":9},{\"band\":{\"value\":[935,940],\"uom\":\"MHz\"},\"erp\":{\"value\":1000,\"uom\":\"W\"},\"standard\":10},{\"band\":{\"value\":[940,941],\"uom\":\"MHz\"},\"erp\":{\"value\":3500,\"uom\":\"W\"},\"standard\":11},{\"band\":{\"value\":[1850,1910],\"uom\":\"MHz\"},\"erp\":{\"value\":1640,\"uom\":\"W\"},\"standard\":12},{\"band\":{\"value\":[1930,1990],\"uom\":\"MHz\"},\"erp\":{\"value\":1640,\"uom\":\"W\"},\"standard\":13},{\"band\":{\"value\":[2305,2310],\"uom\":\"MHz\"},\"erp\":{\"value\":2000,\"uom\":\"W\"},\"standard\":14},{\"band\":{\"value\":[2345,2360],\"uom\":\"MHz\"},\"erp\":{\"value\":2000,\"uom\":\"W\"},\"standard\":15}]}"
2025-AAL-355-OE,2014-AAL-189-OE,Determined - No Hazard,No Hazard,2025-06-23,2025-06-23,2025-06-24,,61.7129972,-145.1371806,4D,,,US-AK-5179 Edgerton Hwy,Anchorage,Valdez-Cordova,261,AK,COPPER CENTER 2,87732,162,,Correcting coordinates -IM,Edgerton Hwy,Existing,Permanent,,,,,,1294181,TOWER$ANTENNA,186,,186,2002,2188,,2188,"VERTICAL BRIDGE REIT, LLC","Vertical Bridge S3 Assets, LLC",665245016-665563988,"{\"frequencies\":[{\"band\":{\"value\":[806,824],\"uom\":\"MHz\"},\"erp\":{\"value\":500,\"uom\":\"W\"},\"standard\":1},{\"band\":{\"value\":[824,849],\"uom\":\"MHz\"},\"erp\":{\"value\":500,\"uom\":\"W\"},\"standard\":2},{\"band\":{\"value\":[851,866],\"uom\":\"MHz\"},\"erp\":{\"value\":500,\"uom\":\"W\"},\"standard\":3},{\"band\":{\"value\":[869,894],\"uom\":\"MHz\"},\"erp\":{\"value\":500,\"uom\":\"W\"},\"standard\":4},{\"band\":{\"value\":[896,901],\"uom\":\"MHz\"},\"erp\":{\"value\":500,\"uom\":\"W\"},\"standard\":5},{\"band\":{\"value\":[901,902],\"uom\":\"MHz\"},\"erp\":{\"value\":7,\"uom\":\"W\"},\"standard\":6},{\"band\":{\"value\":[930,931],\"uom\":\"MHz\"},\"erp\":{\"value\":3500,\"uom\":\"W\"},\"standard\":7},{\"band\":{\"value\":[931,932],\"uom\":\"MHz\"},\"erp\":{\"value\":3500,\"uom\":\"W\"},\"standard\":8},{\"band\":{\"value\":[932,932.5],\"uom\":\"MHz\"},\"erp\":{\"value\":17,\"uom\":\"dBW\"},\"standard\":9},{\"band\":{\"value\":[935,940],\"uom\":\"MHz\"},\"erp\":{\"value\":1000,\"uom\":\"W\"},\"standard\":10},{\"band\":{\"value\":[940,941],\"uom\":\"MHz\"},\"erp\":{\"value\":3500,\"uom\":\"W\"},\"standard\":11},{\"band\":{\"value\":[1850,1910],\"uom\":\"MHz\"},\"erp\":{\"value\":1640,\"uom\":\"W\"},\"standard\":12},{\"band\":{\"value\":[1930,1990],\"uom\":\"MHz\"},\"erp\":{\"value\":1640,\"uom\":\"W\"},\"standard\":13},{\"band\":{\"value\":[2305,2310],\"uom\":\"MHz\"},\"erp\":{\"value\":2000,\"uom\":\"W\"},\"standard\":14},{\"band\":{\"value\":[2345,2360],\"uom\":\"MHz\"},\"erp\":{\"value\":2000,\"uom\":\"W\"},\"standard\":15},{\"band\":{\"value\":[698,806],\"uom\":\"MHz\"},\"erp\":{\"value\":1000,\"uom\":\"W\"},\"standard\":16},{\"band\":{\"value\":[2120,2130],\"uom\":\"MHz\"},\"erp\":{\"value\":62,\"uom\":\"dBm\"},\"standard\":false}]}"
2025-AAL-356-OE,,Determined - No Hazard,No Hazard,2025-06-24,2025-06-24,2025-07-03,2027-01-03,63.77925,-171.7282389,4D,,,Gambell Secondary Icebridge sidemount 4855,Gambell,Nome,180,AK,GAMBELL,4679,9,,GCI is proposing to mount a communications antenna to their existing icebridge,UUI CO  Saint Lawrence Island,New Construction,Permanent,,,,,,,POLE,12,,12,12,24,,24,Cindy Hall,GCI Communication Corp,665587109-668503889,"{\"frequencies\":[{\"band\":{\"value\":[\"14000.0\",\"14500.0\"],\"uom\":\"MHz\"},\"erp\":{\"value\":\"7\",\"uom\":\"kW\"},\"overlap\":{\"standards\":[73],\"reason\":\"LEO user terminal operating in the Ku-Band, 47 CFR Part 25\",\"recorded\":\"2025-06-24T18:22:11.686Z\"},\"standard\":false}]}"
2025-AAL-358-OE,,Determined - No Hazard,No Hazard,2025-06-24,2025-06-24,2025-07-03,,65.61614167,-168.089575,4D,,,Wales ES BANT Sidemount 3427,Wales,Nome,180,AK,WALES,2484,161,,GCI proposes to side mount a communications antenna to its existing com shelter,On the existing Com Shelter at the GCI ES,Existing,Permanent,,,,,,,TOWER$ANTENNA,11,,11,17,28,,28,Cindy Hall,GCI Communication Corp,665592279-668504153,"{\"frequencies\":[{\"band\":{\"value\":[\"14000.0\",\"14500.0\"],\"uom\":\"MHz\"},\"erp\":{\"value\":\"7\",\"uom\":\"kW\"},\"overlap\":{\"standards\":[73],\"reason\":\"LEO user terminal operating in the Ku-Band, 47 CFR Part 25\",\"recorded\":\"2025-06-24T18:48:42.598Z\"},\"standard\":false}]}"
2025-AAL-361-OE,,Determined - No Hazard,No Hazard,2025-06-26,2025-06-27,2025-07-02,2027-01-02,59.750175,-161.9026278,1A,,,Quinhagak 4849,Quinhagak,Bethel,50,AK,QUINHAGAK,10713,260,,AWN proposes to construct a new Antenna tower for communication purposes in Quinhagak,Quinhagak Road and Winter Trail intersection  See attached 1A Survey,New Construction,Permanent,,,,,,1330005,TOWER$ANTENNA,105,,105,19,124,,124,Cindy Hall,Alaska Wireless Network,666081602-668342016,"{\"frequencies\":[{\"band\":{\"value\":[6,7],\"uom\":\"GHz\"},\"erp\":{\"value\":42,\"uom\":\"dBW\"},\"standard\":76},{\"band\":{\"value\":[6,7],\"uom\":\"GHz\"},\"erp\":{\"value\":55,\"uom\":\"dBW\"},\"standard\":89},{\"band\":{\"value\":[10,11.7],\"uom\":\"GHz\"},\"erp\":{\"value\":42,\"uom\":\"dBW\"},\"standard\":77},{\"band\":{\"value\":[10,11.7],\"uom\":\"GHz\"},\"erp\":{\"value\":55,\"uom\":\"dBW\"},\"standard\":90},{\"band\":{\"value\":[17.7,19.7],\"uom\":\"GHz\"},\"erp\":{\"value\":42,\"uom\":\"dBW\"},\"standard\":78},{\"band\":{\"value\":[17.7,19.7],\"uom\":\"GHz\"},\"erp\":{\"value\":55,\"uom\":\"dBW\"},\"standard\":91},{\"band\":{\"value\":[21.2,23.6],\"uom\":\"GHz\"},\"erp\":{\"value\":42,\"uom\":\"dBW\"},\"standard\":79},{\"band\":{\"value\":[21.2,23.6],\"uom\":\"GHz\"},\"erp\":{\"value\":55,\"uom\":\"dBW\"},\"standard\":92},{\"band\":{\"value\":[614,698],\"uom\":\"MHz\"},\"erp\":{\"value\":1000,\"uom\":\"W\"},\"standard\":93},{\"band\":{\"value\":[614,698],\"uom\":\"MHz\"},\"erp\":{\"value\":2000,\"uom\":\"W\"},\"standard\":94},{\"band\":{\"value\":[698,806],\"uom\":\"MHz\"},\"erp\":{\"value\":1000,\"uom\":\"W\"},\"standard\":16},{\"band\":{\"value\":[806,824],\"uom\":\"MHz\"},\"erp\":{\"value\":500,\"uom\":\"W\"},\"standard\":1},{\"band\":{\"value\":[806,901],\"uom\":\"MHz\"},\"erp\":{\"value\":500,\"uom\":\"W\"},\"standard\":80},{\"band\":{\"value\":[824,849],\"uom\":\"MHz\"},\"erp\":{\"value\":500,\"uom\":\"W\"},\"standard\":2},{\"band\":{\"value\":[851,866],\"uom\":\"MHz\"},\"erp\":{\"value\":500,\"uom\":\"W\"},\"standard\":3},{\"band\":{\"value\":[869,894],\"uom\":\"MHz\"},\"erp\":{\"value\":500,\"uom\":\"W\"},\"standard\":4},{\"band\":{\"value\":[896,901],\"uom\":\"MHz\"},\"erp\":{\"value\":500,\"uom\":\"W\"},\"standard\":5},{\"band\":{\"value\":[901,902],\"uom\":\"MHz\"},\"erp\":{\"value\":7,\"uom\":\"W\"},\"standard\":6},{\"band\":{\"value\":[929,932],\"uom\":\"MHz\"},\"erp\":{\"value\":3500,\"uom\":\"W\"},\"standard\":81},{\"band\":{\"value\":[930,931],\"uom\":\"MHz\"},\"erp\":{\"value\":3500,\"uom\":\"W\"},\"standard\":7},{\"band\":{\"value\":[931,932],\"uom\":\"MHz\"},\"erp\":{\"value\":3500,\"uom\":\"W\"},\"standard\":8},{\"band\":{\"value\":[932,932.5],\"uom\":\"MHz\"},\"erp\":{\"value\":17,\"uom\":\"dBW\"},\"standard\":9},{\"band\":{\"value\":[935,940],\"uom\":\"MHz\"},\"erp\":{\"value\":1000,\"uom\":\"W\"},\"standard\":10},{\"band\":{\"value\":[940,941],\"uom\":\"MHz\"},\"erp\":{\"value\":3500,\"uom\":\"W\"},\"standard\":11},{\"band\":{\"value\":[1670,1675],\"uom\":\"MHz\"},\"erp\":{\"value\":500,\"uom\":\"W\"},\"standard\":82},{\"band\":{\"value\":[1710,1755],\"uom\":\"MHz\"},\"erp\":{\"value\":500,\"uom\":\"W\"},\"standard\":83},{\"band\":{\"value\":[1850,1910],\"uom\":\"MHz\"},\"erp\":{\"value\":1640,\"uom\":\"W\"},\"standard\":12},{\"band\":{\"value\":[1850,1990],\"uom\":\"MHz\"},\"erp\":{\"value\":1640,\"uom\":\"W\"},\"standard\":84},{\"band\":{\"value\":[1930,1990],\"uom\":\"MHz\"},\"erp\":{\"value\":1640,\"uom\":\"W\"},\"standard\":13},{\"band\":{\"value\":[1990,2025],\"uom\":\"MHz\"},\"erp\":{\"value\":500,\"uom\":\"W\"},\"standard\":85},{\"band\":{\"value\":[2110,2200],\"uom\":\"MHz\"},\"erp\":{\"value\":500,\"uom\":\"W\"},\"standard\":86},{\"band\":{\"value\":[2305,2360],\"uom\":\"MHz\"},\"erp\":{\"value\":2000,\"uom\":\"W\"},\"standard\":87},{\"band\":{\"value\":[2305,2310],\"uom\":\"MHz\"},\"erp\":{\"value\":2000,\"uom\":\"W\"},\"standard\":14},{\"band\":{\"value\":[2345,2360],\"uom\":\"MHz\"},\"erp\":{\"value\":2000,\"uom\":\"W\"},\"standard\":15},{\"band\":{\"value\":[2496,2690],\"uom\":\"MHz\"},\"erp\":{\"value\":500,\"uom\":\"W\"},\"standard\":88},{\"band\":{\"value\":[\"14000.0\",\"14500.0\"],\"uom\":\"MHz\"},\"erp\":{\"value\":\"7\",\"uom\":\"kW\"},\"overlap\":{\"standards\":[73],\"reason\":\"LEO user terminal operating in the Ku-Band, 47 CFR Part 25\",\"recorded\":\"2025-06-27T01:17:24.123Z\"},\"standard\":false}]}"
2025-AAL-363-OE,,Determined - No Hazard,No Hazard,2025-06-30,2025-06-30,2025-07-23,,60.5853,-165.2512667,1A,,,Tununak UUI CO 1016,Tununak,Bethel,50,AK,TUNUNAK,5835,351,,AWN is proposing to register an existing antenna structure and add the 600 and 14000 frequency,At the UUI CO on Ataqac Lane,Existing,Permanent,,,,,,,TOWER$ANTENNA,60,,60,27,87,,87,Cindy Hall,"Unicom, Inc.",666661410-671229927,"{\"frequencies\":[{\"band\":{\"value\":[6,7],\"uom\":\"GHz\"},\"erp\":{\"value\":42,\"uom\":\"dBW\"},\"standard\":76},{\"band\":{\"value\":[6,7],\"uom\":\"GHz\"},\"erp\":{\"value\":55,\"uom\":\"dBW\"},\"standard\":89},{\"band\":{\"value\":[10,11.7],\"uom\":\"GHz\"},\"erp\":{\"value\":42,\"uom\":\"dBW\"},\"standard\":77},{\"band\":{\"value\":[10,11.7],\"uom\":\"GHz\"},\"erp\":{\"value\":55,\"uom\":\"dBW\"},\"standard\":90},{\"band\":{\"value\":[17.7,19.7],\"uom\":\"GHz\"},\"erp\":{\"value\":42,\"uom\":\"dBW\"},\"standard\":78},{\"band\":{\"value\":[17.7,19.7],\"uom\":\"GHz\"},\"erp\":{\"value\":55,\"uom\":\"dBW\"},\"standard\":91},{\"band\":{\"value\":[21.2,23.6],\"uom\":\"GHz\"},\"erp\":{\"value\":42,\"uom\":\"dBW\"},\"standard\":79},{\"band\":{\"value\":[21.2,23.6],\"uom\":\"GHz\"},\"erp\":{\"value\":55,\"uom\":\"dBW\"},\"standard\":92},{\"band\":{\"value\":[614,698],\"uom\":\"MHz\"},\"erp\":{\"value\":1000,\"uom\":\"W\"},\"standard\":93},{\"band\":{\"value\":[614,698],\"uom\":\"MHz\"},\"erp\":{\"value\":2000,\"uom\":\"W\"},\"standard\":94},{\"band\":{\"value\":[698,806],\"uom\":\"MHz\"},\"erp\":{\"value\":1000,\"uom\":\"W\"},\"standard\":16},{\"band\":{\"value\":[806,824],\"uom\":\"MHz\"},\"erp\":{\"value\":500,\"uom\":\"W\"},\"standard\":1},{\"band\":{\"value\":[806,901],\"uom\":\"MHz\"},\"erp\":{\"value\":500,\"uom\":\"W\"},\"standard\":80},{\"band\":{\"value\":[824,849],\"uom\":\"MHz\"},\"erp\":{\"value\":500,\"uom\":\"W\"},\"standard\":2},{\"band\":{\"value\":[851,866],\"uom\":\"MHz\"},\"erp\":{\"value\":500,\"uom\":\"W\"},\"standard\":3},{\"band\":{\"value\":[869,894],\"uom\":\"MHz\"},\"erp\":{\"value\":500,\"uom\":\"W\"},\"standard\":4},{\"band\":{\"value\":[896,901],\"uom\":\"MHz\"},\"erp\":{\"value\":500,\"uom\":\"W\"},\"standard\":5},{\"band\":{\"value\":[901,902],\"uom\":\"MHz\"},\"erp\":{\"value\":7,\"uom\":\"W\"},\"standard\":6},{\"band\":{\"value\":[929,932],\"uom\":\"MHz\"},\"erp\":{\"value\":3500,\"uom\":\"W\"},\"standard\":81},{\"band\":{\"value\":[930,931],\"uom\":\"MHz\"},\"erp\":{\"value\":3500,\"uom\":\"W\"},\"standard\":7},{\"band\":{\"value\":[931,932],\"uom\":\"MHz\"},\"erp\":{\"value\":3500,\"uom\":\"W\"},\"standard\":8},{\"band\":{\"value\":[932,932.5],\"uom\":\"MHz\"},\"erp\":{\"value\":17,\"uom\":\"dBW\"},\"standard\":9},{\"band\":{\"value\":[935,940],\"uom\":\"MHz\"},\"erp\":{\"value\":1000,\"uom\":\"W\"},\"standard\":10},{\"band\":{\"value\":[940,941],\"uom\":\"MHz\"},\"erp\":{\"value\":3500,\"uom\":\"W\"},\"standard\":11},{\"band\":{\"value\":[1670,1675],\"uom\":\"MHz\"},\"erp\":{\"value\":500,\"uom\":\"W\"},\"standard\":82},{\"band\":{\"value\":[1710,1755],\"uom\":\"MHz\"},\"erp\":{\"value\":500,\"uom\":\"W\"},\"standard\":83},{\"band\":{\"value\":[1850,1910],\"uom\":\"MHz\"},\"erp\":{\"value\":1640,\"uom\":\"W\"},\"standard\":12},{\"band\":{\"value\":[1850,1990],\"uom\":\"MHz\"},\"erp\":{\"value\":1640,\"uom\":\"W\"},\"standard\":84},{\"band\":{\"value\":[1930,1990],\"uom\":\"MHz\"},\"erp\":{\"value\":1640,\"uom\":\"W\"},\"standard\":13},{\"band\":{\"value\":[1990,2025],\"uom\":\"MHz\"},\"erp\":{\"value\":500,\"uom\":\"W\"},\"standard\":85},{\"band\":{\"value\":[2110,2200],\"uom\":\"MHz\"},\"erp\":{\"value\":500,\"uom\":\"W\"},\"standard\":86},{\"band\":{\"value\":[2305,2360],\"uom\":\"MHz\"},\"erp\":{\"value\":2000,\"uom\":\"W\"},\"standard\":87},{\"band\":{\"value\":[2305,2310],\"uom\":\"MHz\"},\"erp\":{\"value\":2000,\"uom\":\"W\"},\"standard\":14},{\"band\":{\"value\":[2345,2360],\"uom\":\"MHz\"},\"erp\":{\"value\":2000,\"uom\":\"W\"},\"standard\":15},{\"band\":{\"value\":[2496,2690],\"uom\":\"MHz\"},\"erp\":{\"value\":500,\"uom\":\"W\"},\"standard\":88},{\"band\":{\"value\":[\"14000.0\",\"14500.00\"],\"uom\":\"MHz\"},\"erp\":{\"value\":\"7\",\"uom\":\"kW\"},\"overlap\":{\"standards\":[73],\"reason\":\"LEO user terminal operating in the Ku-Band, 47 CFR Part 25\",\"recorded\":\"2025-06-30T18:29:25.668Z\"},\"standard\":false}]}"
2025-AAL-364-OE,,Determined - No Hazard,No Hazard,2025-06-30,2025-06-30,2025-07-23,2027-01-23,63.7792694,-171.7285083,4D,,,Gambell Secondary Icebridge sidemount 4855,Gambell,Nome,180,AK,GAMBELL,4679,9,,GCI is proposing to mount a communications antenna to their existing 10' icebridge.  The overall height of the antenna will be 14 feet,UUI CO  Saint Lawrence Island,New Construction,Permanent,,,,,,,POLE,14,,14,12,26,,26,Cindy Hall,GCI Communication Corp,666811248-671230356,"{\"frequencies\":[{\"band\":{\"value\":[\"14000.0\",\"14500.0\"],\"uom\":\"MHz\"},\"erp\":{\"value\":\"7\",\"uom\":\"kW\"},\"overlap\":{\"standards\":[73],\"reason\":\"LEO user terminal operating in the Ku-Band, 47 CFR Part 25\",\"recorded\":\"2025-06-30T22:36:01.425Z\"},\"standard\":false}]}"
2025-AAL-365-OE,,Determined - No Hazard,No Hazard,2025-06-30,2025-06-30,2025-07-23,2027-01-23,66.25436389,-166.07464167,4D,,,Shishmaref Non-Pen ground mount 4857,Shishmaref,Nome,180,AK,SHISHMAREF,2788,51,,GCI proposes to mount a telecommunications antenna on a non-penetrating ground mount.  The overall height will be 11 feet,At the GCI earth station in Shishmaref,New Construction,Permanent,,,,,,,TOWER$ANTENNA,11,,11,10,21,,21,Cindy Hall,GCI Communication Corp,666819829-671230894,"{\"frequencies\":[{\"band\":{\"value\":[\"14000.0\",\"14500.0\"],\"uom\":\"MHz\"},\"erp\":{\"value\":\"7\",\"uom\":\"kW\"},\"overlap\":{\"standards\":[73],\"reason\":\"LEO user terminal operating in the Ku-Band, 47 CFR Part 25\",\"recorded\":\"2025-06-30T22:49:08.956Z\"},\"standard\":false}]}"
2025-AAL-366-OE,,Determined - No Hazard,No Hazard,2025-06-30,2025-06-30,2025-07-11,2027-01-11,65.26462778,-166.36402222,4D,,,Teller Non-Pen ground mount 4861,Teller,Nome,180,AK,TELLER,9637,337,,GCI proposes to construct a communications antenna using a non-penetrating ground mount,At the GCI earth station in Teller,New Construction,Permanent,,,,,,,TOWER$ANTENNA,11,,11,11,22,,22,Cindy Hall,GCI Communication Corp,666829461-669065470,"{\"frequencies\":[{\"band\":{\"value\":[\"14000.0\",\"14500.0\"],\"uom\":\"MHz\"},\"erp\":{\"value\":\"7\",\"uom\":\"kW\"},\"overlap\":{\"standards\":[73],\"reason\":\"LEO user terminal operating in the Ku-Band, 47 CFR Part 25\",\"recorded\":\"2025-06-30T23:04:33.368Z\"},\"standard\":false}]}"
2025-AAL-367-OE,,Determined - No Hazard,No Hazard,2025-06-30,2025-06-30,2025-07-23,,64.503775,-165.42798056,4D,,,Nome ES Ice Bridge 4862,Nome,Nome,180,AK,NOME,4124,141,,GCI proposes to mount a communications antenna to its existing 12 foot ice bridge.  The overall height of the antenna will be 16 feet,GCI's earth station @ 313 Port Rd.,Existing,Permanent,,,,,,,OTHER,16,,16,15,31,,31,Cindy Hall,GCI Communication Corp,666834547-671230248,"{\"frequencies\":[{\"band\":{\"value\":[\"14000.0\",\"14500.00\"],\"uom\":\"MHz\"},\"erp\":{\"value\":\"7\",\"uom\":\"kW\"},\"overlap\":{\"standards\":[73],\"reason\":\"LEO user terminal operating in the Ku-Band, 47 CFR Part 25\",\"recorded\":\"2025-06-30T23:14:40.664Z\"},\"standard\":false}]}"
2025-AAL-368-OE,2025-AAL-357-OE,Determined - No Hazard,No Hazard,2025-06-30,2025-06-30,2025-07-23,2027-01-23,63.6944222,-170.4825028,4D,,,Savoonga UUI CO Icebridge Sidemount 4856,Savoonga,Nome,180,AK,SAVOONGA,3445,30,,GCI proposes to mount a communications antenna to its existing IceBridge,At the UUI CO  within the village of Savoonga,New Construction,Permanent,,,,,,,POLE,17,,17,43,60,,60,Cindy Hall,GCI Communication Corp,666837933-671230550,"{\"frequencies\":[{\"band\":{\"value\":[\"14000.0\",\"14500.0\"],\"uom\":\"MHz\"},\"erp\":{\"value\":\"7\",\"uom\":\"kW\"},\"overlap\":{\"standards\":[73],\"reason\":\"LEO user terminal operating in the Ku-Band, 47 CFR Part 25\",\"recorded\":\"2025-06-30T23:21:31.640Z\"},\"standard\":false}]}"
2025-AAL-369-OE,,Determined - No Hazard,No Hazard,2025-06-30,2025-07-01,2025-07-16,2027-01-16,61.2457083,-149.8318833,4D,Red lights and flags,,Crash Recovery Crane,Anchorage,Anchorage,20,AK,ELMENDORF AFB,4920,245,,The proposal is the temporary use of one or two cranes for the erection of a structure  Airspace Case Number 2025-AAL-0334-OE. The placement of the crane(s) will fall within the area outlined.,Project Site is located south of the Elmendorf Field  on JBER in Anchorage  AK.,New Construction,Temporary,0,10,2025-07-29,2026-05-29,,,CRANE$MOBILE,125,,125,162,287,,287,673 CIVIL ENGINEER SQ,673 CIVIL ENGINEER SQ,666942035-670269098,
2025-AAL-370-OE,,Determined - No Hazard,No Hazard,2025-07-02,2025-07-02,2025-07-23,2027-01-23,58.7095306,-157.0121528,4D,,,S Naknek Tower (BBT Shop),Bristol Bay,Bristol Bay,60,AK,SOUTH NAKNEK NR 2,3274,326,,Bristol Bay Telephone is building a Microwave Network to extend Broadband Service to their customers.,Extreme remote location,New Construction,Permanent,,,2023-04-01,2023-12-01,,,TOWER$ANTENNA,60,,60,124,184,,184,JERRY ADAMS,Bristol Bay Telephone,668240004-671230108,"{\"frequencies\":[{\"band\":{\"value\":[10,11.7],\"uom\":\"GHz\"},\"erp\":{\"value\":55,\"uom\":\"dBW\"},\"standard\":90},{\"band\":{\"value\":[21.2,23.6],\"uom\":\"GHz\"},\"erp\":{\"value\":42,\"uom\":\"dBW\"},\"standard\":79}]}"
2025-AAL-371-OE,,Determined - No Hazard,No Hazard,2025-07-07,2025-07-08,2025-07-23,2027-01-23,59.51717594,-139.68183474,4D,,,Excavator,Yakutat,Yakutat,282,AK,YAKUTAT,6457,322,,"The primary objectives of field activities are to perform a petroleum  oil  and lubricants (POL)-contaminated soil removal action in the vicinity of the former powerhouse and two aboveground storage tanks (ASTs) followed by sampling\ngroundwater from newly installed and existing monitoring wells at the site. Soil samples will be collected to guide the removal action and for removal action confirmation sampling.",Old Powerhouse west of Cannon Beach Road,New Construction,Temporary,0,13,2025-09-01,2026-09-30,,,CONSTRUCTION$VEHICLE,22,,22,57,79,,79,"Brice Engineering, LLC",ADOT&PF Southcoast Region,668682457-671231233,
2025-AAL-372-OE,,Determined - No Hazard,No Hazard,2025-07-10,2025-07-10,2025-07-15,2027-01-15,60.0409611,-151.6813861,4D,,,Ninilchik COW,Ninilchik,Kenai Peninsula,122,AK,NINILCHIK,18448,294,,AWN proposes to deploy a Cell-On-Wheels from 08/01/2025 through 08/04/2025,Located next to the existing tower at 66990 Willow Circle,New Construction,Temporary,4,0,2025-08-01,2025-08-04,,,TOWER$COW,60,,60,174,234,,234,Cindy Hall,Alaska Wireless Network,669008580-670057029,"{\"frequencies\":[{\"band\":{\"value\":[6,7],\"uom\":\"GHz\"},\"erp\":{\"value\":42,\"uom\":\"dBW\"},\"standard\":76},{\"band\":{\"value\":[6,7],\"uom\":\"GHz\"},\"erp\":{\"value\":55,\"uom\":\"dBW\"},\"standard\":89},{\"band\":{\"value\":[10,11.7],\"uom\":\"GHz\"},\"erp\":{\"value\":42,\"uom\":\"dBW\"},\"standard\":77},{\"band\":{\"value\":[10,11.7],\"uom\":\"GHz\"},\"erp\":{\"value\":55,\"uom\":\"dBW\"},\"standard\":90},{\"band\":{\"value\":[17.7,19.7],\"uom\":\"GHz\"},\"erp\":{\"value\":42,\"uom\":\"dBW\"},\"standard\":78},{\"band\":{\"value\":[17.7,19.7],\"uom\":\"GHz\"},\"erp\":{\"value\":55,\"uom\":\"dBW\"},\"standard\":91},{\"band\":{\"value\":[21.2,23.6],\"uom\":\"GHz\"},\"erp\":{\"value\":42,\"uom\":\"dBW\"},\"standard\":79},{\"band\":{\"value\":[21.2,23.6],\"uom\":\"GHz\"},\"erp\":{\"value\":55,\"uom\":\"dBW\"},\"standard\":92},{\"band\":{\"value\":[614,698],\"uom\":\"MHz\"},\"erp\":{\"value\":1000,\"uom\":\"W\"},\"standard\":93},{\"band\":{\"value\":[614,698],\"uom\":\"MHz\"},\"erp\":{\"value\":2000,\"uom\":\"W\"},\"standard\":94},{\"band\":{\"value\":[698,806],\"uom\":\"MHz\"},\"erp\":{\"value\":1000,\"uom\":\"W\"},\"standard\":16},{\"band\":{\"value\":[806,824],\"uom\":\"MHz\"},\"erp\":{\"value\":500,\"uom\":\"W\"},\"standard\":1},{\"band\":{\"value\":[806,901],\"uom\":\"MHz\"},\"erp\":{\"value\":500,\"uom\":\"W\"},\"standard\":80},{\"band\":{\"value\":[824,849],\"uom\":\"MHz\"},\"erp\":{\"value\":500,\"uom\":\"W\"},\"standard\":2},{\"band\":{\"value\":[851,866],\"uom\":\"MHz\"},\"erp\":{\"value\":500,\"uom\":\"W\"},\"standard\":3},{\"band\":{\"value\":[869,894],\"uom\":\"MHz\"},\"erp\":{\"value\":500,\"uom\":\"W\"},\"standard\":4},{\"band\":{\"value\":[896,901],\"uom\":\"MHz\"},\"erp\":{\"value\":500,\"uom\":\"W\"},\"standard\":5},{\"band\":{\"value\":[901,902],\"uom\":\"MHz\"},\"erp\":{\"value\":7,\"uom\":\"W\"},\"standard\":6},{\"band\":{\"value\":[929,932],\"uom\":\"MHz\"},\"erp\":{\"value\":3500,\"uom\":\"W\"},\"standard\":81},{\"band\":{\"value\":[930,931],\"uom\":\"MHz\"},\"erp\":{\"value\":3500,\"uom\":\"W\"},\"standard\":7},{\"band\":{\"value\":[931,932],\"uom\":\"MHz\"},\"erp\":{\"value\":3500,\"uom\":\"W\"},\"standard\":8},{\"band\":{\"value\":[932,932.5],\"uom\":\"MHz\"},\"erp\":{\"value\":17,\"uom\":\"dBW\"},\"standard\":9},{\"band\":{\"value\":[935,940],\"uom\":\"MHz\"},\"erp\":{\"value\":1000,\"uom\":\"W\"},\"standard\":10},{\"band\":{\"value\":[940,941],\"uom\":\"MHz\"},\"erp\":{\"value\":3500,\"uom\":\"W\"},\"standard\":11},{\"band\":{\"value\":[1670,1675],\"uom\":\"MHz\"},\"erp\":{\"value\":500,\"uom\":\"W\"},\"standard\":82},{\"band\":{\"value\":[1710,1755],\"uom\":\"MHz\"},\"erp\":{\"value\":500,\"uom\":\"W\"},\"standard\":83},{\"band\":{\"value\":[1850,1910],\"uom\":\"MHz\"},\"erp\":{\"value\":1640,\"uom\":\"W\"},\"standard\":12},{\"band\":{\"value\":[1850,1990],\"uom\":\"MHz\"},\"erp\":{\"value\":1640,\"uom\":\"W\"},\"standard\":84},{\"band\":{\"value\":[1930,1990],\"uom\":\"MHz\"},\"erp\":{\"value\":1640,\"uom\":\"W\"},\"standard\":13},{\"band\":{\"value\":[1990,2025],\"uom\":\"MHz\"},\"erp\":{\"value\":500,\"uom\":\"W\"},\"standard\":85},{\"band\":{\"value\":[2110,2200],\"uom\":\"MHz\"},\"erp\":{\"value\":500,\"uom\":\"W\"},\"standard\":86},{\"band\":{\"value\":[2305,2360],\"uom\":\"MHz\"},\"erp\":{\"value\":2000,\"uom\":\"W\"},\"standard\":87},{\"band\":{\"value\":[2305,2310],\"uom\":\"MHz\"},\"erp\":{\"value\":2000,\"uom\":\"W\"},\"standard\":14},{\"band\":{\"value\":[2345,2360],\"uom\":\"MHz\"},\"erp\":{\"value\":2000,\"uom\":\"W\"},\"standard\":15},{\"band\":{\"value\":[2496,2690],\"uom\":\"MHz\"},\"erp\":{\"value\":500,\"uom\":\"W\"},\"standard\":88},{\"band\":{\"value\":[\"14000.0\",\"14500.0\"],\"uom\":\"MHz\"},\"erp\":{\"value\":\"7\",\"uom\":\"kW\"},\"overlap\":{\"standards\":[73],\"reason\":\"LEO user terminal operating in the Ku-Band, 47 CFR Part 25\",\"recorded\":\"2025-07-10T22:03:21.556Z\"},\"standard\":false}]}"
2025-AAL-373-OE,,Determined - No Hazard,No Hazard,2025-07-10,2025-07-10,2025-07-30,2027-01-30,64.5144949,-165.386101,4D,,,Shop,Nome,Nome,180,AK,NOME CITY FLD,1299,30,,Proposed structure is a 60'x40' shop with a shed roof. Shop will be orientated with long side going easterly/westerly. Shop will have a shed roof  north side of structure roof AGL of ~20'  south side of structure roof AGL of ~18'.,Location is a small commercial lot near the north runway end of Nome City Field. The lot is small and irregularly shaped  and does not provide ample options for a commercial lot for trailers.,New Construction,Permanent,,,,,,,BUILDING,20,,20,76,96,,96,Samuel Phillips,Joe Burnham,669010100-671838558,
2025-AAL-375-NRA,,Determined - No Hazard,To Proponent,2025-04-03,2025-04-03,2025-05-05,,63.88908889,-152.29214444,4D,,,Temporary portable fuel,MINCHUMINA,Yukon-Koyukuk,290,AK,MINCHUMINA,0,,Y,The Alaska Division of Forestry and Fire Protection is planning to utilize the rural Minchumina airport to base a Type 3 helicopter for  summer 2025.  Due to the airport's lack of Fixed Base of Operations fuel site  a temporary portable fuel bladder will be established (2000 gallon Jet-A) by the Alaska Fire Service (AFS).  The fuel bladder will be contained within a containment berm  will be approximately 23 feet in diameter  and will have no portion taller than 4 feet off the ground.,,New Construction,Temporary,0,3,2025-07-01,2025-10-01,,,OTHER,,,4,656,,,660,Alaska Division of Forestry and Fire Protection,chris ferguson,,
2025-AAL-376-NRA,,Determined - No Hazard,To Proponent,2025-04-03,2025-04-03,2025-05-05,,63.88906944,-152.29214444,4D,,,Portable Temporary Fuel,MINCHUMINA,Yukon-Koyukuk,290,AK,MINCHUMINA,0,,Y,The Alaska Division of Forestry and Fire Protection is planning to utilize the rural Minchumina airport to base a Type 3 helicopter for  summer 2025.  Due to the airport&apos;s lack of Fixed Base of Operations fuel site  a temporary portable fuel bladder will be established (2000 gallon Jet-A) by the Alaska Fire Service (AFS).  The fuel bladder will be contained within a containment berm  will be approximately 23 feet in diameter  and will have no portion taller than 4 feet off the ground.,,New Construction,Temporary,0,3,2025-07-01,2025-10-01,,,BUILDING$MULTI_UNIT,,,4,656,,,660,Alaska Division of Forestry and Fire Protection,chris ferguson,,
2025-AAL-377-NRA,,Determined - No Hazard,To Proponent,2025-04-03,2025-04-03,2025-05-05,,63.88905278,-152.29216944,4D,,,,MINCHUMINA,Yukon-Koyukuk,290,AK,MINCHUMINA,0,,Y,The Alaska Division of Forestry and Fire Protection is planning to utilize the rural Minchumina airport to base a Type 3 helicopter for  summer 2025.  Due to the airport&apos;s lack of Fixed Base of Operations fuel site  a temporary portable fuel bladder will be established (2000 gallon Jet-A) by the Alaska Fire Service (AFS).  The fuel bladder will be contained within a containment berm  will be approximately 23 feet in diameter  and will have no portion taller than 4 feet off the ground.,,New Construction,Temporary,0,3,2025-07-01,2025-10-01,,,OTHER,,,4,656,,,660,Alaska Division of Forestry and Fire Protection,chris ferguson,,
2025-AAL-378-NRA,,Determined - No Hazard,To Proponent,2025-04-03,2025-04-03,2025-05-05,,63.88904722,-152.29221111,4D,,,,MINCHUMINA,Yukon-Koyukuk,290,AK,MINCHUMINA,0,,Y,The Alaska Division of Forestry and Fire Protection is planning to utilize the rural Minchumina airport to base a Type 3 helicopter for  summer 2025.  Due to the airport&apos;s lack of Fixed Base of Operations fuel site  a temporary portable fuel bladder will be established (2000 gallon Jet-A) by the Alaska Fire Service (AFS).  The fuel bladder will be contained within a containment berm  will be approximately 23 feet in diameter  and will have no portion taller than 4 feet off the ground.,,New Construction,Temporary,0,3,2025-07-01,2025-10-01,,,OTHER,,,4,656,,,660,Alaska Division of Forestry and Fire Protection,chris ferguson,,
2025-AAL-379-NRA,,Determined - No Hazard,To Proponent,2025-04-03,2025-04-03,2025-05-05,,63.88905278,-152.29225278,4D,,,Temporary portable fuel,MINCHUMINA,Yukon-Koyukuk,290,AK,MINCHUMINA,0,,Y,The Alaska Division of Forestry and Fire Protection is planning to utilize the rural Minchumina airport to base a Type 3 helicopter for  summer 2025.  Due to the airport&apos;s lack of Fixed Base of Operations fuel site  a temporary portable fuel bladder will be established (2000 gallon Jet-A) by the Alaska Fire Service (AFS).  The fuel bladder will be contained within a containment berm  will be approximately 23 feet in diameter  and will have no portion taller than 4 feet off the ground.,,New Construction,Temporary,0,3,2025-07-01,2025-10-01,,,OTHER,,,4,656,,,660,Alaska Division of Forestry and Fire Protection,chris ferguson,,
2025-AAL-380-NRA,,Determined - No Hazard,To Proponent,2025-04-03,2025-04-03,2025-05-05,,63.88906944,-152.29228056,4D,,,Portable temporary fuel,MINCHUMINA,Yukon-Koyukuk,290,AK,MINCHUMINA,0,,Y,The Alaska Division of Forestry and Fire Protection is planning to utilize the rural Minchumina airport to base a Type 3 helicopter for  summer 2025.  Due to the airport&apos;s lack of Fixed Base of Operations fuel site  a temporary portable fuel bladder will be established (2000 gallon Jet-A) by the Alaska Fire Service (AFS).  The fuel bladder will be contained within a containment berm  will be approximately 23 feet in diameter  and will have no portion taller than 4 feet off the ground.,,New Construction,Temporary,0,3,2025-07-01,2025-10-01,,,OTHER,,,4,656,,,660,Alaska Division of Forestry and Fire Protection,chris ferguson,,
2025-AAL-380-OE,,Studying,,2025-07-14,2025-07-14,,,61.24419734,-149.81012931,4D,,,9480 Chiller replacement,Anchorage,Anchorage,20,AK,ELMENDORF AFB,2692,194,,The project is to remove and replace a chiler on top of bld 9480.,"The project is located on JBER  Anchorage Alaska  approximately 2000 feet South of the Elmendorf Field ",New Construction,Temporary,4,0,2025-07-22,2025-07-25,,,CRANE$FIXED,,,150,179,,,329,,,,
2025-AAL-381-NRA,,Determined - No Hazard,To Proponent,2025-04-03,2025-04-03,2025-05-05,,63.88908889,-152.29228056,4D,,,portable temporary fuel,MINCHUMINA,Yukon-Koyukuk,290,AK,MINCHUMINA,0,,Y,The Alaska Division of Forestry and Fire Protection is planning to utilize the rural Minchumina airport to base a Type 3 helicopter for  summer 2025.  Due to the airport&apos;s lack of Fixed Base of Operations fuel site  a temporary portable fuel bladder will be established (2000 gallon Jet-A) by the Alaska Fire Service (AFS).  The fuel bladder will be contained within a containment berm  will be approximately 23 feet in diameter  and will have no portion taller than 4 feet off the ground.,,New Construction,Temporary,0,3,2025-07-01,2025-10-01,,,OTHER,,,4,656,,,660,Alaska Division of Forestry and Fire Protection,chris ferguson,,
2025-AAL-381-OE,,Determined - No Hazard,No Hazard,2025-07-14,2025-07-15,2025-07-28,2027-01-28,61.24458562,-149.81207783,4D,,,Bldg 9480  Generator Replacement,Anchorage,Anchorage,20,AK,ELMENDORF AFB,2660,202,,The project is to relace generators.  There will be a crane on site to remove the existing generators and another crane used to install new generators at a later time.,This project  is located on JBER  Anchorage Alaska.  the project is located approximately 2000 feet South of runway 06/24.,New Construction,Temporary,20,0,2026-04-15,2026-11-13,,,CRANE$FIXED,50,,50,172,222,,222,USAF PACAF 673rd CES/CENPP,673 CIVIL ENGINEER SQ,669998928-671518641,
2025-AAL-382-NRA,,Determined - No Hazard,To Proponent,2025-04-03,2025-04-03,2025-05-05,,63.88910556,-152.29225278,4D,,,Portable temporary fuel,MINCHUMINA,Yukon-Koyukuk,290,AK,MINCHUMINA,0,,Y,The Alaska Division of Forestry and Fire Protection is planning to utilize the rural Minchumina airport to base a Type 3 helicopter for  summer 2025.  Due to the airport&apos;s lack of Fixed Base of Operations fuel site  a temporary portable fuel bladder will be established (2000 gallon Jet-A) by the Alaska Fire Service (AFS).  The fuel bladder will be contained within a containment berm  will be approximately 23 feet in diameter  and will have no portion taller than 4 feet off the ground.,,New Construction,Temporary,0,3,2025-07-01,2025-10-01,,,OTHER,,,4,656,,,660,Alaska Division of Forestry and Fire Protection,chris ferguson,,
2025-AAL-383-NRA,,Determined - No Hazard,To Proponent,2025-04-03,2025-04-03,2025-05-05,,63.88911111,-152.29221111,4D,,,Portable Temporary Fuel,MINCHUMINA,Yukon-Koyukuk,290,AK,MINCHUMINA,0,,Y,The Alaska Division of Forestry and Fire Protection is planning to utilize the rural Minchumina airport to base a Type 3 helicopter for  summer 2025.  Due to the airport&apos;s lack of Fixed Base of Operations fuel site  a temporary portable fuel bladder will be established (2000 gallon Jet-A) by the Alaska Fire Service (AFS).  The fuel bladder will be contained within a containment berm  will be approximately 23 feet in diameter  and will have no portion taller than 4 feet off the ground.,,New Construction,Temporary,0,3,2025-07-01,2025-10-01,,,OTHER,,,4,656,,,660,Alaska Division of Forestry and Fire Protection,chris ferguson,,
2025-AAL-383-OE,,Determined - No Hazard,No Hazard,2025-07-18,2025-07-18,2025-07-30,2027-01-30,64.8484059,-147.8507507,4D,,,Fairbanks Alaska Temple,Fairbanks,Fairbanks North Star,90,AK,FAIRBANKS INTL,12124,4,,Construction of a new temple building for religious ordinances. Building will be modular construction  approximately 140' long by 126' wide  finished floor elevation of 449' ASL  26' high from finished floor to the top of the flat roof parapet and 107' high from finished floor to the top of the center steeple. Notice is being provided as required per the FAA pre-screening tool based on proposed building height and location.,725 Dennison Court  Fairbanks  AK 99709. Southeast of the intersection of Geist Road and Dennison Court. Temple will share the site with a new meetinghouse and small ancillary building.,New Construction,Permanent,,,,,,,BUILDING$CHURCH,114,,114,444,558,,558,NORR LLC,The Church of Jesus Christ of Latter-day Saints,670704188-671861894,
2025-AAL-384-NRA,,Determined - No Hazard,To Proponent,2025-04-03,2025-04-03,2025-05-05,,63.88910556,-152.29216944,4D,,,Portable Temporary Fuel,MINCHUMINA,Yukon-Koyukuk,290,AK,MINCHUMINA,0,,Y,The Alaska Division of Forestry and Fire Protection is planning to utilize the rural Minchumina airport to base a Type 3 helicopter for  summer 2025.  Due to the airport&apos;s lack of Fixed Base of Operations fuel site  a temporary portable fuel bladder will be established (2000 gallon Jet-A) by the Alaska Fire Service (AFS).  The fuel bladder will be contained within a containment berm  will be approximately 23 feet in diameter  and will have no portion taller than 4 feet off the ground.,,New Construction,Temporary,0,3,2025-07-01,2025-10-01,,,OTHER,,,4,656,,,660,Alaska Division of Forestry and Fire Protection,chris ferguson,,
2025-AAL-384-OE,,Determined - No Hazard,No Hazard,2025-07-18,2025-07-18,2025-07-30,2027-01-30,64.847749,-147.8523947,4D,,,Fairbanks Alaska Meetinghouse,Fairbanks,Fairbanks North Star,90,AK,FAIRBANKS INTL,11868,3,,Construction of a new meetinghouse building for religious meetings. Building is wood framed  approximately 206' long by 99' wide  finished floor elevation of 447' ASL  27' high from finished floor to the ridge of the peaked roof and 67' high from finished floor to the top of the steeple on the north side. Notice is being provided as required per the FAA pre-screening tool based on proposed building height and location.,725 Dennison Court  Fairbanks  AK 99709. Southeast of the intersection of Geist Road and Dennison Court. Meetinghouse will share the site with a new temple and small ancillary building.,New Construction,Permanent,,,,,,,BUILDING$CHURCH,69,,69,449,518,,518,NORR LLC,The Church of Jesus Christ of Latter-day Saints,670705748-671861895,
2025-AAL-386-NRA,2024-AAL-1773-NRA,Determined - No Hazard,Determination,2025-04-07,2025-04-07,2025-06-16,2026-12-16,61.17833333,-149.995,4D,,,ANC RON 12-14 Rehab,ANCHORAGE,Anchorage,20,AK,TED STEVENS ANCHORAGE INTL,0,,Y,Request for use of temporary equipment. CSPP review can be found in case 2024-AAL-1773-NRA. This project will be completed in 4 phases over the duration of 1 year. This project will rehabilitate the concrete joints and panels of hardstands RON 12-14 at the Ted Stevens Anchorage International Airport. Work includes elastomeric concrete repairs  joint sealant replacement  cold planing  paving  and pavement markings.,,New Construction,Temporary,0,13,2025-06-01,2026-07-01,,,CONSTRUCTION$VEHICLE,,,20,100,,,120,Granite Construction,ADOT,,
2025-AAL-386-OE,,Determined - No Hazard,No Hazard,2025-07-21,2025-07-21,2025-07-30,2027-01-30,58.397475,-134.5614722,1A,,,US-AK-5282 - Dredge Lake,Juneau,Juneau,110,AK,JUNEAU INTL,15964,12,,New Site Build - GG,4343 Mendenhall Loop Road,New Construction,Permanent,,,,,,,TOWER$ANTENNA,160,,160,65,225,,225,"VERTICAL BRIDGE REIT, LLC","The Towers, LLC",670976213-671838170,"{\"frequencies\":[{\"standard\":89,\"erp\":{\"uom\":\"dBW\",\"value\":55},\"purpose\":\"colo_void\",\"band\":{\"uom\":\"GHz\",\"value\":[6,7]}},{\"standard\":76,\"erp\":{\"uom\":\"dBW\",\"value\":42},\"purpose\":\"colo_void\",\"band\":{\"uom\":\"GHz\",\"value\":[6,7]}},{\"standard\":77,\"erp\":{\"uom\":\"dBW\",\"value\":42},\"purpose\":\"colo_void\",\"band\":{\"uom\":\"GHz\",\"value\":[10,11.7]}},{\"standard\":90,\"erp\":{\"uom\":\"dBW\",\"value\":55},\"purpose\":\"colo_void\",\"band\":{\"uom\":\"GHz\",\"value\":[10,11.7]}},{\"standard\":78,\"erp\":{\"uom\":\"dBW\",\"value\":42},\"purpose\":\"colo_void\",\"band\":{\"uom\":\"GHz\",\"value\":[17.7,19.7]}},{\"standard\":79,\"erp\":{\"uom\":\"dBW\",\"value\":42},\"purpose\":\"colo_void\",\"band\":{\"uom\":\"GHz\",\"value\":[21.2,23.6]}},{\"standard\":91,\"erp\":{\"uom\":\"dBW\",\"value\":55},\"purpose\":\"colo_void\",\"band\":{\"uom\":\"GHz\",\"value\":[17.7,19.7]}},{\"standard\":92,\"erp\":{\"uom\":\"dBW\",\"value\":55},\"purpose\":\"colo_void\",\"band\":{\"uom\":\"GHz\",\"value\":[21.2,23.6]}},{\"standard\":93,\"erp\":{\"uom\":\"W\",\"value\":1000},\"purpose\":\"data_entry\",\"band\":{\"uom\":\"MHz\",\"value\":[614,698]}},{\"standard\":94,\"erp\":{\"uom\":\"W\",\"value\":2000},\"purpose\":\"data_entry\",\"band\":{\"uom\":\"MHz\",\"value\":[614,698]}},{\"standard\":16,\"erp\":{\"uom\":\"W\",\"value\":1000},\"purpose\":\"colo_void\",\"band\":{\"uom\":\"MHz\",\"value\":[698,806]}},{\"standard\":1,\"erp\":{\"uom\":\"W\",\"value\":500},\"purpose\":\"colo_void\",\"band\":{\"uom\":\"MHz\",\"value\":[806,824]}},{\"standard\":2,\"erp\":{\"uom\":\"W\",\"value\":500},\"purpose\":\"colo_void\",\"band\":{\"uom\":\"MHz\",\"value\":[824,849]}},{\"standard\":80,\"erp\":{\"uom\":\"W\",\"value\":500},\"purpose\":\"colo_void\",\"band\":{\"uom\":\"MHz\",\"value\":[806,901]}},{\"standard\":3,\"erp\":{\"uom\":\"W\",\"value\":500},\"purpose\":\"colo_void\",\"band\":{\"uom\":\"MHz\",\"value\":[851,866]}},{\"standard\":4,\"erp\":{\"uom\":\"W\",\"value\":500},\"purpose\":\"colo_void\",\"band\":{\"uom\":\"MHz\",\"value\":[869,894]}},{\"standard\":5,\"erp\":{\"uom\":\"W\",\"value\":500},\"purpose\":\"colo_void\",\"band\":{\"uom\":\"MHz\",\"value\":[896,901]}},{\"standard\":6,\"erp\":{\"uom\":\"W\",\"value\":7},\"purpose\":\"colo_void\",\"band\":{\"uom\":\"MHz\",\"value\":[901,902]}},{\"standard\":81,\"erp\":{\"uom\":\"W\",\"value\":3500},\"purpose\":\"colo_void\",\"band\":{\"uom\":\"MHz\",\"value\":[929,932]}},{\"standard\":7,\"erp\":{\"uom\":\"W\",\"value\":3500},\"purpose\":\"colo_void\",\"band\":{\"uom\":\"MHz\",\"value\":[930,931]}},{\"standard\":8,\"erp\":{\"uom\":\"W\",\"value\":3500},\"purpose\":\"colo_void\",\"band\":{\"uom\":\"MHz\",\"value\":[931,932]}},{\"standard\":9,\"erp\":{\"uom\":\"dBW\",\"value\":17},\"purpose\":\"colo_void\",\"band\":{\"uom\":\"MHz\",\"value\":[932,932.5]}},{\"standard\":10,\"erp\":{\"uom\":\"W\",\"value\":1000},\"purpose\":\"colo_void\",\"band\":{\"uom\":\"MHz\",\"value\":[935,940]}},{\"standard\":11,\"erp\":{\"uom\":\"W\",\"value\":3500},\"purpose\":\"colo_void\",\"band\":{\"uom\":\"MHz\",\"value\":[940,941]}},{\"standard\":82,\"erp\":{\"uom\":\"W\",\"value\":500},\"purpose\":\"colo_void\",\"band\":{\"uom\":\"MHz\",\"value\":[1670,1675]}},{\"standard\":83,\"erp\":{\"uom\":\"W\",\"value\":500},\"purpose\":\"colo_void\",\"band\":{\"uom\":\"MHz\",\"value\":[1710,1755]}},{\"standard\":12,\"erp\":{\"uom\":\"W\",\"value\":1640},\"purpose\":\"colo_void\",\"band\":{\"uom\":\"MHz\",\"value\":[1850,1910]}},{\"standard\":13,\"erp\":{\"uom\":\"W\",\"value\":1640},\"purpose\":\"colo_void\",\"band\":{\"uom\":\"MHz\",\"value\":[1930,1990]}},{\"standard\":84,\"erp\":{\"uom\":\"W\",\"value\":1640},\"purpose\":\"colo_void\",\"band\":{\"uom\":\"MHz\",\"value\":[1850,1990]}},{\"standard\":86,\"erp\":{\"uom\":\"W\",\"value\":500},\"purpose\":\"colo_void\",\"band\":{\"uom\":\"MHz\",\"value\":[2110,2200]}},{\"standard\":87,\"erp\":{\"uom\":\"W\",\"value\":2000},\"purpose\":\"colo_void\",\"band\":{\"uom\":\"MHz\",\"value\":[2305,2360]}},{\"standard\":14,\"erp\":{\"uom\":\"W\",\"value\":2000},\"purpose\":\"colo_void\",\"band\":{\"uom\":\"MHz\",\"value\":[2305,2310]}},{\"standard\":15,\"erp\":{\"uom\":\"W\",\"value\":2000},\"purpose\":\"colo_void\",\"band\":{\"uom\":\"MHz\",\"value\":[2345,2360]}},{\"standard\":88,\"erp\":{\"uom\":\"W\",\"value\":500},\"purpose\":\"colo_void\",\"band\":{\"uom\":\"MHz\",\"value\":[2496,2690]}}]}"
2025-AAL-387-NRA,2024-AAL-1773-NRA,Determined - No Hazard,To Proponent,2025-04-07,2025-04-07,2025-06-16,,61.17916667,-149.99638889,4D,,,ANC RON 12-14 Rehab,ANCHORAGE,Anchorage,20,AK,TED STEVENS ANCHORAGE INTL,0,,Y,Request for use of temporary equipment. CSPP review can be found in case 2024-AAL-1773-NRA. This project will be completed in 4 phases over the duration of 1 year. This project will rehabilitate the concrete joints and panels of hardstands RON 12-14 at the Ted Stevens Anchorage International Airport. Work includes elastomeric concrete repairs  joint sealant replacement  cold planing  paving  and pavement markings.,,New Construction,Temporary,0,13,2025-06-01,2026-07-01,,,CONSTRUCTION$VEHICLE,,,20,100,,,120,Granite Construction,ADOT,,
2025-AAL-387-OE,,Studying,,2025-07-22,2025-07-22,,,64.49515833,-165.31496667,4D,,,FDV NDB,Nome,Nome,180,AK,NOME CITY FLD,13273,117,,The FDV NDB site is to be demolished and removed. The method of removal will include the use of heavy machinery (I.e. excavator  skid steer) and hand tools. The FDV NDB consists of two ~60 ft. towers and a down conductor.,"The FDV NDB site is located east of Nome off Beam Rd. and is surrounded by marsh/loamy areas. 64°29'41.04\"N 165°18'54.48\"W",New Construction,Temporary,0,6,2025-10-01,2026-04-01,,,CONSTRUCTION$VEHICLE,,,20,118,,,138,,,,
2025-AAL-388-NRA,2024-AAL-1773-NRA,Determined - No Hazard,To Proponent,2025-04-07,2025-04-07,2025-06-16,,61.1775,-149.99333334,4D,,,ANC RON 12-14 Rehab,ANCHORAGE,Anchorage,20,AK,TED STEVENS ANCHORAGE INTL,0,,Y,Request for use of temporary equipment. CSPP review can be found in case 2024-AAL-1773-NRA. This project will be completed in 4 phases over the duration of 1 year. This project will rehabilitate the concrete joints and panels of hardstands RON 12-14 at the Ted Stevens Anchorage International Airport. Work includes elastomeric concrete repairs  joint sealant replacement  cold planing  paving  and pavement markings.,,New Construction,Temporary,0,13,2025-06-01,2026-07-01,,,CONSTRUCTION$VEHICLE,,,20,101,,,121,Granite Construction,ADOT,,
2025-AAL-389-NRA,2024-AAL-1773-NRA,Determined - No Hazard,To Proponent,2025-04-07,2025-04-07,2025-06-16,,61.17722222,-149.995,4D,,,ANC RON 12-14 Rehab,ANCHORAGE,Anchorage,20,AK,TED STEVENS ANCHORAGE INTL,0,,Y,Request for use of temporary equipment. CSPP review can be found in case 2024-AAL-1773-NRA. This project will be completed in 4 phases over the duration of 1 year. This project will rehabilitate the concrete joints and panels of hardstands RON 12-14 at the Ted Stevens Anchorage International Airport. Work includes elastomeric concrete repairs  joint sealant replacement  cold planing  paving  and pavement markings.,,New Construction,Temporary,0,13,2025-06-01,2026-07-01,,,CONSTRUCTION$VEHICLE,,,20,105,,,125,Granite Construction,ADOT,,
2025-AAL-390-NRA,2024-AAL-1773-NRA,Determined - No Hazard,To Proponent,2025-04-07,2025-04-07,2025-06-16,,61.17972222,-149.99472222,4D,,,ANC RON 12-14 Rehab,ANCHORAGE,Anchorage,20,AK,TED STEVENS ANCHORAGE INTL,0,,Y,Request for use of temporary equipment. CSPP review can be found in case 2024-AAL-1773-NRA. This project will be completed in 4 phases over the duration of 1 year. This project will rehabilitate the concrete joints and panels of hardstands RON 12-14 at the Ted Stevens Anchorage International Airport. Work includes elastomeric concrete repairs  joint sealant replacement  cold planing  paving  and pavement markings.,,New Construction,Temporary,0,13,2025-06-01,2026-07-01,,,CONSTRUCTION$VEHICLE,,,20,97,,,117,Granite Construction,ADOT,,
2025-AAL-390-OE,,Determined - No Hazard,No Hazard,2025-07-25,2025-07-25,2025-07-30,2027-01-30,61.59941667,-149.35738889,4D,,,FA15712364 Cotton Lakewood,WASILLA,Matanuska-Susitna,170,AK,WASILLA,33288,72,,FAA filing for new monopole.,3600 EAST BOGARD ROAD WASILLA  AK,New Construction,Permanent,,,,,,,POLE$MONO,125,,125,406,531,,531,AT&T,AT&T (JC),671383014-671838417,"{\"frequencies\":[{\"band\":{\"value\":[6,7],\"uom\":\"GHz\"},\"erp\":{\"value\":42,\"uom\":\"dBW\"},\"standard\":76},{\"band\":{\"value\":[6,7],\"uom\":\"GHz\"},\"erp\":{\"value\":55,\"uom\":\"dBW\"},\"standard\":89},{\"band\":{\"value\":[10,11.7],\"uom\":\"GHz\"},\"erp\":{\"value\":42,\"uom\":\"dBW\"},\"standard\":77},{\"band\":{\"value\":[10,11.7],\"uom\":\"GHz\"},\"erp\":{\"value\":55,\"uom\":\"dBW\"},\"standard\":90},{\"band\":{\"value\":[17.7,19.7],\"uom\":\"GHz\"},\"erp\":{\"value\":42,\"uom\":\"dBW\"},\"standard\":78},{\"band\":{\"value\":[17.7,19.7],\"uom\":\"GHz\"},\"erp\":{\"value\":55,\"uom\":\"dBW\"},\"standard\":91},{\"band\":{\"value\":[21.2,23.6],\"uom\":\"GHz\"},\"erp\":{\"value\":42,\"uom\":\"dBW\"},\"standard\":79},{\"band\":{\"value\":[21.2,23.6],\"uom\":\"GHz\"},\"erp\":{\"value\":55,\"uom\":\"dBW\"},\"standard\":92},{\"band\":{\"value\":[614,698],\"uom\":\"MHz\"},\"erp\":{\"value\":1000,\"uom\":\"W\"},\"standard\":93},{\"band\":{\"value\":[614,698],\"uom\":\"MHz\"},\"erp\":{\"value\":2000,\"uom\":\"W\"},\"standard\":94},{\"band\":{\"value\":[698,806],\"uom\":\"MHz\"},\"erp\":{\"value\":1000,\"uom\":\"W\"},\"standard\":16},{\"band\":{\"value\":[806,824],\"uom\":\"MHz\"},\"erp\":{\"value\":500,\"uom\":\"W\"},\"standard\":1},{\"band\":{\"value\":[806,901],\"uom\":\"MHz\"},\"erp\":{\"value\":500,\"uom\":\"W\"},\"standard\":80},{\"band\":{\"value\":[824,849],\"uom\":\"MHz\"},\"erp\":{\"value\":500,\"uom\":\"W\"},\"standard\":2},{\"band\":{\"value\":[851,866],\"uom\":\"MHz\"},\"erp\":{\"value\":500,\"uom\":\"W\"},\"standard\":3},{\"band\":{\"value\":[869,894],\"uom\":\"MHz\"},\"erp\":{\"value\":500,\"uom\":\"W\"},\"standard\":4},{\"band\":{\"value\":[896,901],\"uom\":\"MHz\"},\"erp\":{\"value\":500,\"uom\":\"W\"},\"standard\":5},{\"band\":{\"value\":[901,902],\"uom\":\"MHz\"},\"erp\":{\"value\":7,\"uom\":\"W\"},\"standard\":6},{\"band\":{\"value\":[929,932],\"uom\":\"MHz\"},\"erp\":{\"value\":3500,\"uom\":\"W\"},\"standard\":81},{\"band\":{\"value\":[930,931],\"uom\":\"MHz\"},\"erp\":{\"value\":3500,\"uom\":\"W\"},\"standard\":7},{\"band\":{\"value\":[931,932],\"uom\":\"MHz\"},\"erp\":{\"value\":3500,\"uom\":\"W\"},\"standard\":8},{\"band\":{\"value\":[932,932.5],\"uom\":\"MHz\"},\"erp\":{\"value\":17,\"uom\":\"dBW\"},\"standard\":9},{\"band\":{\"value\":[935,940],\"uom\":\"MHz\"},\"erp\":{\"value\":1000,\"uom\":\"W\"},\"standard\":10},{\"band\":{\"value\":[940,941],\"uom\":\"MHz\"},\"erp\":{\"value\":3500,\"uom\":\"W\"},\"standard\":11},{\"band\":{\"value\":[1670,1675],\"uom\":\"MHz\"},\"erp\":{\"value\":500,\"uom\":\"W\"},\"standard\":82},{\"band\":{\"value\":[1710,1755],\"uom\":\"MHz\"},\"erp\":{\"value\":500,\"uom\":\"W\"},\"standard\":83},{\"band\":{\"value\":[1850,1910],\"uom\":\"MHz\"},\"erp\":{\"value\":1640,\"uom\":\"W\"},\"standard\":12},{\"band\":{\"value\":[1850,1990],\"uom\":\"MHz\"},\"erp\":{\"value\":1640,\"uom\":\"W\"},\"standard\":84},{\"band\":{\"value\":[1930,1990],\"uom\":\"MHz\"},\"erp\":{\"value\":1640,\"uom\":\"W\"},\"standard\":13},{\"band\":{\"value\":[1990,2025],\"uom\":\"MHz\"},\"erp\":{\"value\":500,\"uom\":\"W\"},\"standard\":85},{\"band\":{\"value\":[2110,2200],\"uom\":\"MHz\"},\"erp\":{\"value\":500,\"uom\":\"W\"},\"standard\":86},{\"band\":{\"value\":[2305,2360],\"uom\":\"MHz\"},\"erp\":{\"value\":2000,\"uom\":\"W\"},\"standard\":87},{\"band\":{\"value\":[2305,2310],\"uom\":\"MHz\"},\"erp\":{\"value\":2000,\"uom\":\"W\"},\"standard\":14},{\"band\":{\"value\":[2345,2360],\"uom\":\"MHz\"},\"erp\":{\"value\":2000,\"uom\":\"W\"},\"standard\":15},{\"band\":{\"value\":[2496,2690],\"uom\":\"MHz\"},\"erp\":{\"value\":500,\"uom\":\"W\"},\"standard\":88}]}"
2025-AAL-391-OE,2021-AAL-243-OE,Determined - No Hazard,No Hazard,2025-07-25,2025-07-25,2025-07-31,2027-01-31,64.80783333,-147.89063889,4D,,,Monitoring Well,Fairbanks,Fairbanks North Star,90,AK,FAIRBANKS INTL,5967,243,,Drill rig to install monitoring wells,Previous fuel tank farm and lot adjacent to forested lot.,New Construction,Temporary,0,12,2025-09-15,2025-11-28,,,RIG$DRILLING,20,,20,433,453,,453,Chris Schultz,Chris Schultz,671385622-672066949,
2025-AAL-394-NRA,2024-AAL-904-NRA,Determined - No Hazard,Determination,2025-04-08,2025-04-08,2025-06-17,2026-12-17,57.75467222,-152.51109722,4D,,,WA1 P1 - Vehicle Gate 9,KODIAK,Kodiak Island,150,AK,KODIAK,0,,Y,"Request of use of temporary equipment for the replacement of gates  fencing and replace culvert/culvert security screening in accordance with CSPP reviewed in case 2024-AAL-904-NRA. Includes work on pedestrian gate 9 with a new 4 foot gate with access control. Work on vehicle gate 10 with a new 20 foot vertical pivot hydraulic gate. Demolition and reconstruction of new pavement. Temporary chain link fences and marking barriers throughout work area. \r\n\r\nEquipment will include excavators with maximum 40 foot vertical reach.",,New Construction,Temporary,11,3,2025-04-30,2026-10-31,,,CONSTRUCTION$VEHICLE,,,40,55,,,95,QAP,QAP,,
2025-AAL-394-OE,,Studying,,2025-07-28,2025-07-28,,,59.2299,-135.471123,4D,,,Haines Borough,Haines,Haines,100,AK,HAINES,11058,117,,190' Wireless communications facility (lattice) with a 4' lightning rod (194' max height) contained within a 50' x 50' fenced compound.,Top of hill to the South West in City of Haines,New Construction,Permanent,,,,,,,TOWER$ANTENNA,,,194,366,,,560,,,,"{\"frequencies\":[{\"band\":{\"value\":[6,7],\"uom\":\"GHz\"},\"erp\":{\"value\":42,\"uom\":\"dBW\"},\"standard\":76},{\"band\":{\"value\":[6,7],\"uom\":\"GHz\"},\"erp\":{\"value\":55,\"uom\":\"dBW\"},\"standard\":89},{\"band\":{\"value\":[10,11.7],\"uom\":\"GHz\"},\"erp\":{\"value\":42,\"uom\":\"dBW\"},\"standard\":77},{\"band\":{\"value\":[10,11.7],\"uom\":\"GHz\"},\"erp\":{\"value\":55,\"uom\":\"dBW\"},\"standard\":90},{\"band\":{\"value\":[17.7,19.7],\"uom\":\"GHz\"},\"erp\":{\"value\":42,\"uom\":\"dBW\"},\"standard\":78},{\"band\":{\"value\":[17.7,19.7],\"uom\":\"GHz\"},\"erp\":{\"value\":55,\"uom\":\"dBW\"},\"standard\":91},{\"band\":{\"value\":[21.2,23.6],\"uom\":\"GHz\"},\"erp\":{\"value\":42,\"uom\":\"dBW\"},\"standard\":79},{\"band\":{\"value\":[21.2,23.6],\"uom\":\"GHz\"},\"erp\":{\"value\":55,\"uom\":\"dBW\"},\"standard\":92},{\"band\":{\"value\":[614,698],\"uom\":\"MHz\"},\"erp\":{\"value\":1000,\"uom\":\"W\"},\"standard\":93},{\"band\":{\"value\":[614,698],\"uom\":\"MHz\"},\"erp\":{\"value\":2000,\"uom\":\"W\"},\"standard\":94},{\"band\":{\"value\":[698,806],\"uom\":\"MHz\"},\"erp\":{\"value\":1000,\"uom\":\"W\"},\"standard\":16},{\"band\":{\"value\":[806,824],\"uom\":\"MHz\"},\"erp\":{\"value\":500,\"uom\":\"W\"},\"standard\":1},{\"band\":{\"value\":[806,901],\"uom\":\"MHz\"},\"erp\":{\"value\":500,\"uom\":\"W\"},\"standard\":80},{\"band\":{\"value\":[824,849],\"uom\":\"MHz\"},\"erp\":{\"value\":500,\"uom\":\"W\"},\"standard\":2},{\"band\":{\"value\":[851,866],\"uom\":\"MHz\"},\"erp\":{\"value\":500,\"uom\":\"W\"},\"standard\":3},{\"band\":{\"value\":[869,894],\"uom\":\"MHz\"},\"erp\":{\"value\":500,\"uom\":\"W\"},\"standard\":4},{\"band\":{\"value\":[896,901],\"uom\":\"MHz\"},\"erp\":{\"value\":500,\"uom\":\"W\"},\"standard\":5},{\"band\":{\"value\":[901,902],\"uom\":\"MHz\"},\"erp\":{\"value\":7,\"uom\":\"W\"},\"standard\":6},{\"band\":{\"value\":[929,932],\"uom\":\"MHz\"},\"erp\":{\"value\":3500,\"uom\":\"W\"},\"standard\":81},{\"band\":{\"value\":[930,931],\"uom\":\"MHz\"},\"erp\":{\"value\":3500,\"uom\":\"W\"},\"standard\":7},{\"band\":{\"value\":[931,932],\"uom\":\"MHz\"},\"erp\":{\"value\":3500,\"uom\":\"W\"},\"standard\":8},{\"band\":{\"value\":[932,932.5],\"uom\":\"MHz\"},\"erp\":{\"value\":17,\"uom\":\"dBW\"},\"standard\":9},{\"band\":{\"value\":[935,940],\"uom\":\"MHz\"},\"erp\":{\"value\":1000,\"uom\":\"W\"},\"standard\":10},{\"band\":{\"value\":[940,941],\"uom\":\"MHz\"},\"erp\":{\"value\":3500,\"uom\":\"W\"},\"standard\":11},{\"band\":{\"value\":[1670,1675],\"uom\":\"MHz\"},\"erp\":{\"value\":500,\"uom\":\"W\"},\"standard\":82},{\"band\":{\"value\":[1710,1755],\"uom\":\"MHz\"},\"erp\":{\"value\":500,\"uom\":\"W\"},\"standard\":83},{\"band\":{\"value\":[1850,1910],\"uom\":\"MHz\"},\"erp\":{\"value\":1640,\"uom\":\"W\"},\"standard\":12},{\"band\":{\"value\":[1850,1990],\"uom\":\"MHz\"},\"erp\":{\"value\":1640,\"uom\":\"W\"},\"standard\":84},{\"band\":{\"value\":[1930,1990],\"uom\":\"MHz\"},\"erp\":{\"value\":1640,\"uom\":\"W\"},\"standard\":13},{\"band\":{\"value\":[1990,2025],\"uom\":\"MHz\"},\"erp\":{\"value\":500,\"uom\":\"W\"},\"standard\":85},{\"band\":{\"value\":[2110,2200],\"uom\":\"MHz\"},\"erp\":{\"value\":500,\"uom\":\"W\"},\"standard\":86},{\"band\":{\"value\":[2305,2360],\"uom\":\"MHz\"},\"erp\":{\"value\":2000,\"uom\":\"W\"},\"standard\":87},{\"band\":{\"value\":[2305,2310],\"uom\":\"MHz\"},\"erp\":{\"value\":2000,\"uom\":\"W\"},\"standard\":14},{\"band\":{\"value\":[2345,2360],\"uom\":\"MHz\"},\"erp\":{\"value\":2000,\"uom\":\"W\"},\"standard\":15},{\"band\":{\"value\":[2496,2690],\"uom\":\"MHz\"},\"erp\":{\"value\":500,\"uom\":\"W\"},\"standard\":88}]}"
2025-AAL-395-NRA,2024-AAL-904-NRA,Determined - No Hazard,To Proponent,2025-04-08,2025-04-08,2025-06-17,,57.75519167,-152.51091667,4D,,,WA1 P1 - Vehicle Gate 9,KODIAK,Kodiak Island,150,AK,KODIAK,0,,Y,"Request of use of temporary equipment for the replacement of gates  fencing and replace culvert/culvert security screening in accordance with CSPP reviewed in case 2024-AAL-904-NRA. Includes work on pedestrian gate 9 with a new 4 foot gate with access control. Work on vehicle gate 10 with a new 20 foot vertical pivot hydraulic gate. Demolition and reconstruction of new pavement. Temporary chain link fences and marking barriers throughout work area. \r\n\r\nEquipment will include excavators with maximum 40 foot vertical reach.",,New Construction,Temporary,11,3,2025-04-30,2026-10-31,,,CONSTRUCTION$VEHICLE,,,40,55,,,95,QAP,QAP,,
2025-AAL-396-NRA,2024-AAL-904-NRA,Determined - No Hazard,To Proponent,2025-04-08,2025-04-08,2025-06-17,,57.75451667,-152.510375,4D,,,WA1 P1 - Vehicle Gate 9,KODIAK,Kodiak Island,150,AK,KODIAK,0,,Y,"Request of use of temporary equipment for the replacement of gates  fencing and replace culvert/culvert security screening in accordance with CSPP reviewed in case 2024-AAL-904-NRA. Includes work on pedestrian gate 9 with a new 4 foot gate with access control. Work on vehicle gate 10 with a new 20 foot vertical pivot hydraulic gate. Demolition and reconstruction of new pavement. Temporary chain link fences and marking barriers throughout work area. \r\n\r\nEquipment will include excavators with maximum 40 foot vertical reach.",,New Construction,Temporary,11,3,2025-04-30,2026-10-31,,,CONSTRUCTION$VEHICLE,,,40,55,,,95,QAP,QAP,,
2025-AAL-397-NRA,2024-AAL-904-NRA,Determined - No Hazard,To Proponent,2025-04-08,2025-04-08,2025-06-17,,57.75479444,-152.510325,4D,,,WA1 P1 - Vehicle Gate 9,KODIAK,Kodiak Island,150,AK,KODIAK,0,,Y,"Request of use of temporary equipment for the replacement of gates  fencing and replace culvert/culvert security screening in accordance with CSPP reviewed in case 2024-AAL-904-NRA. Includes work on pedestrian gate 9 with a new 4 foot gate with access control. Work on vehicle gate 10 with a new 20 foot vertical pivot hydraulic gate. Demolition and reconstruction of new pavement. Temporary chain link fences and marking barriers throughout work area. \r\n\r\nEquipment will include excavators with maximum 40 foot vertical reach.",,New Construction,Temporary,11,3,2025-04-30,2026-10-31,,,CONSTRUCTION$VEHICLE,,,40,55,,,95,QAP,QAP,,
2025-AAL-398-NRA,2024-AAL-904-NRA,Determined - No Hazard,To Proponent,2025-04-08,2025-04-08,2025-06-17,,57.75505556,-152.51035833,4D,,,WA1 P1 - Vehicle Gate 9,KODIAK,Kodiak Island,150,AK,KODIAK,0,,Y,"Request of use of temporary equipment for the replacement of gates  fencing and replace culvert/culvert security screening in accordance with CSPP reviewed in case 2024-AAL-904-NRA. Includes work on pedestrian gate 9 with a new 4 foot gate with access control. Work on vehicle gate 10 with a new 20 foot vertical pivot hydraulic gate. Demolition and reconstruction of new pavement. Temporary chain link fences and marking barriers throughout work area. \r\n\r\nEquipment will include excavators with maximum 40 foot vertical reach.",,New Construction,Temporary,11,3,2025-04-30,2026-10-31,,,CONSTRUCTION$VEHICLE,,,40,55,,,95,QAP,QAP,,
2025-AAL-408-NRA,2024-AAL-904-NRA,Determined - No Hazard,To Proponent,2025-04-09,2025-04-09,2025-04-30,,57.75588056,-152.51649167,4D,,,WA1 P1- Ped Gate 1,KODIAK,Kodiak Island,150,AK,KODIAK,0,,Y,"Request of use of temporary equipment for the replacement of gates  fencing and replace culvert/culvert security screening in accordance with CSPP reviewed in case 2024-AAL-904-NRA. Includes removal and new construction of pedestrian gate 1. Temporary fence line and hazard markings will be placed as well as new barbed wire on top of existing fence line.\r\n\r\nEquipment in this area may include an excavator with a maximum vertical reach of 40 feet.",,New Construction,Temporary,24,0,2025-06-01,2026-10-31,,,CONSTRUCTION$VEHICLE,,,40,50,,,90,QAP,Alaska DOT & PF,,
2025-AAL-409-NRA,2024-AAL-904-NRA,Determined - No Hazard,To Proponent,2025-04-09,2025-04-09,2025-04-30,,57.75588889,-152.51610833,4D,,,WA1 P1- Ped Gate 1,KODIAK,Kodiak Island,150,AK,KODIAK,0,,Y,"Request of use of temporary equipment for the replacement of gates  fencing and replace culvert/culvert security screening in accordance with CSPP reviewed in case 2024-AAL-904-NRA. Includes removal and new construction of pedestrian gate 1. Temporary fence line and hazard markings will be placed as well as new barbed wire on top of existing fence line.\r\n\r\nEquipment in this area may include an excavator with a maximum vertical reach of 40 feet.",,New Construction,Temporary,0,1,2025-06-01,2026-10-31,,,CONSTRUCTION$VEHICLE,,,40,50,,,90,QAP,Alaska DOT & PF,,
2025-AAL-410-NRA,2024-AAL-904-NRA,Determined - No Hazard,To Proponent,2025-04-09,2025-04-09,2025-04-30,,57.75576667,-152.51617778,4D,,,WA1 P1- Ped Gate 1,KODIAK,Kodiak Island,150,AK,KODIAK,0,,Y,"Request of use of temporary equipment for the replacement of gates  fencing and replace culvert/culvert security screening in accordance with CSPP reviewed in case 2024-AAL-904-NRA. Includes removal and new construction of pedestrian gate 1. Temporary fence line and hazard markings will be placed as well as new barbed wire on top of existing fence line.\r\n\r\nEquipment in this area may include an excavator with a maximum vertical reach of 40 feet.",,New Construction,Temporary,0,1,2025-06-01,2026-10-31,,,CONSTRUCTION$VEHICLE,,,40,50,,,90,QAP,Alaska DOT & PF,,
2025-AAL-411-NRA,2024-AAL-904-NRA,Determined - No Hazard,To Proponent,2025-04-09,2025-04-09,2025-04-30,,57.75574167,-152.51651667,4D,,,WA1 P1- Ped Gate 1,KODIAK,Kodiak Island,150,AK,KODIAK,0,,Y,"Request of use of temporary equipment for the replacement of gates  fencing and replace culvert/culvert security screening in accordance with CSPP reviewed in case 2024-AAL-904-NRA. Includes removal and new construction of pedestrian gate 1. Temporary fence line and hazard markings will be placed as well as new barbed wire on top of existing fence line.\r\n\r\nEquipment in this area may include an excavator with a maximum vertical reach of 40 feet.",,New Construction,Temporary,0,1,2025-06-01,2026-10-31,,,CONSTRUCTION$VEHICLE,,,40,50,,,90,QAP,Alaska DOT & PF,,
2025-AAL-427-NRA,2024-AAL-904-NRA,Determined - No Hazard,To Proponent,2025-04-09,2025-04-09,2025-05-05,,57.75475,-152.51673889,4D,,,WA1 P2- Vehicle Gate A,KODIAK,Kodiak Island,150,AK,KODIAK,0,,Y,"Request of use of temporary equipment for the replacement of gates  fencing and replace culvert/culvert security screening in accordance with CSPP reviewed in case 2024-AAL-904-NRA. Removal of vehicle gate 23 and addition of hydraulic vertical pivot vehicle gate A.\r\nRemoval of existing fence line and reconstruction of new chain link fence. \r\nDemolition and repavement of asphalt.\r\nTemporary chain link fence and hazard markings will be placed.\r\n\r\nEquipment for work area may include an excavator with a maximum vertical reach of 40 feet.",,New Construction,Temporary,5,2,2025-06-01,2026-10-31,,,CONSTRUCTION$VEHICLE,,,40,55,,,95,QAP,Alaska DOT & PF,,
2025-AAL-428-NRA,2024-AAL-904-NRA,Determined - No Hazard,To Proponent,2025-04-09,2025-04-09,2025-05-05,,57.75421667,-152.51653056,4D,,,WA1 P2- Vehicle Gate A,KODIAK,Kodiak Island,150,AK,KODIAK,0,,Y,"Request of use of temporary equipment for the replacement of gates  fencing and replace culvert/culvert security screening in accordance with CSPP reviewed in case 2024-AAL-904-NRA. Removal of vehicle gate 23 and addition of hydraulic vertical pivot vehicle gate A.\r\nRemoval of existing fence line and reconstruction of new chain link fence. \r\nDemolition and repavement of asphalt.\r\nTemporary chain link fence and hazard markings will be placed.\r\n\r\nEquipment for work area may include an excavator with a maximum vertical reach of 40 feet.",,New Construction,Temporary,5,2,2025-06-01,2026-10-31,,,CONSTRUCTION$VEHICLE,,,40,55,,,95,QAP,Alaska DOT & PF,,
2025-AAL-429-NRA,2024-AAL-904-NRA,Determined - No Hazard,To Proponent,2025-04-09,2025-04-09,2025-05-05,,57.75475,-152.51673889,4D,,,WA1 P2- Vehicle Gate A,KODIAK,Kodiak Island,150,AK,KODIAK,0,,Y,"Request of use of temporary equipment for the replacement of gates  fencing and replace culvert/culvert security screening in accordance with CSPP reviewed in case 2024-AAL-904-NRA. Removal of vehicle gate 23 and addition of hydraulic vertical pivot vehicle gate A.\r\nRemoval of existing fence line and reconstruction of new chain link fence. \r\nDemolition and repavement of asphalt.\r\nTemporary chain link fence and hazard markings will be placed.\r\n\r\nEquipment for work area may include an excavator with a maximum vertical reach of 40 feet.",,New Construction,Temporary,5,2,2025-06-01,2026-10-31,,,CONSTRUCTION$VEHICLE,,,40,55,,,95,QAP,Alaska DOT & PF,,
2025-AAL-430-NRA,2024-AAL-904-NRA,Determined - No Hazard,To Proponent,2025-04-09,2025-04-09,2025-05-05,,57.75453611,-152.51676111,4D,,,WA1 P2- Vehicle Gate A,KODIAK,Kodiak Island,150,AK,KODIAK,0,,Y,"Request of use of temporary equipment for the replacement of gates  fencing and replace culvert/culvert security screening in accordance with CSPP reviewed in case 2024-AAL-904-NRA. Removal of vehicle gate 23 and addition of hydraulic vertical pivot vehicle gate A.\r\nRemoval of existing fence line and reconstruction of new chain link fence. \r\nDemolition and repavement of asphalt.\r\nTemporary chain link fence and hazard markings will be placed.\r\n\r\nEquipment for work area may include an excavator with a maximum vertical reach of 40 feet.",,New Construction,Temporary,5,2,2025-06-01,2026-10-31,,,CONSTRUCTION$VEHICLE,,,40,55,,,95,QAP,Alaska DOT & PF,,
2025-AAL-431-NRA,2024-AAL-904-NRA,Determined - No Hazard,To Proponent,2025-04-09,2025-04-09,2025-05-05,,57.75453611,-152.51676111,4D,,,WA1 P2- Vehicle Gate A,KODIAK,Kodiak Island,150,AK,KODIAK,0,,Y,"Request of use of temporary equipment for the replacement of gates  fencing and replace culvert/culvert security screening in accordance with CSPP reviewed in case 2024-AAL-904-NRA. Removal of vehicle gate 23 and addition of hydraulic vertical pivot vehicle gate A.\r\nRemoval of existing fence line and reconstruction of new chain link fence. \r\nDemolition and repavement of asphalt.\r\nTemporary chain link fence and hazard markings will be placed.\r\n\r\nEquipment for work area may include an excavator with a maximum vertical reach of 40 feet.",,New Construction,Temporary,5,2,2025-06-01,2026-10-31,,,CONSTRUCTION$VEHICLE,,,40,55,,,95,QAP,Alaska DOT & PF,,
2025-AAL-432-NRA,2024-AAL-904-NRA,Determined - No Hazard,To Proponent,2025-04-09,2025-04-09,2025-05-05,,57.75421667,-152.51653056,4D,,,WA1 P2- Vehicle Gate A,KODIAK,Kodiak Island,150,AK,KODIAK,0,,Y,"Request of use of temporary equipment for the replacement of gates  fencing and replace culvert/culvert security screening in accordance with CSPP reviewed in case 2024-AAL-904-NRA. Removal of vehicle gate 23 and addition of hydraulic vertical pivot vehicle gate A.\r\nRemoval of existing fence line and reconstruction of new chain link fence. \r\nDemolition and repavement of asphalt.\r\nTemporary chain link fence and hazard markings will be placed.\r\n\r\nEquipment for work area may include an excavator with a maximum vertical reach of 40 feet.",,New Construction,Temporary,5,2,2025-06-01,2026-10-31,,,CONSTRUCTION$VEHICLE,,,40,55,,,95,QAP,Alaska DOT & PF,,
2025-AAL-433-NRA,2024-AAL-904-NRA,Determined - No Hazard,To Proponent,2025-04-09,2025-04-09,2025-05-05,,57.75452222,-152.51578889,4D,,,WA1 P2- Vehicle Gate A,KODIAK,Kodiak Island,150,AK,KODIAK,0,,Y,"Request of use of temporary equipment for the replacement of gates  fencing and replace culvert/culvert security screening in accordance with CSPP reviewed in case 2024-AAL-904-NRA. Removal of vehicle gate 23 and addition of hydraulic vertical pivot vehicle gate A.\r\nRemoval of existing fence line and reconstruction of new chain link fence. \r\nDemolition and repavement of asphalt.\r\nTemporary chain link fence and hazard markings will be placed.\r\n\r\nEquipment for work area may include an excavator with a maximum vertical reach of 40 feet.",,New Construction,Temporary,5,2,2025-06-01,2026-10-31,,,CONSTRUCTION$VEHICLE,,,40,55,,,95,QAP,Alaska DOT & PF,,
2025-AAL-434-NRA,2024-AAL-904-NRA,Determined - No Hazard,To Proponent,2025-04-09,2025-04-09,2025-05-05,,57.75438056,-152.51579722,4D,,,WA1 P2- Vehicle Gate A,KODIAK,Kodiak Island,150,AK,KODIAK,0,,Y,"Request of use of temporary equipment for the replacement of gates  fencing and replace culvert/culvert security screening in accordance with CSPP reviewed in case 2024-AAL-904-NRA. Removal of vehicle gate 23 and addition of hydraulic vertical pivot vehicle gate A.\r\nRemoval of existing fence line and reconstruction of new chain link fence. \r\nDemolition and repavement of asphalt.\r\nTemporary chain link fence and hazard markings will be placed.\r\n\r\nEquipment for work area may include an excavator with a maximum vertical reach of 40 feet.",,New Construction,Temporary,5,2,2025-06-01,2026-10-31,,,CONSTRUCTION$VEHICLE,,,40,55,,,95,QAP,Alaska DOT & PF,,
2025-AAL-435-NRA,2024-AAL-904-NRA,Determined - No Hazard,To Proponent,2025-04-09,2025-04-09,2025-05-05,,57.75398333,-152.515825,4D,,,WA1 P2- Vehicle Gate A,KODIAK,Kodiak Island,150,AK,KODIAK,0,,Y,"Request of use of temporary equipment for the replacement of gates  fencing and replace culvert/culvert security screening in accordance with CSPP reviewed in case 2024-AAL-904-NRA. Removal of vehicle gate 23 and addition of hydraulic vertical pivot vehicle gate A.\r\nRemoval of existing fence line and reconstruction of new chain link fence. \r\nDemolition and repavement of asphalt.\r\nTemporary chain link fence and hazard markings will be placed.\r\n\r\nEquipment for work area may include an excavator with a maximum vertical reach of 40 feet.",,New Construction,Temporary,5,2,2025-06-01,2026-10-31,,,CONSTRUCTION$VEHICLE,,,40,55,,,95,QAP,Alaska DOT & PF,,
2025-AAL-436-NRA,2024-AAL-904-NRA,Determined - No Hazard,To Proponent,2025-04-09,2025-04-09,2025-05-05,,57.75399444,-152.517975,4D,,,WA1 P2- Vehicle Gate A,KODIAK,Kodiak Island,150,AK,KODIAK,0,,Y,"Request of use of temporary equipment for the replacement of gates  fencing and replace culvert/culvert security screening in accordance with CSPP reviewed in case 2024-AAL-904-NRA. Removal of vehicle gate 23 and addition of hydraulic vertical pivot vehicle gate A.\r\nRemoval of existing fence line and reconstruction of new chain link fence. \r\nDemolition and repavement of asphalt.\r\nTemporary chain link fence and hazard markings will be placed.\r\n\r\nEquipment for work area may include an excavator with a maximum vertical reach of 40 feet.",,New Construction,Temporary,5,2,2025-06-01,2026-10-31,,,CONSTRUCTION$VEHICLE,,,40,55,,,95,QAP,Alaska DOT & PF,,
2025-AAL-437-NRA,2024-AAL-904-NRA,Determined - No Hazard,To Proponent,2025-04-09,2025-04-09,2025-05-05,,57.75422778,-152.51795278,4D,,,WA1 P2- Vehicle Gate A,KODIAK,Kodiak Island,150,AK,KODIAK,0,,Y,"Request of use of temporary equipment for the replacement of gates  fencing and replace culvert/culvert security screening in accordance with CSPP reviewed in case 2024-AAL-904-NRA. Removal of vehicle gate 23 and addition of hydraulic vertical pivot vehicle gate A.\r\nRemoval of existing fence line and reconstruction of new chain link fence. \r\nDemolition and repavement of asphalt.\r\nTemporary chain link fence and hazard markings will be placed.\r\n\r\nEquipment for work area may include an excavator with a maximum vertical reach of 40 feet.",,New Construction,Temporary,5,2,2025-06-01,2026-10-31,,,CONSTRUCTION$VEHICLE,,,40,55,,,95,QAP,Alaska DOT & PF,,
2025-AAL-438-NRA,2024-AAL-904-NRA,Determined - No Hazard,To Proponent,2025-04-09,2025-04-09,2025-05-05,,57.75422778,-152.51795278,4D,,,WA1 P2- Vehicle Gate A,KODIAK,Kodiak Island,150,AK,KODIAK,0,,Y,"Request of use of temporary equipment for the replacement of gates  fencing and replace culvert/culvert security screening in accordance with CSPP reviewed in case 2024-AAL-904-NRA. Removal of vehicle gate 23 and addition of hydraulic vertical pivot vehicle gate A.\r\nRemoval of existing fence line and reconstruction of new chain link fence. \r\nDemolition and repavement of asphalt.\r\nTemporary chain link fence and hazard markings will be placed.\r\n\r\nEquipment for work area may include an excavator with a maximum vertical reach of 40 feet.",,New Construction,Temporary,5,2,2025-06-01,2026-10-31,,,CONSTRUCTION$VEHICLE,,,40,55,,,95,QAP,Alaska DOT & PF,,
2025-AAL-439-NRA,2024-AAL-904-NRA,Determined - No Hazard,To Proponent,2025-04-09,2025-04-09,2025-05-05,,57.75399444,-152.517975,4D,,,WA1 P2- Vehicle Gate A,KODIAK,Kodiak Island,150,AK,KODIAK,0,,Y,"Request of use of temporary equipment for the replacement of gates  fencing and replace culvert/culvert security screening in accordance with CSPP reviewed in case 2024-AAL-904-NRA. Removal of vehicle gate 23 and addition of hydraulic vertical pivot vehicle gate A.\r\nRemoval of existing fence line and reconstruction of new chain link fence. \r\nDemolition and repavement of asphalt.\r\nTemporary chain link fence and hazard markings will be placed.\r\n\r\nEquipment for work area may include an excavator with a maximum vertical reach of 40 feet.",,New Construction,Temporary,5,2,2025-06-01,2026-10-31,,,CONSTRUCTION$VEHICLE,,,40,55,,,95,QAP,Alaska DOT & PF,,
2025-AAL-440-NRA,2024-AAL-904-NRA,Determined - No Hazard,To Proponent,2025-04-09,2025-04-09,2025-05-05,,57.75398333,-152.515825,4D,,,WA1 P2- Vehicle Gate A,KODIAK,Kodiak Island,150,AK,KODIAK,0,,Y,"Request of use of temporary equipment for the replacement of gates  fencing and replace culvert/culvert security screening in accordance with CSPP reviewed in case 2024-AAL-904-NRA. Removal of vehicle gate 23 and addition of hydraulic vertical pivot vehicle gate A.\r\nRemoval of existing fence line and reconstruction of new chain link fence. \r\nDemolition and repavement of asphalt.\r\nTemporary chain link fence and hazard markings will be placed.\r\n\r\nEquipment for work area may include an excavator with a maximum vertical reach of 40 feet.",,New Construction,Temporary,5,2,2025-06-01,2026-10-31,,,CONSTRUCTION$VEHICLE,,,40,55,,,95,QAP,Alaska DOT & PF,,
2025-AAL-441-NRA,2024-AAL-904-NRA,Determined - No Hazard,To Proponent,2025-04-09,2025-04-09,2025-05-05,,57.75438056,-152.51579722,4D,,,WA1 P2- Vehicle Gate A,KODIAK,Kodiak Island,150,AK,KODIAK,0,,Y,"Request of use of temporary equipment for the replacement of gates  fencing and replace culvert/culvert security screening in accordance with CSPP reviewed in case 2024-AAL-904-NRA. Removal of vehicle gate 23 and addition of hydraulic vertical pivot vehicle gate A.\r\nRemoval of existing fence line and reconstruction of new chain link fence. \r\nDemolition and repavement of asphalt.\r\nTemporary chain link fence and hazard markings will be placed.\r\n\r\nEquipment for work area may include an excavator with a maximum vertical reach of 40 feet.",,New Construction,Temporary,5,2,2025-06-01,2026-10-31,,,CONSTRUCTION$VEHICLE,,,40,55,,,95,QAP,Alaska DOT & PF,,
2025-AAL-442-NRA,2024-AAL-904-NRA,Determined - No Hazard,To Proponent,2025-04-09,2025-04-09,2025-05-05,,57.75452222,-152.51578889,4D,,,WA1 P2- Vehicle Gate A,KODIAK,Kodiak Island,150,AK,KODIAK,0,,Y,"Request of use of temporary equipment for the replacement of gates  fencing and replace culvert/culvert security screening in accordance with CSPP reviewed in case 2024-AAL-904-NRA. Removal of vehicle gate 23 and addition of hydraulic vertical pivot vehicle gate A.\r\nRemoval of existing fence line and reconstruction of new chain link fence. \r\nDemolition and repavement of asphalt.\r\nTemporary chain link fence and hazard markings will be placed.\r\n\r\nEquipment for work area may include an excavator with a maximum vertical reach of 40 feet.",,New Construction,Temporary,5,2,2025-06-01,2026-10-31,,,CONSTRUCTION$VEHICLE,,,40,55,,,95,QAP,Alaska DOT & PF,,
2025-AAL-443-NRA,2024-AAL-904-NRA,Determined - No Hazard,To Proponent,2025-04-09,2025-04-09,2025-05-05,,57.75451944,-152.51551944,4D,,,WA1 P2- Vehicle Gate A,KODIAK,Kodiak Island,150,AK,KODIAK,0,,Y,"Request of use of temporary equipment for the replacement of gates  fencing and replace culvert/culvert security screening in accordance with CSPP reviewed in case 2024-AAL-904-NRA. Removal of vehicle gate 23 and addition of hydraulic vertical pivot vehicle gate A.\r\nRemoval of existing fence line and reconstruction of new chain link fence. \r\nDemolition and repavement of asphalt.\r\nTemporary chain link fence and hazard markings will be placed.\r\n\r\nEquipment for work area may include an excavator with a maximum vertical reach of 40 feet.",,New Construction,Temporary,5,2,2025-06-01,2026-10-31,,,CONSTRUCTION$VEHICLE,,,40,55,,,95,QAP,Alaska DOT & PF,,
2025-AAL-444-NRA,2024-AAL-904-NRA,Determined - No Hazard,To Proponent,2025-04-09,2025-04-09,2025-05-05,,57.75451944,-152.51551944,4D,,,WA1 P2- Vehicle Gate A,KODIAK,Kodiak Island,150,AK,KODIAK,0,,Y,"Request of use of temporary equipment for the replacement of gates  fencing and replace culvert/culvert security screening in accordance with CSPP reviewed in case 2024-AAL-904-NRA. Removal of vehicle gate 23 and addition of hydraulic vertical pivot vehicle gate A.\r\nRemoval of existing fence line and reconstruction of new chain link fence. \r\nDemolition and repavement of asphalt.\r\nTemporary chain link fence and hazard markings will be placed.\r\n\r\nEquipment for work area may include an excavator with a maximum vertical reach of 40 feet.",,New Construction,Temporary,5,2,2025-06-01,2026-10-31,,,CONSTRUCTION$VEHICLE,,,40,55,,,95,QAP,Alaska DOT & PF,,
2025-AAL-445-NRA,2024-AAL-904-NRA,Determined - No Hazard,To Proponent,2025-04-09,2025-04-09,2025-05-05,,57.75475278,-152.515525,4D,,,WA1 P2- Vehicle Gate A,KODIAK,Kodiak Island,150,AK,KODIAK,0,,Y,"Request of use of temporary equipment for the replacement of gates  fencing and replace culvert/culvert security screening in accordance with CSPP reviewed in case 2024-AAL-904-NRA. Removal of vehicle gate 23 and addition of hydraulic vertical pivot vehicle gate A.\r\nRemoval of existing fence line and reconstruction of new chain link fence. \r\nDemolition and repavement of asphalt.\r\nTemporary chain link fence and hazard markings will be placed.\r\n\r\nEquipment for work area may include an excavator with a maximum vertical reach of 40 feet.",,New Construction,Temporary,5,2,2025-06-01,2026-10-31,,,CONSTRUCTION$VEHICLE,,,40,55,,,95,QAP,Alaska DOT & PF,,
2025-AAL-446-NRA,2024-AAL-904-NRA,Determined - No Hazard,To Proponent,2025-04-09,2025-04-09,2025-05-05,,57.75475278,-152.515525,4D,,,WA1 P2- Vehicle Gate A,KODIAK,Kodiak Island,150,AK,KODIAK,0,,Y,"Request of use of temporary equipment for the replacement of gates  fencing and replace culvert/culvert security screening in accordance with CSPP reviewed in case 2024-AAL-904-NRA. Removal of vehicle gate 23 and addition of hydraulic vertical pivot vehicle gate A.\r\nRemoval of existing fence line and reconstruction of new chain link fence. \r\nDemolition and repavement of asphalt.\r\nTemporary chain link fence and hazard markings will be placed.\r\n\r\nEquipment for work area may include an excavator with a maximum vertical reach of 40 feet.",,New Construction,Temporary,5,2,2025-06-01,2026-10-31,,,CONSTRUCTION$VEHICLE,,,40,55,,,95,QAP,Alaska DOT & PF,,
2025-AAL-499-NRA,,Determined - No Hazard,Determination,2025-04-11,2025-04-11,2025-06-16,2026-12-16,60.214698,-162.040123,4D,,,,EEK,Bethel,50,AK,EEK,0,,Y,Request for use of temporary equipment. Unicom proposes to install an overhead fiber optic cable and associated underground infrastructure on and along existing utility poles on airport ROW property. The extended height of the mobile construction equipment will be no higher than 35 ft AGL. Please see attached figure and POI description table.,,New Construction,Temporary,0,4,2025-06-01,2025-10-01,,,CONSTRUCTION$VEHICLE,,,35,10,,,45,GCI,"Unicom, Inc.",,
2025-AAL-500-NRA,,Determined - No Hazard,To Proponent,2025-04-11,2025-04-11,2025-06-16,,60.214599,-162.039867,4D,,,,EEK,Bethel,50,AK,EEK,0,,Y,Request for use of temporary equipment. Unicom proposes to install an underground fiber optic cable and associated underground infrastructure on and along airport ROW property. The extended height of the mobile construction equipment will be no higher than 35 ft AGL. Please see attached figure and POI description table.,,New Construction,Temporary,0,4,2025-06-01,2025-10-01,,,CONSTRUCTION$VEHICLE,,,35,10,,,45,GCI,"Unicom, Inc.",,
2025-AAL-501-NRA,,Determined - No Hazard,Determination,2025-04-11,2025-04-11,2025-06-16,2026-12-16,60.706,-161.77155556,4D,,,,NAPASKIAK,Bethel,50,AK,NAPASKIAK,0,,Y,Request for use of temporary equipment. Unicom proposes to install an overhead fiber optic cable and associated underground infrastructure on and along existing poles within airport ROW property. The extended height of the mobile construction equipment will be no higher than 35 ft AGL. Please see attached figure and POI description table.,,New Construction,Temporary,0,4,2025-06-01,2025-10-01,,,CONSTRUCTION$VEHICLE,,,35,5,,,40,GCI,"Unicom, Inc.",,
2025-AAL-502-NRA,,Determined - No Hazard,To Proponent,2025-04-11,2025-04-11,2025-06-16,,60.70613889,-161.77158333,4D,,,,NAPASKIAK,Bethel,50,AK,NAPASKIAK,0,,Y,Request for use of temporary equipment. Unicom proposes to install an overhead fiber optic cable and associated underground infrastructure on and along existing poles within airport ROW property. The extended height of the mobile construction equipment will be no higher than 35 ft AGL. Please see attached figure and POI description table.,,New Construction,Temporary,0,4,2025-06-01,2025-10-01,,,CONSTRUCTION$VEHICLE,,,35,5,,,40,GCI,"Unicom, Inc.",,
2025-AAL-527-NRA,,Determined - No Hazard,Determination,2025-04-18,2025-04-18,2025-06-13,2026-12-13,64.80489167,-147.87221667,4D,,,,FAIRBANKS,Fairbanks North Star,90,AK,FAIRBANKS INTL,0,,Y,"Project utilizes a mobile crane to remove and set a ARFF training aid.  A passenger boarding bridge. Crane day is anticipated to take no more than 2 days once scheduled within the project window.\r\n\r\nOther firm has filed NRA for crane work at Gate 3.  Have requested NRA and will supply once recieved.",,New Construction,Temporary,0,4,2025-09-01,2025-12-29,,,CRANE$MOBILE,,,100,431,,,531,Aero Systems Engineers,Aero Systems Engineers,,
2025-AAL-528-NRA,,Evaluating,,2025-04-18,2025-04-18,,,64.80533611,-147.87342778,4D,,,,FAIRBANKS,Fairbanks North Star,90,AK,FAIRBANKS INTL,0,,Y,"Project utilizes a mobile crane to remove and set a ARFF training aid.  A passenger boarding bridge. Crane day is anticipated to take no more than 2 days once scheduled within the project window.\r\n\r\nOther firm has filed NRA for crane work at Gate 3.  Have requested NRA and will supply once recieved.",,New Construction,Temporary,0,4,2025-09-01,2025-12-29,,,CRANE$MOBILE,,,100,431,,,531,,,,
2025-AAL-530-NRA,,Evaluating,,2025-04-18,2025-04-18,,,64.806075,-147.87198611,4D,,,,FAIRBANKS,Fairbanks North Star,90,AK,FAIRBANKS INTL,0,,Y,"Project utilizes a mobile crane to remove and set a ARFF training aid.  A passenger boarding bridge. Crane day is anticipated to take no more than 2 days once scheduled within the project window.\r\n\r\nOther firm has filed NRA for crane work at Gate 3.  Have requested NRA and will supply once recieved.",,New Construction,Temporary,0,4,2025-09-01,2025-12-29,,,CRANE$MOBILE,,,100,431,,,531,,,,
2025-AAL-531-NRA,,Evaluating,,2025-04-18,2025-04-18,,,64.80566667,-147.870775,4D,,,,FAIRBANKS,Fairbanks North Star,90,AK,FAIRBANKS INTL,0,,Y,"Project utilizes a mobile crane to remove and set a ARFF training aid.  A passenger boarding bridge. Crane day is anticipated to take no more than 2 days once scheduled within the project window.\r\n\r\nOther firm has filed NRA for crane work at Gate 3.  Have requested NRA and will supply once recieved.",,New Construction,Temporary,0,4,2025-09-01,2025-12-29,,,CRANE$MOBILE,,,100,431,,,531,,,,
2025-AAL-588-NRA,2024-AAL-1773-NRA,Determined - No Hazard,To Proponent,2025-04-24,2025-04-24,2025-06-16,,61.17833333,-149.995,4D,,,ANC RON 12-14 Rehab,ANCHORAGE,Anchorage,20,AK,TED STEVENS ANCHORAGE INTL,0,,Y,"Request for use of temporary equipment. CSPP review can be found in case 2024-AAL-1773-NRA. This project will be completed in 4 phases over the duration of 1 year. This project will rehabilitate the concrete joints and panels of hardstands RON 12-14 at the Ted Stevens Anchorage International Airport.\r\nWork includes elastomeric concrete repairs  joint sealant replacement  cold planing  paving  and pavement markings.",,New Construction,Temporary,0,13,2025-06-01,2026-07-01,,,CONSTRUCTION$VEHICLE,,,20,100,,,120,Granite Construction,ADOT,,
2025-AAL-589-NRA,2024-AAL-1773-NRA,Determined - No Hazard,To Proponent,2025-04-24,2025-04-24,2025-06-16,,61.17888889,-149.99833333,4D,,,ANC RON 12-14 Rehab,ANCHORAGE,Anchorage,20,AK,TED STEVENS ANCHORAGE INTL,0,,Y,"Request for use of temporary equipment. CSPP review can be found in case 2024-AAL-1773-NRA. This project will be completed in 4 phases over the duration of 1 year. This project will rehabilitate the concrete joints and panels of hardstands RON 12-14 at the Ted Stevens Anchorage International Airport.\r\nWork includes elastomeric concrete repairs  joint sealant replacement  cold planing  paving  and pavement markings.",,New Construction,Temporary,0,13,2025-06-01,2026-07-01,,,CONSTRUCTION$VEHICLE,,,20,104,,,124,Granite Construction,ADOT,,
2025-AAL-590-NRA,2024-AAL-1773-NRA,Determined - No Hazard,To Proponent,2025-04-24,2025-04-24,2025-06-16,,61.17916667,-149.99722222,4D,,,ANC RON 12-14 Rehab,ANCHORAGE,Anchorage,20,AK,TED STEVENS ANCHORAGE INTL,0,,Y,"Request for use of temporary equipment. CSPP review can be found in case 2024-AAL-1773-NRA. This project will be completed in 4 phases over the duration of 1 year. This project will rehabilitate the concrete joints and panels of hardstands RON 12-14 at the Ted Stevens Anchorage International Airport.\r\nWork includes elastomeric concrete repairs  joint sealant replacement  cold planing  paving  and pavement markings.",,New Construction,Temporary,0,13,2025-06-01,2026-07-01,,,CONSTRUCTION$VEHICLE,,,20,100,,,120,Granite Construction,ADOT,,
2025-AAL-591-NRA,2024-AAL-1773-NRA,Determined - No Hazard,To Proponent,2025-04-24,2025-04-24,2025-06-16,,61.17888889,-149.99805556,4D,,,ANC RON 12-14 Rehab,ANCHORAGE,Anchorage,20,AK,TED STEVENS ANCHORAGE INTL,0,,Y,"Request for use of temporary equipment. CSPP review can be found in case 2024-AAL-1773-NRA. This project will be completed in 4 phases over the duration of 1 year. This project will rehabilitate the concrete joints and panels of hardstands RON 12-14 at the Ted Stevens Anchorage International Airport.\r\nWork includes elastomeric concrete repairs  joint sealant replacement  cold planing  paving  and pavement markings.",,New Construction,Temporary,0,13,2025-06-01,2026-07-01,,,CONSTRUCTION$VEHICLE,,,20,100,,,120,Granite Construction,ADOT,,
2025-AAL-592-NRA,2024-AAL-1773-NRA,Determined - No Hazard,To Proponent,2025-04-24,2025-04-24,2025-06-16,,61.17888889,-149.99722222,4D,,,ANC RON 12-14 Rehab,ANCHORAGE,Anchorage,20,AK,TED STEVENS ANCHORAGE INTL,0,,Y,"Request for use of temporary equipment. CSPP review can be found in case 2024-AAL-1773-NRA. This project will be completed in 4 phases over the duration of 1 year. This project will rehabilitate the concrete joints and panels of hardstands RON 12-14 at the Ted Stevens Anchorage International Airport.\r\nWork includes elastomeric concrete repairs  joint sealant replacement  cold planing  paving  and pavement markings.",,New Construction,Temporary,0,13,2025-06-01,2026-07-01,,,CONSTRUCTION$VEHICLE,,,20,101,,,121,Granite Construction,ADOT,,
2025-AAL-615-NRA,2023-AAL-1220-NRA,Determined - No Hazard,Determination,2025-04-29,2025-04-29,2025-06-24,2026-12-24,59.50886389,-139.67246111,1A,,,Yakutat Airport 683,YAKUTAT,Yakutat,282,AK,YAKUTAT,0,,Y,"Sidemount:  AWN proposes to add the 14000 - 14500 MHz frequency band.\r\n\r\nNo other changes to the prior study 2023-AAL-1220-NRA.",,Alteration,Permanent,,,,,,,TOWER$ANTENNA,,,101,39,,,140,GCI,Alaska Wireless Network,,"{\"frequencies\":[{\"band\":{\"value\":[806,824],\"uom\":\"MHz\"},\"erp\":{\"value\":500,\"uom\":\"W\"},\"standard\":1,\"purpose\":\"colo_void\"},{\"band\":{\"value\":[824,849],\"uom\":\"MHz\"},\"erp\":{\"value\":500,\"uom\":\"W\"},\"standard\":2,\"purpose\":\"colo_void\"},{\"band\":{\"value\":[851,866],\"uom\":\"MHz\"},\"erp\":{\"value\":500,\"uom\":\"W\"},\"standard\":3,\"purpose\":\"colo_void\"},{\"band\":{\"value\":[869,894],\"uom\":\"MHz\"},\"erp\":{\"value\":500,\"uom\":\"W\"},\"standard\":4,\"purpose\":\"colo_void\"},{\"band\":{\"value\":[896,901],\"uom\":\"MHz\"},\"erp\":{\"value\":500,\"uom\":\"W\"},\"standard\":5,\"purpose\":\"colo_void\"},{\"band\":{\"value\":[901,902],\"uom\":\"MHz\"},\"erp\":{\"value\":7,\"uom\":\"W\"},\"standard\":6,\"purpose\":\"colo_void\"},{\"band\":{\"value\":[930,931],\"uom\":\"MHz\"},\"erp\":{\"value\":3500,\"uom\":\"W\"},\"standard\":7,\"purpose\":\"colo_void\"},{\"band\":{\"value\":[931,932],\"uom\":\"MHz\"},\"erp\":{\"value\":3500,\"uom\":\"W\"},\"standard\":8,\"purpose\":\"colo_void\"},{\"band\":{\"value\":[932,932.5],\"uom\":\"MHz\"},\"erp\":{\"value\":17,\"uom\":\"dBW\"},\"standard\":9,\"purpose\":\"colo_void\"},{\"band\":{\"value\":[935,940],\"uom\":\"MHz\"},\"erp\":{\"value\":1000,\"uom\":\"W\"},\"standard\":10,\"purpose\":\"colo_void\"},{\"band\":{\"value\":[940,941],\"uom\":\"MHz\"},\"erp\":{\"value\":3500,\"uom\":\"W\"},\"standard\":11,\"purpose\":\"colo_void\"},{\"band\":{\"value\":[1850,1910],\"uom\":\"MHz\"},\"erp\":{\"value\":1640,\"uom\":\"W\"},\"standard\":12,\"purpose\":\"colo_void\"},{\"band\":{\"value\":[1930,1990],\"uom\":\"MHz\"},\"erp\":{\"value\":1640,\"uom\":\"W\"},\"standard\":13,\"purpose\":\"colo_void\"},{\"band\":{\"value\":[2305,2310],\"uom\":\"MHz\"},\"erp\":{\"value\":2000,\"uom\":\"W\"},\"standard\":14,\"purpose\":\"colo_void\"},{\"band\":{\"value\":[2345,2360],\"uom\":\"MHz\"},\"erp\":{\"value\":2000,\"uom\":\"W\"},\"standard\":15,\"purpose\":\"colo_void\"},{\"band\":{\"value\":[698,806],\"uom\":\"MHz\"},\"erp\":{\"value\":1000,\"uom\":\"W\"},\"standard\":16,\"purpose\":\"colo_void\"},{\"band\":{\"value\":[6,7],\"uom\":\"GHz\"},\"erp\":{\"value\":42,\"uom\":\"dBW\"},\"standard\":76,\"purpose\":\"colo_void\"},{\"band\":{\"value\":[10,11.7],\"uom\":\"GHz\"},\"erp\":{\"value\":42,\"uom\":\"dBW\"},\"standard\":77,\"purpose\":\"colo_void\"},{\"band\":{\"value\":[17.7,19.7],\"uom\":\"GHz\"},\"erp\":{\"value\":42,\"uom\":\"dBW\"},\"standard\":78,\"purpose\":\"colo_void\"},{\"band\":{\"value\":[21.2,23.6],\"uom\":\"GHz\"},\"erp\":{\"value\":42,\"uom\":\"dBW\"},\"standard\":79,\"purpose\":\"colo_void\"},{\"band\":{\"value\":[806,901],\"uom\":\"MHz\"},\"erp\":{\"value\":500,\"uom\":\"W\"},\"standard\":80,\"purpose\":\"colo_void\"},{\"band\":{\"value\":[929,932],\"uom\":\"MHz\"},\"erp\":{\"value\":3500,\"uom\":\"W\"},\"standard\":81,\"purpose\":\"colo_void\"},{\"band\":{\"value\":[1670,1675],\"uom\":\"MHz\"},\"erp\":{\"value\":500,\"uom\":\"W\"},\"standard\":82,\"purpose\":\"colo_void\"},{\"band\":{\"value\":[1710,1755],\"uom\":\"MHz\"},\"erp\":{\"value\":500,\"uom\":\"W\"},\"standard\":83,\"purpose\":\"colo_void\"},{\"band\":{\"value\":[1850,1990],\"uom\":\"MHz\"},\"erp\":{\"value\":1640,\"uom\":\"W\"},\"standard\":84,\"purpose\":\"colo_void\"},{\"band\":{\"value\":[1990,2025],\"uom\":\"MHz\"},\"erp\":{\"value\":500,\"uom\":\"W\"},\"standard\":85,\"purpose\":\"colo_void\"},{\"band\":{\"value\":[2110,2200],\"uom\":\"MHz\"},\"erp\":{\"value\":500,\"uom\":\"W\"},\"standard\":86,\"purpose\":\"colo_void\"},{\"band\":{\"value\":[2305,2360],\"uom\":\"MHz\"},\"erp\":{\"value\":2000,\"uom\":\"W\"},\"standard\":87,\"purpose\":\"colo_void\"},{\"band\":{\"value\":[2496,2690],\"uom\":\"MHz\"},\"erp\":{\"value\":500,\"uom\":\"W\"},\"standard\":88,\"purpose\":\"colo_void\"},{\"band\":{\"value\":[6,7],\"uom\":\"GHz\"},\"erp\":{\"value\":55,\"uom\":\"dBW\"},\"standard\":89,\"purpose\":\"colo_void\"},{\"band\":{\"value\":[10,11.7],\"uom\":\"GHz\"},\"erp\":{\"value\":55,\"uom\":\"dBW\"},\"standard\":90,\"purpose\":\"colo_void\"},{\"band\":{\"value\":[17.7,19.7],\"uom\":\"GHz\"},\"erp\":{\"value\":55,\"uom\":\"dBW\"},\"standard\":91,\"purpose\":\"colo_void\"},{\"band\":{\"value\":[21.2,23.6],\"uom\":\"GHz\"},\"erp\":{\"value\":55,\"uom\":\"dBW\"},\"standard\":92,\"purpose\":\"colo_void\"},{\"band\":{\"value\":[614,698],\"uom\":\"MHz\"},\"erp\":{\"value\":1000,\"uom\":\"W\"},\"standard\":93,\"purpose\":\"data_entry\"},{\"band\":{\"value\":[614,698],\"uom\":\"MHz\"},\"erp\":{\"value\":2000,\"uom\":\"W\"},\"standard\":94,\"purpose\":\"data_entry\"}]}"
2025-AAL-806-NRA,2025-AAL-499-NRA,Determined - No Hazard,To Proponent,2025-05-14,2025-05-14,2025-06-16,,60.21487,-162.039749,4D,,,,EEK,Bethel,50,AK,EEK,0,,Y,Request for use of temporary equipment. Unicom proposes to install an overhead fiber optic cable and associated underground infrastructure on and along existing utility poles on airport ROW property. The extended height of the mobile construction equipment will be no higher than 35 ft AGL. Please see attached figure and POI description table.,,New Construction,Temporary,0,4,2025-06-01,2025-10-01,,,CONSTRUCTION$VEHICLE,,,35,10,,,45,GCI,"Unicom, Inc.",,
2025-AAL-807-NRA,2025-AAL-806-NRA,Determined - No Hazard,To Proponent,2025-05-14,2025-05-14,2025-06-16,,60.214797,-162.040323,4D,,,,EEK,Bethel,50,AK,EEK,0,,Y,Request for use of temporary equipment. Unicom proposes to install an overhead fiber optic cable and associated underground infrastructure on and along existing utility poles on airport ROW property. The extended height of the mobile construction equipment will be no higher than 35 ft AGL. Please see attached figure and POI description table.,,New Construction,Temporary,0,4,2025-06-01,2025-10-01,,,CONSTRUCTION$VEHICLE,,,35,10,,,45,GCI,"Unicom, Inc.",,
2025-AAL-873-NRA,2025-AAL-340-NRA,Determined - No Hazard,To Proponent,2025-05-15,2025-05-15,2025-07-15,,61.54559722,-165.59573889,4D,,,,CHEVAK,Kusilvak,158,AK,CHEVAK,0,,Y,Request for use of Temp Construction equipment to complete work in accordance with CSPP reviewed under 2023-AAL-1264-NRA,,New Construction,Temporary,10,13,2025-05-20,2026-07-30,,,CONSTRUCTION$VEHICLE,,,35,48,,,83,Cruz Construction,Alaska Department of Transportation and PF,,
2025-AAL-874-NRA,2025-AAL-873-NRA,Determined - No Hazard,To Proponent,2025-05-15,2025-05-15,2025-07-15,,61.54509722,-165.59376389,4D,,,,CHEVAK,Kusilvak,158,AK,CHEVAK,0,,Y,Request for use of Temp Construction equipment to complete work in accordance with CSPP reviewed under 2023-AAL-1264-NRA,,New Construction,Temporary,10,13,2025-05-20,2026-07-30,,,CONSTRUCTION$VEHICLE,,,35,48,,,83,Cruz Construction,Alaska Department of Transportation and PF,,
2025-AAL-876-NRA,2025-AAL-502-NRA,Determined - No Hazard,To Proponent,2025-05-16,2025-05-16,2025-06-16,,60.70605556,-161.77136111,4D,,,,NAPASKIAK,Bethel,50,AK,NAPASKIAK,0,,Y,Request for use of temporary equipment. Unicom proposes to install an overhead fiber optic cable and associated underground infrastructure on and along existing poles within airport ROW property. The extended height of the mobile construction equipment will be no higher than 35 ft AGL. Please see attached figure and POI description table.,,New Construction,Temporary,0,4,2025-06-01,2025-10-01,,,CONSTRUCTION$VEHICLE,,,35,5,,,40,GCI,"Unicom, Inc.",,
2025-AAL-877-NRA,2025-AAL-876-NRA,Determined - No Hazard,To Proponent,2025-05-16,2025-05-16,2025-06-16,,60.70572222,-161.77155556,4D,,,,NAPASKIAK,Bethel,50,AK,NAPASKIAK,0,,Y,Request for use of temporary equipment. Unicom proposes to install an overhead fiber optic cable and associated underground infrastructure on and along existing poles within airport ROW property. The extended height of the mobile construction equipment will be no higher than 35 ft AGL. Please see attached figure and POI description table.,,New Construction,Temporary,0,4,2025-06-01,2025-10-01,,,CONSTRUCTION$VEHICLE,,,35,5,,,40,GCI,"Unicom, Inc.",,
2025-AAL-920-NRA,,Studying,,2025-05-28,2025-05-28,,,64.7377333,-156.9378361,4D,,,Soil Drilling Rig,Galena,Yukon-Koyukuk,290,AK,EDWARD G PITKA SR,763,318,Y,The primary objective is to remove impacted areas (“hot spots”) at Site CST011  SS016  and SS018 where cleanup level exceedances were identified in previous investigations (Parsons 2022c  Parsons 2023a  CH2M 2022). Summary of work is as follows: mobilize crew and equipment to perform site setup; collect analytical soil samples from each proposed excavation for PFAS to confirm soil can be treated at the Galena Landfarm; excavate contaminated soil for treatment at the Galena Landfarm; management of soil stockpiles; survey sample locations  excavation boundaries  and other site features; site restoration and backfill; demobilize crew and equipment from the project site.,"3 \"hot spots\" at Galena Airport - CST011  SS016  SS018. Added 4th point for Airport - form would not allow me to advance with only 3 points.",New Construction,Temporary,25,2,2025-06-05,2025-08-30,,,CONSTRUCTION$VEHICLE,,,13,148,,,161,,,,
2025-AAL-925-NRA,,Studying,,2025-05-29,2025-05-29,,,62.63990475,-160.19025687,2C,,,Fiber Truck,Anvik,Yukon-Koyukuk,290,AK,ANVIK,2717,181,Y,GCI proposes to install a new buried and overhead fiber optic cable within the Anvik airport property. Buried conduit will placed in an underground trench. Overhead fiber will be placed on existing poles. The maximum extended height of the equipment is 35 feet AGL.,Fiber work on Anvik airport property.,New Construction,Temporary,0,1,2025-07-15,2025-08-15,,,CONSTRUCTION$VEHICLE,,,35,304,,,339,,,,
2025-AAL-926-NRA,,Studying,,2025-05-29,2025-05-29,,,64.73827861,-156.96008991,4D,,,Soil Drilling Rig,Galena,Yukon-Koyukuk,290,AK,EDWARD G PITKA SR,4063,281,Y,The primary objective is to remove impacted areas (“hot spots”) at Site CST011  SS016  and SS018 where cleanup level exceedances were identified in previous investigations (Parsons 2022c  Parsons 2023a  CH2M 2022). Summary of work is as follows: mobilize crew and equipment to perform site setup; collect analytical soil samples from each proposed excavation for PFAS to confirm soil can be treated at the Galena Landfarm; excavate contaminated soil for treatment at the Galena Landfarm; management of soil stockpiles; survey sample locations  excavation boundaries  and other site features; site restoration and backfill; demobilize crew and equipment from the project site.,Site CST011,New Construction,Temporary,25,2,2025-06-05,2025-08-30,,,CONSTRUCTION$VEHICLE,,,13,143,,,156,,,,
2025-AAL-927-NRA,,Studying,,2025-05-29,2025-05-29,,,62.05662929,-163.29454912,2C,,,Container,Saint Marys,Kusilvak,158,AK,ST MARY'S,1981,141,Y,2 - 10'x10'x20' connex container,Block 300 Lot 2 along fence,New Construction,Permanent,,,,,,,OTHER,,,10,338,,,348,,,,
2025-AAL-928-NRA,,Studying,,2025-05-29,2025-05-29,,,64.73771979,-156.93764244,4D,,,Soil Drilling Rig,Galena,Yukon-Koyukuk,290,AK,EDWARD G PITKA SR,739,319,Y,The primary objective is to remove impacted areas (“hot spots”) at Site CST011  SS016  and SS018 where cleanup level exceedances were identified in previous investigations (Parsons 2022c  Parsons 2023a  CH2M 2022). Summary of work is as follows: mobilize crew and equipment to perform site setup; collect analytical soil samples from each proposed excavation for PFAS to confirm soil can be treated at the Galena Landfarm; excavate contaminated soil for treatment at the Galena Landfarm; management of soil stockpiles; survey sample locations  excavation boundaries  and other site features; site restoration and backfill; demobilize crew and equipment from the project site.,Site SS016,New Construction,Temporary,25,2,2025-06-05,2025-08-30,,,CONSTRUCTION$VEHICLE,,,13,148,,,161,,,,
2025-AAL-933-NRA,,Studying,,2025-05-30,2025-05-30,,,59.126727,-156.863323,4D,,,Snow Removal and Equipment Building,Levelock,Lake and Peninsula,164,AK,LEVELOCK,658,259,Y,Install FAA Weather Camera system on top of Snow Removal and Equipment Building. The Cameras will be mounted lower the the highest point on building to ensure that they will not increase the overall height of the existing structure.,State of Alaska owned Snow Removal and Equipment Building located within Levelock Airport (9Z8),New Construction,Permanent,,,,,,,OTHER,,,25,52,,,77,,,,
2025-AAL-934-NRA,,Studying,,2025-05-30,2025-05-30,,,59.4334855,-154.8088617,4D,,,Wind Cone Pole,Kokhanok,Lake and Peninsula,164,AK,KOKHANOK,1170,274,Y,Installation of new wind cone  pole  and foundation.,510 feet past Runway 07 threshold and 260 feet left of runway centerline.,New Construction,Permanent,,,,,,,POLE,,,16,109,,,125,,,,
2025-AAL-1164-NRA,,Determined - No Hazard,To Proponent,2025-06-09,2025-06-09,2025-08-01,2027-02-01,61.17347509,-149.97909656,4D,,,Excavator  Mill  Paver  etc,Anchorage,Anchorage,20,AK,LAKE HOOD,3218,222,Y,"2\" mill and pave of existing asphalt  installation of new storm drain structure  realignment of parking lot entrance roadway  elastomeric repair of concrete  new curb and gutter  and installation of new card reader.",Entrance to south terminal employee parking lot and exit from south terminal short term parking garage.,New Construction,Temporary,0,3,2025-07-01,2025-09-30,,,CONSTRUCTION$VEHICLE,10,,10,92,102,,102,Granite Construction,EMC Engineering,,
2025-AAL-1165-NRA,,Determined - No Hazard,To Proponent,2025-06-10,2025-06-10,2025-07-31,2027-01-31,61.18257563,-149.97899772,4D,,,Retaining Wall,Anchorage,Anchorage,20,AK,LAKE HOOD,2345,294,Y,"Demo existing wood retaining wall.\nRemove existing materials to slope parking area to existing grade at lake level.\nBring in and apply topsoil and grass seed.","Lake Hood Block 14  Lot 3  4125 Aircraft Drive  Anchorage  Alaska 99502\nRetaining wall is located between parking area and existing grade at lake level. Retaining wall is 135 LNFT long and 4 FT in height.",New Construction,Permanent,,,,,,,OTHER,4,,4,76,80,,80,Jared Lambson,Kellan Klosterman,,
2025-AAL-1177-NRA,,Studying,,2025-06-11,2025-06-11,,,64.7969306,-147.8823778,4D,,,Land Farm,Fairbanks,Fairbanks North Star,90,AK,FAIRBANKS INTL,7841,211,Y,2 ft high earthen dike measuring 40' x 120' within an existing FAI soil remediation land farm.,Fairbanks International Airport,New Construction,Temporary,0,24,2025-06-16,2025-06-30,,,OTHER,,,2,429,,,431,,,,
2025-AAL-1182-NRA,,Studying,,2025-06-12,2025-06-13,,,64.79730805,-147.88215948,4D,,,FAI Soil Remediation Land Farm,Fairbanks,Fairbanks North Star,90,AK,FAIRBANKS INTL,7705,211,Y,Construction of 60' x 120' by 2' high berm in existing Fairbanks International Airport land farm.,Fairbanks International Airport,New Construction,Temporary,0,24,2025-06-23,2025-06-30,,,OTHER,,,2,439,,,441,,,,
2025-AAL-1192-NRA,,Studying,,2025-06-16,2025-06-16,,,64.7979083,-147.8832417,2C,,,DC 4 Planes,Fairbanks,Fairbanks North Star,90,AK,FAIRBANKS INTL,7609,213,Y,Store the aircraft there for the summer of 2025.,Old shooting range area for FAI. It is approximately 1161 to the SW of runway 20L/2R. On the South end of the Fairbanks International Airport.,Existing,Temporary,14,2,2025-06-16,2025-08-30,,,OTHER,,,28,430,,,458,,,,
2025-AAL-1193-NRA,,Determined - No Hazard,To Proponent,2025-06-16,2025-06-17,2025-07-31,2027-01-31,63.87952544,-160.7966684,2C,,,Connex,Unalakleet,Nome,180,AK,UNALAKLEET,3001,173,Y,Cold storage conex set next to the building,East side of the Bering Air Hangar,New Construction,Permanent,,,,,,,BUILDING,8,,8,19,27,,27,Alaska Commercial Development Group,Alaska Commercial Development Group,,
2025-AAL-1196-NRA,,Studying,,2025-06-17,2025-06-18,,,64.81530455,-147.85115429,4D,,,shed,Fairbanks,Fairbanks North Star,90,AK,FAIRBANKS INTL,859,91,Y,The proposed structure is an 8ft x 8ft shed with a sloped roof. Its high side will be 10ft  low side 9ft. The shed will be used for storage. Notice will be given due to this shed being a new construction.,Shed will be located 12 feet from the west border of float pond lot 17 and lot 20. It will be approximately 30 feet from the float pond and 30 feet from the float pond lot's taxiway tongue. It will sit approximately where the previous tenant had a similar sized shed  in line with neighboring sheds so as not to inhibit line of sight from the tower to the float pond.,New Construction,Permanent,,,,,,,BUILDING,,,10,431,,,441,,,,
2025-AAL-1198-NRA,,Studying,,2025-06-18,2025-06-18,,,57.8852,-152.8534,4D,,,Gravel Pit Temporary Access Road,Port Lions,Kodiak Island,150,AK,PORT LIONS,1139,275,Y,Temporary gravel access trail around the end of the runway between the existing gravel pit and Airport Road. Access trail will be used to transport gravel using dump trucks from the existing gravel pit to the village for water distribution system replacement.,Start of temporary access trail,New Construction,Temporary,0,52,2025-07-14,2029-11-30,,,TRAVERSE_WAY$PRIVATE_ROAD,,,3,60,,,63,,,,
2025-AAL-1199-NRA,,Studying,,2025-06-18,2025-06-18,,,57.8848444,-152.8536611,4D,,,Gravel Pit Temporary Access Road,Port Lions,Kodiak Island,150,AK,PORT LIONS,1185,269,Y,Temporary gravel access trail around the end of the runway between the existing gravel pit and Airport Road. Access trail will be used to transport gravel from the existing pit to the village for water distribution system replacement.,Temporary Access Trail Point 2,New Construction,Permanent,,,,,,,TRAVERSE_WAY$PRIVATE_ROAD,,,3,56,,,59,,,,
2025-AAL-1200-NRA,,Studying,,2025-06-18,2025-06-18,,,57.8845833,-152.8540083,4D,,,Gravel Pit Temporary Access Road,Port Lions,Kodiak Island,150,AK,PORT LIONS,1259,264,Y,Temporary gravel access trail around the end of the runway between the existing gravel pit and Airport Road. Access trail will be used to transport gravel from the existing pit to the village for water distribution system replacement,Point 3 temporary access trail,New Construction,Temporary,0,52,2025-07-14,2029-11-30,,,TRAVERSE_WAY$PRIVATE_ROAD,,,3,52,,,55,,,,
2025-AAL-1201-NRA,,Studying,,2025-06-18,2025-06-18,,,57.8844167,-152.8542611,4D,,,Gravel Pit Temporary Access Road,Port Lions,Kodiak Island,150,AK,PORT LIONS,1315,262,Y,Temporary gravel access trail around the end of the runway between the existing gravel pit and Airport Road. Access trail will be used to transport gravel from the existing pit to the village for water distribution system replacement,Point 4 temporary access trail,New Construction,Temporary,0,52,2025-07-14,2029-11-30,,,TRAVERSE_WAY$PRIVATE_ROAD,,,3,55,,,58,,,,
2025-AAL-1202-NRA,,Studying,,2025-06-18,2025-06-18,,,57.8841667,-152.8544278,4D,,,Gravel Pit Temporary Access Road,Port Lions,Kodiak Island,150,AK,PORT LIONS,1363,258,Y,Temporary gravel access trail around the end of the runway between the existing gravel pit and Airport Road. Access trail will be used to transport gravel from the existing pit to the village for water distribution system replacement,Point 5 temporary access trail,New Construction,Temporary,0,52,2025-07-14,2029-11-30,,,TRAVERSE_WAY$PRIVATE_ROAD,,,3,53,,,56,,,,
2025-AAL-1203-NRA,,Studying,,2025-06-18,2025-06-18,,,57.88395,-152.8541694,4D,,,Gravel Pit Temporary Access Road,Port Lions,Kodiak Island,150,AK,PORT LIONS,1333,254,Y,Temporary gravel access trail around the end of the runway between the existing gravel pit and Airport Road. Access trail will be used to transport gravel from the existing pit to the village for water distribution system replacement,Point 6 temporary access trail,New Construction,Temporary,0,52,2025-07-14,2029-11-30,,,TRAVERSE_WAY$PRIVATE_ROAD,,,3,50,,,53,,,,
2025-AAL-1204-NRA,,Studying,,2025-06-18,2025-06-18,,,57.8837194,-152.853925,4D,,,Gravel Pit Temporary Access Road,Port Lions,Kodiak Island,150,AK,PORT LIONS,1313,250,Y,Temporary gravel access trail around the end of the runway between the existing gravel pit and Airport Road. Access trail will be used to transport gravel from the existing pit to the village for water distribution system replacement,Point 7 temporary access trail,New Construction,Temporary,0,52,2025-07-14,2029-11-30,,,TRAVERSE_WAY$PRIVATE_ROAD,,,3,48,,,51,,,,
2025-AAL-1205-NRA,,Studying,,2025-06-18,2025-06-18,,,57.8834194,-152.8538639,4D,,,Gravel Pit Temporary Access Road,Port Lions,Kodiak Island,150,AK,PORT LIONS,1342,246,Y,Temporary gravel access trail around the end of the runway between the existing gravel pit and Airport Road. Access trail will be used to transport gravel from the existing pit to the village for water distribution system replacement,Point 8 temporary access trail,New Construction,Temporary,0,52,2025-07-14,2029-11-30,,,TRAVERSE_WAY$PRIVATE_ROAD,,,3,36,,,39,,,,
2025-AAL-1206-NRA,,Studying,,2025-06-18,2025-06-18,,,61.18572673,-149.98514936,4D,,,USPS Trailer Yard Parking Lot,Anchorage,Anchorage,20,AK,LAKE HOOD,3502,265,Y,The project is to regrade and pave an existing trailer lot in use by the United States Postal Service. The lot contains areas that are already paved  as well as gravel and undeveloped areas. The intent is to remove and replace material as necessary to reconstruct the paved parking lot. Tallest anticipated construction equipment on site will be an excavator with a total boom height of 20 feet. In order to assess the existing soil conditions on site  a geotechnical investigation will be performed prior to construction. To accomplish this task  a drill rig will be brought on site to drill boreholes. The drill rig to be used for this work will be the CME-850X  with a mast height of 26 feet. The soil assessment will inform the required sub-grade depth  as well as which site material can be reused. Due to the low mast height  PND Engineers does not anticipate the geotechnical work posing significant risk to air traffic in the area.,The United States Postal Service facility is located along Postmark Drive and lies to the east of Ted Stevens Anchorage International Airport fenced controlled secured area  and to the west of Lake Hood Seaplane Base. The area to be paved is demarcated by Lake Hood Dr to the north  Postmark Dr to the west  undeveloped forest to the east  and the existing Postal Service facility building to the south.,New Construction,Permanent,,,,,,,TRAVERSE_WAY$PARKING,,,26,89,,,115,,,,
2025-AAL-1207-NRA,,Determined - No Hazard,Determination,2025-06-18,2025-06-18,2025-07-01,2027-01-01,61.2125023,-149.838848,4D,,,Mobile Excavator and Mobile Telehandler,anchorage,Anchorage,20,AK,MERRILL FLD,1102,110,Y,"Installation of Emergency underground landfill gas collection pipeline and 10 permanent above ground  control access structures spanning from lat61°12'45.3384\" - long-149°50'19.9068\" to lat61°12'45.3666\" - long-149°49'49.2018\" utilizing a mobile excavator (max vertical reach 30 ft. AGL) and telehandler (max vertical reach of 44 ft. AGL).  The pipeline construction activities will not require equipment to reach above 30 ft. AGL.  The 10 permanent control access structures will not exceed 5 ft. AGL and will be shielded by the existing permanent perimeter fence encompassing runway 5/23.",1 550 ft. corridor running East/West approximately 250 ft. North of the closest point of runway 5/23.,New Construction,Temporary,0,2,2025-06-23,2025-08-23,,,CONSTRUCTION$VEHICLE,,,30,131,,,161,David Matthews,Steven P Cooper,,
2025-AAL-1208-NRA,,Studying,,2025-06-19,2025-06-19,,,57.88395,-152.8541694,4D,,,Gravel Pit Temporary Access Road,Port Lions,Kodiak Island,150,AK,PORT LIONS,1333,254,Y,Construct temporary gravel access trail around the end of the runway between the existing gravel pit and Airport Road. Access trail will be used to transport gravel from the existing pit to the village for water distribution system replacement. Equipment will be used to construct the trail and drive on the trail to transport gravel for the water distribution project.,Temporary access trail,New Construction,Temporary,0,52,2025-07-14,2029-11-30,,,CONSTRUCTION$VEHICLE,,,32,53,,,85,,,,
2025-AAL-1209-NRA,,Studying,,2025-06-19,2025-06-19,,,57.8845833,-152.8540083,4D,,,Gravel Pit Temporary Access Road,Port Lions,Kodiak Island,150,AK,PORT LIONS,1259,264,Y,Construct temporary gravel access trail around the end of the runway between the existing gravel pit and Airport Road. Access trail will be used to transport gravel from the existing pit to the village for water distribution system replacement. Equipment will be used to construct the trail and drive on the trail to transport gravel for the water distribution project.,Temporary access trail,New Construction,Temporary,0,52,2025-07-14,2029-11-30,,,CONSTRUCTION$VEHICLE,,,32,60,,,92,,,,
2025-AAL-1211-NRA,,Studying,,2025-06-23,2025-06-23,,,61.180434,-149.988274,4D,,,Victory Taxilane Gate,Anchorage,Anchorage,20,AK,TED STEVENS ANCHORAGE INTL,2902,37,Y,Installation of New Gate and Removal of Old Gate with new CCTV camera Pole,Victory Taxilane and N10 Tug Road Crossing,New Construction,Permanent,,,,,,,FENCE,,,20,88,,,108,,,,
2025-AAL-1216-NRA,,Studying,,2025-06-26,2025-06-26,,,59.5088639,-139.6724611,1A,,,Yakutat Airport 683,YAKUTAT,Yakutat,282,AK,YAKUTAT,3039,312,Y,"AWN proposes to increase the height of the existing structure to an overall height  including appurtenances  to 125 feet\n\nNo other changes to the prior study 2023-AAL-1220-NRA.",Existing Antenna Tower  just off the end of the Yakutat runway on Yakutat Road,Existing,Permanent,,,,,,,TOWER$ANTENNA,,,125,36,,,161,,,,"{\"frequencies\":[{\"band\":{\"value\":[806,824],\"uom\":\"MHz\"},\"erp\":{\"value\":500,\"uom\":\"W\"},\"standard\":1},{\"band\":{\"value\":[824,849],\"uom\":\"MHz\"},\"erp\":{\"value\":500,\"uom\":\"W\"},\"standard\":2},{\"band\":{\"value\":[851,866],\"uom\":\"MHz\"},\"erp\":{\"value\":500,\"uom\":\"W\"},\"standard\":3},{\"band\":{\"value\":[869,894],\"uom\":\"MHz\"},\"erp\":{\"value\":500,\"uom\":\"W\"},\"standard\":4},{\"band\":{\"value\":[896,901],\"uom\":\"MHz\"},\"erp\":{\"value\":500,\"uom\":\"W\"},\"standard\":5},{\"band\":{\"value\":[901,902],\"uom\":\"MHz\"},\"erp\":{\"value\":7,\"uom\":\"W\"},\"standard\":6},{\"band\":{\"value\":[930,931],\"uom\":\"MHz\"},\"erp\":{\"value\":3500,\"uom\":\"W\"},\"standard\":7},{\"band\":{\"value\":[931,932],\"uom\":\"MHz\"},\"erp\":{\"value\":3500,\"uom\":\"W\"},\"standard\":8},{\"band\":{\"value\":[932,932.5],\"uom\":\"MHz\"},\"erp\":{\"value\":17,\"uom\":\"dBW\"},\"standard\":9},{\"band\":{\"value\":[935,940],\"uom\":\"MHz\"},\"erp\":{\"value\":1000,\"uom\":\"W\"},\"standard\":10},{\"band\":{\"value\":[940,941],\"uom\":\"MHz\"},\"erp\":{\"value\":3500,\"uom\":\"W\"},\"standard\":11},{\"band\":{\"value\":[1850,1910],\"uom\":\"MHz\"},\"erp\":{\"value\":1640,\"uom\":\"W\"},\"standard\":12},{\"band\":{\"value\":[1930,1990],\"uom\":\"MHz\"},\"erp\":{\"value\":1640,\"uom\":\"W\"},\"standard\":13},{\"band\":{\"value\":[2305,2310],\"uom\":\"MHz\"},\"erp\":{\"value\":2000,\"uom\":\"W\"},\"standard\":14},{\"band\":{\"value\":[2345,2360],\"uom\":\"MHz\"},\"erp\":{\"value\":2000,\"uom\":\"W\"},\"standard\":15},{\"band\":{\"value\":[698,806],\"uom\":\"MHz\"},\"erp\":{\"value\":1000,\"uom\":\"W\"},\"standard\":16},{\"band\":{\"value\":[6,7],\"uom\":\"GHz\"},\"erp\":{\"value\":42,\"uom\":\"dBW\"},\"standard\":76},{\"band\":{\"value\":[10,11.7],\"uom\":\"GHz\"},\"erp\":{\"value\":42,\"uom\":\"dBW\"},\"standard\":77},{\"band\":{\"value\":[17.7,19.7],\"uom\":\"GHz\"},\"erp\":{\"value\":42,\"uom\":\"dBW\"},\"standard\":78},{\"band\":{\"value\":[21.2,23.6],\"uom\":\"GHz\"},\"erp\":{\"value\":42,\"uom\":\"dBW\"},\"standard\":79},{\"band\":{\"value\":[806,901],\"uom\":\"MHz\"},\"erp\":{\"value\":500,\"uom\":\"W\"},\"standard\":80},{\"band\":{\"value\":[929,932],\"uom\":\"MHz\"},\"erp\":{\"value\":3500,\"uom\":\"W\"},\"standard\":81},{\"band\":{\"value\":[1670,1675],\"uom\":\"MHz\"},\"erp\":{\"value\":500,\"uom\":\"W\"},\"standard\":82},{\"band\":{\"value\":[1710,1755],\"uom\":\"MHz\"},\"erp\":{\"value\":500,\"uom\":\"W\"},\"standard\":83},{\"band\":{\"value\":[1850,1990],\"uom\":\"MHz\"},\"erp\":{\"value\":1640,\"uom\":\"W\"},\"standard\":84},{\"band\":{\"value\":[1990,2025],\"uom\":\"MHz\"},\"erp\":{\"value\":500,\"uom\":\"W\"},\"standard\":85},{\"band\":{\"value\":[2110,2200],\"uom\":\"MHz\"},\"erp\":{\"value\":500,\"uom\":\"W\"},\"standard\":86},{\"band\":{\"value\":[2305,2360],\"uom\":\"MHz\"},\"erp\":{\"value\":2000,\"uom\":\"W\"},\"standard\":87},{\"band\":{\"value\":[2496,2690],\"uom\":\"MHz\"},\"erp\":{\"value\":500,\"uom\":\"W\"},\"standard\":88},{\"band\":{\"value\":[6,7],\"uom\":\"GHz\"},\"erp\":{\"value\":55,\"uom\":\"dBW\"},\"standard\":89},{\"band\":{\"value\":[10,11.7],\"uom\":\"GHz\"},\"erp\":{\"value\":55,\"uom\":\"dBW\"},\"standard\":90},{\"band\":{\"value\":[17.7,19.7],\"uom\":\"GHz\"},\"erp\":{\"value\":55,\"uom\":\"dBW\"},\"standard\":91},{\"band\":{\"value\":[21.2,23.6],\"uom\":\"GHz\"},\"erp\":{\"value\":55,\"uom\":\"dBW\"},\"standard\":92},{\"band\":{\"value\":[614,698],\"uom\":\"MHz\"},\"erp\":{\"value\":1000,\"uom\":\"W\"},\"standard\":93},{\"band\":{\"value\":[614,698],\"uom\":\"MHz\"},\"erp\":{\"value\":2000,\"uom\":\"W\"},\"standard\":94},{\"band\":{\"value\":[\"14000.0\",\"14500.0\"],\"uom\":\"MHz\"},\"erp\":{\"value\":\"7\",\"uom\":\"W\"},\"overlap\":{\"standards\":[73],\"reason\":\"LEO user terminal operating in the Ku-Band, 47 CFR Part 25\",\"recorded\":\"2025-06-26T17:42:20.528Z\"},\"standard\":false},{\"band\":{\"value\":[\"5725\",\"5875\"],\"uom\":\"MHz\"},\"erp\":{\"value\":\"4\",\"uom\":\"W\"},\"standard\":false}]}"
2025-AAL-1219-NRA,,Studying,,2025-06-27,2025-06-27,,,61.2126306,-149.8337528,4D,,,Soilmec SR-75 Mobile Hydraulic Drill Rig,anchorage,Anchorage,20,AK,ALASKA RGNL HOSPITAL,1264,269,Y,20 total drilling locations to be drilled with Soilmec SR-75 rig  which has a maximum operating height of 65' above ground level.,6 points to be drilled with tracked mobile drill rig that are nearest the approach to runway 23 at Merrill Field Airport.,New Construction,Temporary,14,0,2025-07-28,2025-08-10,,,CONSTRUCTION$VEHICLE,,,65,134,,,199,,,,
2025-AAL-1220-NRA,,Studying,,2025-06-27,2025-06-27,,,62.05353234,-163.30147275,2C,,,Localizer Platform,St Mary's,Kusilvak,158,AK,ST MARY'S,2669,179,Y,"Replace LOC with new 14 Element ILS 420 Array with new 109'3\"L X 14'8\"W X 26'10\"H platform w/ antennas  new communication duct bank from shelter to FAA shop",Location is on the south side of the St Mary's Access Road  New Localizer/Platform will replace the existing MK1F with a new ILS 420 14 element SE/SF Array,New Construction,Permanent,,,,,,,TOWER$ANTENNA,,,27,287,,,314,,,,"{\"frequencies\":[{\"band\":{\"value\":[\"108\",\"112\"],\"uom\":\"MHz\"},\"erp\":{\"value\":\"15\",\"uom\":\"W\"},\"overlap\":{\"standards\":[53],\"reason\":\"FAA Localizer\",\"recorded\":\"2025-06-27T19:23:16.793Z\"},\"standard\":false}]}"
2025-AAL-1221-NRA,,Studying,,2025-06-27,2025-06-27,,,66.0445972,-154.2586139,2C,,,Snow Removal Equipment Building (SREB),Hughes,Yukon-Koyukuk,290,AK,HUGHES,2211,24,Y,Proposed relocation and replacement of SREB onto existing airport apron to improve access and protect against future flooding  as well as improving facility to meet current standards.,SREB will be placed on a pad on the existing apron  with the grade raised to 305' to account for the 100-year flood elevation in the area of 304'.,New Construction,Permanent,,,,,,,BUILDING,,,333,302,,,635,,,,
2025-AAL-1223-NRA,,Studying,,2025-06-30,2025-06-30,,,61.57187318,-149.53903446,4D,,,Wasilla Airport Taxiway K,Wasilla,Matanuska-Susitna,170,AK,WASILLA,100,114,Y,Construct Taxiway K and related improvements: new Taxiway K  apron  and access road; extend Taxiway H,On Wasilla Airport property  along the southeast edge of the runway  and extending to Aviation Avenue.,New Construction,Temporary,0,14,2025-08-15,2026-10-15,,,CONSTRUCTION$VEHICLE,,,23,348,,,371,,,,
2025-AAL-1224-NRA,,Studying,,2025-06-30,2025-07-01,,,61.57170873,-149.53891227,4D,,,Taxiway K and related Improvements,Wasilla,Matanuska-Susitna,170,AK,WASILLA,151,132,Y,The haul route and disposal area for excavation from Taxiway K and Related Improvements,On Wasilla Airport property  along the southeast side of the runway  and in the RWY 4 RPZ,New Construction,Temporary,0,14,2025-08-15,2026-10-15,,,CONSTRUCTION$VEHICLE,,,23,349,,,372,,,,
2025-AAL-1225-NRA,,Studying,,2025-07-02,2025-07-02,,,61.1722611,-149.9846972,4D,,,Pertable crane for installation of B5 & B7,ANCHORAGE,Anchorage,20,AK,TED STEVENS ANCHORAGE INTL,2465,106,Y,points represent 4 corners of construction zone,inside TSAIA SITA for B Concourse. Immediately adjacent to Airport terminal,New Construction,Temporary,7,2,2025-09-29,2025-12-05,,,CONSTRUCTION$VEHICLE,,,75,100,,,175,,,,
2025-AAL-1226-NRA,,Studying,,2025-07-02,2025-07-02,,,61.1785111,-149.9883611,4D,,,Pertable crane for installation of mechani,ANCHORAGE,Anchorage,20,AK,TED STEVENS ANCHORAGE INTL,2366,47,Y,"Temporary crane mobilization to facilitate the installation of a large piece of mechanical equipment\n\nThis case represents the center of the construction zone",North Side of North Terminal  adjacent to building,New Construction,Temporary,0,4,2026-03-02,2026-07-03,,,CRANE,,,75,93,,,168,,,,
2025-AAL-1227-NRA,,Studying,,2025-07-02,2025-07-02,,,57.755727,-152.515266,4D,,,Fiber conduit,Kodiak,Kodiak Island,150,AK,KODIAK,4696,298,Y,Installation of aerial fiber on existing utility poles  with 426 feet of underground fiber trench along Devils Creek Road. The maximum extended height of the construction equipment will not exceed 45 feet above ground level.,On-airport fiber installation- Kodiak ADQ,New Construction,Temporary,0,1,2025-07-14,2025-08-14,,,CONSTRUCTION$VEHICLE,,,45,44,,,89,,,,
2025-AAL-1229-NRA,,Studying,,2025-07-02,2025-07-02,,,61.1804333,-149.988275,4D,,,Victory Taxilane Gate,Anchorage,Anchorage,20,AK,TED STEVENS ANCHORAGE INTL,2901,37,Y,Installation of new gate  removal of old gate  and installation of CCTV camera pole,Victory Taxilane Gate,New Construction,Temporary,2,0,2025-09-01,2025-10-31,,,CONSTRUCTION$OTHER,,,30,88,,,118,,,,
2025-AAL-1230-NRA,,Studying,,2025-07-07,2025-07-08,,,61.17906389,-149.985675,4D,,,Potential Excavation 19,Anchorage Alaska,Anchorage,20,AK,TED STEVENS ANCHORAGE INTL,2855,50,Y,Replacing card readers into parking lot and potentially fixing damaged conduit underground,On the corner of Postmark Drive and Airport Terminal Road  the parking lot just north of Airport Terminal Road,New Construction,Temporary,0,3,2025-08-04,2025-10-31,,,CONSTRUCTION$OTHER,,,15,82,,,97,,,,
2025-AAL-1231-NRA,,Studying,,2025-07-07,2025-07-08,,,61.17913889,-149.98559167,4D,,,Potential Excavation 18,Anchorage Alaska,Anchorage,20,AK,TED STEVENS ANCHORAGE INTL,2884,50,Y,Replacing card readers into parking lot and potentially fixing damaged conduit underground,On the corner of Postmark Drive and Airport Terminal Road  the parking lot just north of Airport Terminal Road,New Construction,Temporary,0,3,2025-08-04,2025-10-31,,,CONSTRUCTION$OTHER,,,15,82,,,97,,,,
2025-AAL-1232-NRA,,Studying,,2025-07-07,2025-07-08,,,61.17919167,-149.985525,4D,,,Potential Excavation 17,Anchorage Alaska,Anchorage,20,AK,TED STEVENS ANCHORAGE INTL,2906,50,Y,Replacing card readers into parking lot and potentially fixing damaged conduit underground,On the corner of Postmark Drive and Airport Terminal Road  the parking lot just north of Airport Terminal Road,New Construction,Temporary,0,3,2025-08-04,2025-10-31,,,CONSTRUCTION$OTHER,,,15,82,,,97,,,,
2025-AAL-1233-NRA,,Studying,,2025-07-07,2025-07-08,,,61.17927778,-149.98545,4D,,,Potential Excavation 16,Anchorage Alaska,Anchorage,20,AK,TED STEVENS ANCHORAGE INTL,2936,50,Y,Replacing card readers into parking lot and potentially fixing damaged conduit underground,On the corner of Postmark Drive and Airport Terminal Road  the parking lot just north of Airport Terminal Road,New Construction,Temporary,0,3,2025-08-04,2025-10-31,,,CONSTRUCTION$OTHER,,,15,82,,,97,,,,
2025-AAL-1234-NRA,,Studying,,2025-07-07,2025-07-08,,,61.17936389,-149.98538333,4D,,,Potential Excavation 15,Anchorage Alaska,Anchorage,20,AK,TED STEVENS ANCHORAGE INTL,2966,49,Y,Replacing card readers into parking lot and potentially fixing damaged conduit underground,On the corner of Postmark Drive and Airport Terminal Road  the parking lot just north of Airport Terminal Road,New Construction,Temporary,0,3,2025-08-04,2025-10-31,,,CONSTRUCTION$OTHER,,,15,82,,,97,,,,
2025-AAL-1235-NRA,,Studying,,2025-07-07,2025-07-08,,,61.17942778,-149.98531111,4D,,,Potential Excavation 14,Anchorage Alaska,Anchorage,20,AK,TED STEVENS ANCHORAGE INTL,2990,49,Y,Replacing card readers into parking lot and potentially fixing damaged conduit underground,On the corner of Postmark Drive and Airport Terminal Road  the parking lot just north of Airport Terminal Road,New Construction,Temporary,0,3,2025-08-04,2025-10-31,,,CONSTRUCTION$OTHER,,,15,82,,,97,,,,
2025-AAL-1236-NRA,,Studying,,2025-07-07,2025-07-08,,,61.17950556,-149.98525,4D,,,Potential Excavation 13,Anchorage Alaska,Anchorage,20,AK,TED STEVENS ANCHORAGE INTL,3017,49,Y,Replacing card readers into parking lot and potentially fixing damaged conduit underground,On the corner of Postmark Drive and Airport Terminal Road  the parking lot just north of Airport Terminal Road,New Construction,Temporary,0,3,2025-08-04,2025-10-31,,,CONSTRUCTION$OTHER,,,15,82,,,97,,,,
2025-AAL-1237-NRA,,Studying,,2025-07-07,2025-07-08,,,61.17953333,-149.98514167,4D,,,Potential Excavation 12,Anchorage Alaska,Anchorage,20,AK,TED STEVENS ANCHORAGE INTL,3038,49,Y,Replacing card readers into parking lot and potentially fixing damaged conduit underground,On the corner of Postmark Drive and Airport Terminal Road  the parking lot just north of Airport Terminal Road,New Construction,Temporary,0,3,2025-08-04,2025-10-31,,,CONSTRUCTION$OTHER,,,15,82,,,97,,,,
2025-AAL-1238-NRA,,Studying,,2025-07-07,2025-07-08,,,61.17955833,-149.98495833,4D,,,Potential Excavation 11,Anchorage Alaska,Anchorage,20,AK,TED STEVENS ANCHORAGE INTL,3069,49,Y,Replacing card readers into parking lot and potentially fixing damaged conduit underground,On the corner of Postmark Drive and Airport Terminal Road  the parking lot just north of Airport Terminal Road,New Construction,Temporary,0,3,2025-08-04,2025-10-31,,,CONSTRUCTION$OTHER,,,15,82,,,97,,,,
2025-AAL-1239-NRA,,Studying,,2025-07-07,2025-07-08,,,61.17959722,-149.98475556,4D,,,Potential Excavation 10,Anchorage Alaska,Anchorage,20,AK,TED STEVENS ANCHORAGE INTL,3105,50,Y,Replacing card readers into parking lot and potentially fixing damaged conduit underground,On the corner of Postmark Drive and Airport Terminal Road  the parking lot just north of Airport Terminal Road,New Construction,Temporary,0,3,2025-08-04,2025-10-31,,,CONSTRUCTION$OTHER,,,15,82,,,97,,,,
2025-AAL-1240-NRA,,Studying,,2025-07-07,2025-07-08,,,61.17990278,-149.98358611,4D,,,Potential Excavation,Anchorage Alaska,Anchorage,20,AK,LAKE HOOD,2956,269,Y,Replacing card readers into parking lot and potentially fixing damaged conduit underground,On the corner of Postmark Drive and Airport Terminal Road  the parking lot just north of Airport Terminal Road,New Construction,Temporary,0,3,2025-08-04,2025-10-31,,,CONSTRUCTION$OTHER,,,15,82,,,97,,,,
2025-AAL-1241-NRA,,Studying,,2025-07-07,2025-07-08,,,61.17986667,-149.98353056,4D,,,Potential Excavation 1,Anchorage Alaska,Anchorage,20,AK,LAKE HOOD,2946,269,Y,Replacing card readers into parking lot and potentially fixing damaged conduit underground,On the corner of Postmark Drive and Airport Terminal Road  the parking lot just north of Airport Terminal Road,New Construction,Temporary,0,3,2025-08-04,2025-10-31,,,CONSTRUCTION$OTHER,,,15,82,,,97,,,,
2025-AAL-1242-NRA,,Studying,,2025-07-07,2025-07-08,,,61.17981667,-149.98355556,4D,,,Potential Excavation 2,Anchorage Alaska,Anchorage,20,AK,LAKE HOOD,2951,269,Y,Replacing card readers into parking lot and potentially fixing damaged conduit underground,On the corner of Postmark Drive and Airport Terminal Road  the parking lot just north of Airport Terminal Road,New Construction,Temporary,0,3,2025-08-04,2025-10-31,,,CONSTRUCTION$OTHER,,,15,82,,,97,,,,
2025-AAL-1243-NRA,,Studying,,2025-07-07,2025-07-08,,,61.17979167,-149.983675,4D,,,Potential Excavation 3,Anchorage Alaska,Anchorage,20,AK,LAKE HOOD,2972,269,Y,Replacing card readers into parking lot and potentially fixing damaged conduit underground,On the corner of Postmark Drive and Airport Terminal Road  the parking lot just north of Airport Terminal Road,New Construction,Temporary,0,3,2025-08-04,2025-10-31,,,CONSTRUCTION$OTHER,,,15,81,,,96,,,,
2025-AAL-1244-NRA,,Studying,,2025-07-07,2025-07-08,,,61.17976667,-149.98379444,4D,,,Potential Excavation 4,Anchorage Alaska,Anchorage,20,AK,LAKE HOOD,2994,268,Y,Replacing card readers into parking lot and potentially fixing damaged conduit underground,On the corner of Postmark Drive and Airport Terminal Road  the parking lot just north of Airport Terminal Road,New Construction,Temporary,0,3,2025-08-04,2025-10-31,,,CONSTRUCTION$OTHER,,,15,81,,,96,,,,
2025-AAL-1245-NRA,,Studying,,2025-07-07,2025-07-08,,,61.17973889,-149.98395,4D,,,Potential Excavation 5,Anchorage Alaska,Anchorage,20,AK,LAKE HOOD,3022,268,Y,Replacing card readers into parking lot and potentially fixing damaged conduit underground,On the corner of Postmark Drive and Airport Terminal Road  the parking lot just north of Airport Terminal Road,New Construction,Temporary,0,3,2025-08-04,2025-10-31,,,CONSTRUCTION$OTHER,,,15,81,,,96,,,,
2025-AAL-1246-NRA,,Studying,,2025-07-07,2025-07-08,,,61.17970278,-149.98412222,4D,,,Potential Excavation 6,Anchorage Alaska,Anchorage,20,AK,LAKE HOOD,3052,268,Y,Replacing card readers into parking lot and potentially fixing damaged conduit underground,On the corner of Postmark Drive and Airport Terminal Road  the parking lot just north of Airport Terminal Road,New Construction,Temporary,0,3,2025-08-04,2025-10-31,,,CONSTRUCTION$OTHER,,,15,81,,,96,,,,
2025-AAL-1247-NRA,,Studying,,2025-07-07,2025-07-08,,,61.179675,-149.98429167,4D,,,Potential Excavation 7,Anchorage Alaska,Anchorage,20,AK,LAKE HOOD,3083,268,Y,Replacing card readers into parking lot and potentially fixing damaged conduit underground,On the corner of Postmark Drive and Airport Terminal Road  the parking lot just north of Airport Terminal Road,New Construction,Temporary,0,3,2025-08-04,2025-10-31,,,CONSTRUCTION$OTHER,,,15,82,,,97,,,,
2025-AAL-1248-NRA,,Studying,,2025-07-07,2025-07-08,,,61.17965278,-149.98445,4D,,,Potential Excavation 8,Anchorage Alaska,Anchorage,20,AK,LAKE HOOD,3111,268,Y,Replacing card readers into parking lot and potentially fixing damaged conduit underground,On the corner of Postmark Drive and Airport Terminal Road  the parking lot just north of Airport Terminal Road,New Construction,Temporary,0,3,2025-08-04,2025-10-31,,,CONSTRUCTION$OTHER,,,15,82,,,97,,,,
2025-AAL-1249-NRA,,Studying,,2025-07-07,2025-07-08,,,61.179625,-149.98460278,4D,,,Potential Excavation 9,Anchorage Alaska,Anchorage,20,AK,TED STEVENS ANCHORAGE INTL,3132,50,Y,Replacing card readers into parking lot and potentially fixing damaged conduit underground,On the corner of Postmark Drive and Airport Terminal Road  the parking lot just north of Airport Terminal Road,New Construction,Temporary,0,3,2025-08-04,2025-10-31,,,CONSTRUCTION$OTHER,,,15,82,,,97,,,,
2025-AAL-1250-NRA,,Studying,,2025-07-07,2025-07-08,,,61.17992222,-149.98346111,4D,,,Card Reader,Anchorage Alaska,Anchorage,20,AK,LAKE HOOD,2934,270,Y,Replacing card readers into parking lot and potentially fixing damaged conduit underground,On the corner of Postmark Drive and Airport Terminal Road  the parking lot just north of Airport Terminal Road,New Construction,Temporary,0,3,2025-08-04,2025-10-31,,,CONSTRUCTION$OTHER,,,4,82,,,86,,,,
2025-AAL-1251-NRA,,Studying,,2025-07-07,2025-07-08,,,61.17991944,-149.98345833,4D,,,Excavator,Anchorage Alaska,Anchorage,20,AK,LAKE HOOD,2933,270,Y,Replacing card readers into parking lot and potentially fixing damaged conduit underground,On the corner of Postmark Drive and Airport Terminal Road  the parking lot just north of Airport Terminal Road,New Construction,Temporary,0,3,2025-08-04,2025-10-31,,,CONSTRUCTION$OTHER,,,15,82,,,97,,,,
2025-AAL-1252-NRA,,Studying,,2025-07-07,2025-07-08,,,61.17984456,-149.98352925,4D,,,Excavator  Work Boundary,Anchorage Alaska,Anchorage,20,AK,LAKE HOOD,2946,269,Y,Replacing card readers into parking lot and potentially fixing damaged conduit underground,On the corner of Postmark Drive and Airport Terminal Road  the parking lot just north of Airport Terminal Road,New Construction,Temporary,0,3,2025-08-04,2025-10-31,,,CONSTRUCTION$OTHER,,,15,82,,,97,,,,
2025-AAL-1253-NRA,,Studying,,2025-07-08,2025-07-08,,,61.16652068,-149.97427265,4D,,,Kulis ramp and taxiway c repair,Anchorage,Anchorage,20,AK,TED STEVENS ANCHORAGE INTL,5040,123,Y,Kulis ramp pavement repair. There is no new structures. Simply mill  grade  and pave. The height listed is the max we ever anticipate reaching with construction equipment during the project.,Kulis ramp by taxiway C  Amazon  signature flight support group  and grant aviation,New Construction,Temporary,20,0,2025-07-22,2025-09-30,,,CONSTRUCTION$VEHICLE,,,50,112,,,162,,,,
2025-AAL-1254-NRA,,Studying,,2025-07-09,2025-07-09,,,60.78198333,-161.84257222,4D,,,40' Freezer connex,Bethel,Bethel,50,AK,BETHEL,1582,322,Y,Using container wheel attachments and container tow bar  we will tow the connex the location described above.,Flat  paved area between the metal structure to the northwest and the coverall structure to the southeast. back of the connex would be aligned with the northeast end wall of the coverall structure.,New Construction,Permanent,,,,,,,BUILDING,,,10,120,,,130,,,,
2025-AAL-1261-NRA,,Studying,,2025-07-10,2025-07-10,,,58.68293236,-156.66710869,4D,,,Cable tool rig,King Salmon,Bristol Bay,60,AK,KING SALMON,4222,304,Y,Up to 25 test holes within the area defined by the corner points entered.,Alaska Airlines apron,New Construction,Temporary,10,1,2025-07-21,2025-08-31,,,CONSTRUCTION$VEHICLE,,,25,55,,,80,,,,
2025-AAL-1263-NRA,,Studying,,2025-07-14,2025-07-14,,,64.79723536,-147.88168866,2C,,,Construct 2-foot tall berm at landfarm are,Fairbanks,Fairbanks North Star,90,AK,FAIRBANKS INTL,7691,210,Y,Use of equipment to construct 2-foot tall berm,Former staging area/land farm area,New Construction,Permanent,,,,,,,CONSTRUCTION$VEHICLE,,,12,432,,,444,,,,
2025-AAL-1264-NRA,,Studying,,2025-07-15,2025-07-15,,,53.89674161,-166.53801501,4D,,,Excavator,Dutch Harbor,Aleutians West,16,AK,UNALASKA,1713,118,Y,Installation of two new utility vaults for underground electrical powerline. Vault lids to be approximately 6 inches above grade. Temporary construction equipment height approximately 15-20 ft. Anticipated work schedule: 9/1/2025 - 10/1/2025.,Turnoff from Ballyhoo Road adjacent to the shore. East shore of Tom Madsen Airport looking out to Iliuliuk Bay. Approximately 200 ft south of Ballyhoo Road and Tundra Drive intersection. Nearest building across the street at 80 Ballyhoo Road.,New Construction,Temporary,0,1,2025-09-01,2025-10-01,,,CONSTRUCTION$VEHICLE,,,31,11,,,42,,,,
2025-AAL-1265-NRA,,Studying,,2025-07-15,2025-07-15,,,61.1722417,-149.9653167,4D,,,Temporary Maintenance Hangar,Anchorage,Anchorage,20,AK,LAKE HOOD,2845,175,Y,Erect a temporary fabric structure maintenance hangar.,A/C Parking Position 'K2' of the ANC  Ted Stevens Anchorage International Airport.,New Construction,Temporary,20,3,2025-08-04,2025-11-03,,,BUILDING,,,61,83,,,144,,,,
2025-AAL-1266-NRA,,Studying,,2025-07-15,2025-07-15,,,61.17195,-149.9651083,4D,,,Temporary Maintenance Hangar,Anchorage,Anchorage,20,AK,LAKE HOOD,2955,174,Y,Crane use for erecting and decommissioning of a temporary fabric structure maintenance hangar.,A/C Parking 'K2' at ANC Ted Stevens Anchorage International Airport.,New Construction,Temporary,20,3,2025-08-04,2025-11-03,,,CRANE$MOBILE,,,65,85,,,150,,,,"{\"frequencies\":[{\"band\":{\"value\":[10,11.7],\"uom\":\"GHz\"},\"erp\":{\"value\":55,\"uom\":\"dBW\"},\"standard\":90}]}"
2025-AAL-1271-NRA,,Studying,,2025-07-17,2025-07-17,,,61.16913889,-150.03455833,4D,,,Pad-Mount Transformer 7146,Anchorage,Anchorage,20,AK,TED STEVENS ANCHORAGE INTL,6680,254,Y,Above Ground Electrical Facility,SE of W Perimeter Road adjacent to the southside of Runway 7R,New Construction,Permanent,,,,,,,CONSTRUCTION$OTHER,,,8,108,,,116,,,,
2025-AAL-1272-NRA,,Studying,,2025-07-17,2025-07-17,,,61.16914167,-150.04045,4D,,,Pull-Box 1742,Anchorage,Anchorage,20,AK,TED STEVENS ANCHORAGE INTL,7686,256,Y,Above Ground Electrical Facility,SE of W Perimeter Road adjacent to the southside of Runway 7R,New Construction,Permanent,,,,,,,CONSTRUCTION$OTHER,,,8,86,,,94,,,,
2025-AAL-1273-NRA,,Studying,,2025-07-17,2025-07-17,,,61.17037778,-150.03943056,4D,,,Juntion Box 3358,Anchorage,Anchorage,20,AK,TED STEVENS ANCHORAGE INTL,7415,259,Y,Above Ground Electrical Facility,SE of W Perimeter Road adjacent to the southside of Runway 7R,New Construction,Permanent,,,,,,,CONSTRUCTION$OTHER,,,8,88,,,96,,,,
2025-AAL-1274-NRA,,Studying,,2025-07-17,2025-07-17,,,61.166775,-150.04513056,4D,,,Pull-Box 1709,Anchorage,Anchorage,20,AK,TED STEVENS ANCHORAGE INTL,8717,252,Y,Above Ground Electrical Facility,SE of W Perimeter Road adjacent to the southside of Runway 7R,New Construction,Permanent,,,,,,,CONSTRUCTION$OTHER,,,8,84,,,92,,,,
2025-AAL-1275-NRA,,Studying,,2025-07-17,2025-07-17,,,61.16948333,-150.03978889,4D,,,Pull-Box 2546,Anchorage,Anchorage,20,AK,TED STEVENS ANCHORAGE INTL,7544,257,Y,Above Ground Electrical Facility,SE of W Perimeter Road adjacent to the southside of Runway 7R,New Construction,Permanent,,,,,,,CONSTRUCTION$OTHER,,,8,83,,,91,,,,
2025-AAL-1276-NRA,,Studying,,2025-07-17,2025-07-17,,,61.16807222,-150.04681111,4D,,,Pad-Mount Transformer 0326,Anchorage,Anchorage,20,AK,TED STEVENS ANCHORAGE INTL,8871,256,Y,Above Ground Electrical Facility,SE of W Perimeter Road adjacent to the southside of Runway 7R,New Construction,Permanent,,,,,,,CONSTRUCTION$OTHER,,,8,106,,,114,,,,
2025-AAL-1277-NRA,,Studying,,2025-07-17,2025-07-17,,,61.17042222,-150.03962778,4D,,,Pad-Mount Transformer 3358A,Anchorage,Anchorage,20,AK,TED STEVENS ANCHORAGE INTL,7447,260,Y,Above Ground Electrical Facility,SE of W Perimeter Road adjacent to the southside of Runway 7R,New Construction,Permanent,,,,,,,CONSTRUCTION$OTHER,,,8,88,,,96,,,,
2025-AAL-1278-NRA,,Studying,,2025-07-17,2025-07-17,,,61.17064167,-150.029925,4D,,,Pad-Mount Transformer 3458,Anchorage,Anchorage,20,AK,TED STEVENS ANCHORAGE INTL,5752,257,Y,Above Ground Electrical Facility,SE of W Perimeter Road adjacent to the southside of Runway 7R,New Construction,Permanent,,,,,,,CONSTRUCTION$OTHER,,,8,89,,,97,,,,
2025-AAL-1279-NRA,,Studying,,2025-07-17,2025-07-17,,,61.16613674,-150.04238901,4D,,,SC 1095,Anchorage,Anchorage,20,AK,TED STEVENS ANCHORAGE INTL,8336,250,Y,Above Ground Electrical Facility,SE of W Perimeter Road adjacent to the southside of Runway 7R,New Construction,Permanent,,,,,,,CONSTRUCTION$OTHER,,,10,135,,,145,,,,
2025-AAL-1283-NRA,,Studying,,2025-07-18,2025-07-19,,,64.80360833,-147.89194444,4D,,,South Cargo Apron Repair 2,Fairbanks,Fairbanks North Star,90,AK,FAIRBANKS INTL,6979,232,Y,Apron was severely damaged from military aircraft operations. Will be needing to repair the asphalt at spot 4 before winter operations begin. This spot is a vital area for an diversion aircraft parking.,Heavy Aircraft Parking Apron on the SW side of FAI airport,New Construction,Temporary,14,1,2025-08-18,2025-10-02,,,CONSTRUCTION$OTHER,,,20,437,,,457,,,,
2025-AAL-1284-NRA,,Studying,,2025-07-18,2025-07-19,,,64.80385833,-147.89146667,4D,,,South Cargo Apron Repair 3,Fairbanks,Fairbanks North Star,90,AK,FAIRBANKS INTL,6864,232,Y,Apron was severely damaged from military aircraft operations. Will be needing to repair the asphalt at spot 4 before winter operations begin. This spot is a vital area for an diversion aircraft parking.,Heavy Aircraft Parking Apron on the SW side of FAI airport,New Construction,Temporary,14,1,2025-08-18,2025-10-02,,,CONSTRUCTION$OTHER,,,20,437,,,457,,,,
2025-AAL-1285-NRA,,Studying,,2025-07-18,2025-07-19,,,64.80395556,-147.89186944,4D,,,South Cargo Apron Repair 4,Fairbanks,Fairbanks North Star,90,AK,FAIRBANKS INTL,6892,233,Y,Apron was severely damaged from military aircraft operations. Will be needing to repair the asphalt at spot 4 before winter operations begin. This spot is a vital area for an diversion aircraft parking.,Heavy Aircraft Parking Apron on the SW side of FAI airport,New Construction,Temporary,14,1,2025-08-18,2025-10-02,,,CONSTRUCTION$OTHER,,,20,437,,,457,,,,
2025-AAL-1286-NRA,,Studying,,2025-07-18,2025-07-19,,,64.80365556,-147.89243889,4D,,,South Cargo Apron Repair 5,Fairbanks,Fairbanks North Star,90,AK,FAIRBANKS INTL,7029,233,Y,Apron was severely damaged from military aircraft operations. Will be needing to repair the asphalt at spot 4 before winter operations begin. This spot is a vital area for an diversion aircraft parking.,Heavy Aircraft Parking Apron on the SW side of FAI airport,New Construction,Temporary,14,1,2025-08-18,2025-10-02,,,CONSTRUCTION$OTHER,,,20,437,,,457,,,,
2025-AAL-1288-NRA,,Studying,,2025-07-18,2025-07-19,,,64.80514655,-147.89178742,4D,,,Staging Area - SCA Apron 1,Fairbanks,Fairbanks North Star,90,AK,FAIRBANKS INTL,6627,236,Y,Staging area for South Cargo Apron repair work. The Asphalt was damaged from a military aircraft and is a vital aircraft parking area for diversions.,SW corner of South Cargo Apron,New Construction,Temporary,14,1,2025-08-18,2025-10-02,,,OTHER,,,20,436,,,456,,,,
2025-AAL-1289-NRA,,Studying,,2025-07-18,2025-07-19,,,64.80543056,-147.89191111,4D,,,SCA Repair Staging 2,Fairbanks,Fairbanks North Star,90,AK,FAIRBANKS INTL,6585,237,Y,Staging area for South Cargo Apron repair work. The Asphalt was damaged from a military aircraft and is a vital aircraft parking area for diversions.,SW corner of South Cargo Apron,New Construction,Temporary,14,1,2025-08-18,2025-10-02,,,OTHER,,,20,436,,,456,,,,
2025-AAL-1290-NRA,,Studying,,2025-07-18,2025-07-19,,,64.80508889,-147.892625,4D,,,SCA Repair Staging 3,Fairbanks,Fairbanks North Star,90,AK,FAIRBANKS INTL,6747,236,Y,Staging area for South Cargo Apron repair work. The Asphalt was damaged from a military aircraft and is a vital aircraft parking area for diversions.,SW corner of South Cargo Apron,New Construction,Temporary,14,1,2025-08-18,2025-10-02,,,OTHER,,,20,436,,,456,,,,
2025-AAL-1291-NRA,,Studying,,2025-07-18,2025-07-19,,,64.805175,-147.89088056,4D,,,SCA Repair Staging 4,Fairbanks,Fairbanks North Star,90,AK,FAIRBANKS INTL,6504,235,Y,Staging area for South Cargo Apron repair work. The Asphalt was damaged from a military aircraft and is a vital aircraft parking area for diversions.,SW corner of South Cargo Apron,New Construction,Temporary,14,1,2025-08-18,2025-10-02,,,OTHER,,,20,436,,,456,,,,
2025-AAL-1292-NRA,,Studying,,2025-07-18,2025-07-19,,,64.80495278,-147.89146111,4D,,,SCA Repair Staging 5,Fairbanks,Fairbanks North Star,90,AK,FAIRBANKS INTL,6625,235,Y,Staging area for South Cargo Apron repair work. The Asphalt was damaged from a military aircraft and is a vital aircraft parking area for diversions.,SW corner of South Cargo Apron,New Construction,Temporary,14,1,2025-08-18,2025-10-02,,,OTHER,,,20,436,,,456,,,,
2025-AAL-1293-NRA,,Studying,,2025-07-21,2025-07-21,,,55.2012,-162.718,4D,,,Cold Bay Aiport Fiber,Cold Bay,Aleutians East,13,AK,COLD BAY,2274,145,Y,GCI proposes to install new underground fiber optic cable and associated equipment  including fiber conduit and underground vaults. All equipment will be installed flush with the ground surface. The maximum heigh of the mobile construction will not exceed 35 feet AGL.,Filing for on-airport fiber installation. A portion of the road rights-of-way are managed through the DNR.,New Construction,Permanent,,,,,,,CONSTRUCTION$VEHICLE,,,35,88,,,123,,,,
2025-AAL-1294-NRA,,Studying,,2025-07-22,2025-07-22,,,58.68248493,-156.66761325,4D,,,1 King Salmon Airport Rd King Salmon  AK 9,King Salmon,Bristol Bay,60,AK,KING SALMON,4215,301,Y,Scope of work to include demolition of an existing walk in cooler and freezer and associated slab/doghouse structure and the installation of new walk in cooler and freezer units  associated insulated slab  open canopy structure and connections to existing building. No change of use/occupancy with this application.,Repairs to Freezer/Cooler storage section on southern part of King Salmon Visitor Center building.,Existing,Permanent,,,,,,,BUILDING$COMMERCIAL,,,20,54,,,74,,,,"{\"frequencies\":[{\"band\":{\"value\":[6,7],\"uom\":\"GHz\"},\"erp\":{\"value\":42,\"uom\":\"dBW\"},\"standard\":76}]}"
2025-AAL-1301-NRA,,Determined - No Hazard,To Proponent,2025-07-24,2025-07-24,2025-07-29,2027-01-29,67.73026111,-164.54829722,4D,,,Kivalina CLS Crane,Kivalina,Northwest Arctic,188,AK,KIVALINA,3013,136,Y,AWN is proposing to use a crane to construct its monopole (2024-AAL-1741-NRA) between August 6th - August 13th,At the AWN Kivalina CLS tower (2024-AAL-1741-NRA),New Construction,Temporary,8,0,2025-08-06,2025-08-13,,,CONSTRUCTION$VEHICLE,110,,110,18,128,,128,Cindy Hall,Alaska Wireless Network,,
2025-AAL-1315-NRA,,Studying,,2025-07-25,2025-07-25,,,56.30849722,-158.37571111,4D,,,Stockpile,Chignik,Lake and Peninsula,164,AK,CHIGNIK,1194,205,Y,Gravel resurface,Apron NW,New Construction,Temporary,0,3,2026-06-01,2026-09-30,,,CONSTRUCTION$OTHER,,,15,20,,,35,,,,
2025-AAL-1316-NRA,,Studying,,2025-07-25,2025-07-25,,,56.30818611,-158.37756667,4D,,,Runway SW,Chignik,Lake and Peninsula,164,AK,CHIGNIK,1485,216,Y,Gravel resurface,Apron NW,New Construction,Temporary,0,3,2026-06-01,2026-09-30,,,CONSTRUCTION$OTHER,,,12,20,,,32,,,,
2025-AAL-1317-NRA,,Studying,,2025-07-25,2025-07-25,,,56.30801667,-158.37718611,4D,,,Runway SE,Chignik,Lake and Peninsula,164,AK,CHIGNIK,1492,212,Y,Gravel resurface,Apron NW,New Construction,Temporary,0,3,2026-06-01,2026-09-30,,,CONSTRUCTION$OTHER,,,12,20,,,32,,,,
2025-AAL-1318-NRA,,Studying,,2025-07-25,2025-07-25,,,56.31472222,-158.36888056,4D,,,Runway NE,Chignik,Lake and Peninsula,164,AK,CHIGNIK,1484,37,Y,Gravel resurface,Apron NW,New Construction,Temporary,0,3,2026-06-01,2026-09-30,,,CONSTRUCTION$OTHER,,,12,20,,,32,,,,
2025-AAL-1319-NRA,,Studying,,2025-07-25,2025-07-25,,,56.31487222,-158.36925833,4D,,,Runway NW,Chignik,Lake and Peninsula,164,AK,CHIGNIK,1485,33,Y,Gravel resurface,Apron NW,New Construction,Temporary,0,3,2026-06-01,2026-09-30,,,CONSTRUCTION$OTHER,,,12,20,,,32,,,,
2025-AAL-1320-NRA,,Studying,,2025-07-25,2025-07-25,,,56.30837222,-158.37671667,4D,,,Taxiway NW,Chignik,Lake and Peninsula,164,AK,CHIGNIK,1332,212,Y,Gravel resurface,Apron NW,New Construction,Temporary,0,3,2026-06-01,2026-09-30,,,CONSTRUCTION$OTHER,,,12,20,,,32,,,,
2025-AAL-1321-NRA,,Studying,,2025-07-25,2025-07-25,,,56.30823889,-158.37688611,4D,,,Taxiway SW,Chignik,Lake and Peninsula,164,AK,CHIGNIK,1391,212,Y,Gravel resurface,Apron NW,New Construction,Temporary,0,3,2026-06-01,2026-09-30,,,CONSTRUCTION$OTHER,,,12,20,,,32,,,,
2025-AAL-1322-NRA,,Studying,,2025-07-25,2025-07-25,,,56.30815278,-158.37665278,4D,,,Taxiway SE,Chignik,Lake and Peninsula,164,AK,CHIGNIK,1394,210,Y,Gravel resurface,Apron NW,New Construction,Temporary,0,3,2026-06-01,2026-09-30,,,CONSTRUCTION$OTHER,,,12,20,,,32,,,,
2025-AAL-1323-NRA,,Studying,,2025-07-25,2025-07-25,,,56.30828056,-158.37648611,4D,,,Taxiway NE,Chignik,Lake and Peninsula,164,AK,CHIGNIK,1337,210,Y,Gravel resurface,Apron NW,New Construction,Temporary,0,3,2026-06-01,2026-09-30,,,CONSTRUCTION$OTHER,,,12,20,,,32,,,,
2025-AAL-1324-NRA,,Studying,,2025-07-25,2025-07-25,,,56.30774444,-158.37678056,4D,,,Access Rd NW,Chignik,Lake and Peninsula,164,AK,CHIGNIK,1537,208,Y,Gravel resurface,Apron NW,New Construction,Temporary,0,3,2026-06-01,2026-09-30,,,CONSTRUCTION$OTHER,,,12,20,,,32,,,,
2025-AAL-1325-NRA,,Studying,,2025-07-25,2025-07-25,,,56.30626111,-158.37660556,4D,,,Access Rd SW,Chignik,Lake and Peninsula,164,AK,CHIGNIK,2019,200,Y,Gravel resurface,Apron NW,New Construction,Temporary,0,3,2026-06-01,2026-09-30,,,CONSTRUCTION$OTHER,,,12,20,,,32,,,,
2025-AAL-1326-NRA,,Studying,,2025-07-25,2025-07-25,,,56.30627778,-158.37647222,4D,,,Access Rd SE,Chignik,Lake and Peninsula,164,AK,CHIGNIK,2005,199,Y,Gravel resurface,Apron NW,New Construction,Temporary,0,3,2026-06-01,2026-09-30,,,CONSTRUCTION$OTHER,,,12,20,,,32,,,,
2025-AAL-1327-NRA,,Studying,,2025-07-25,2025-07-25,,,56.30769444,-158.37666667,4D,,,Access Rd NE,Chignik,Lake and Peninsula,164,AK,CHIGNIK,1543,207,Y,Gravel resurface,Apron NW,New Construction,Temporary,0,3,2026-06-01,2026-09-30,,,CONSTRUCTION$OTHER,,,12,20,,,32,,,,
2025-AAL-1329-NRA,,Studying,,2025-07-25,2025-07-25,,,56.30771111,-158.37665278,4D,,,Apron SE,Chignik,Lake and Peninsula,164,AK,CHIGNIK,1536,207,Y,Gravel resurface,Apron NW,New Construction,Temporary,0,3,2026-06-01,2026-09-30,,,CONSTRUCTION$OTHER,,,12,20,,,32,,,,
2025-AAL-1330-NRA,,Studying,,2025-07-25,2025-07-25,,,56.30857222,-158.375525,4D,,,Apron NE,Chignik,Lake and Peninsula,164,AK,CHIGNIK,1154,204,Y,Gravel resurface,Apron NW,New Construction,Temporary,0,3,2026-06-01,2026-09-30,,,CONSTRUCTION$OTHER,,,12,20,,,32,,,,
2025-AAL-1331-NRA,,Studying,,2025-07-25,2025-07-25,,,56.30873056,-158.37588333,4D,,,FFY25 Chignik SPM,Chignik,Lake and Peninsula,164,AK,CHIGNIK,1133,208,Y,Gravel resurface,Apron NW,New Construction,Temporary,0,3,2026-06-01,2026-09-30,,,CONSTRUCTION$OTHER,,,12,21,,,33,,,,
2025-AAL-1332-NRA,,Studying,,2025-07-25,2025-07-25,,,59.75047222,-154.92363611,4D,,,Apron West NW,Iliamna,Lake and Peninsula,164,AK,ILIAMNA,2159,210,Y,Surface Preservation and Marking,TW B SW,New Construction,Temporary,0,13,2025-07-25,2026-08-25,,,CONSTRUCTION$OTHER,,,12,155,,,167,,,,
2025-AAL-1333-NRA,,Studying,,2025-07-25,2025-07-25,,,59.74975833,-154.92368333,4D,,,Apron West SW,Iliamna,Lake and Peninsula,164,AK,ILIAMNA,2392,207,Y,Surface Preservation and Marking,TW B SW,New Construction,Temporary,0,13,2025-07-25,2026-08-25,,,CONSTRUCTION$OTHER,,,12,155,,,167,,,,
2025-AAL-1334-NRA,,Studying,,2025-07-25,2025-07-25,,,59.74971944,-154.92139722,4D,,,Apron West SE,Iliamna,Lake and Peninsula,164,AK,ILIAMNA,2244,197,Y,Surface Preservation and Marking,TW B SW,New Construction,Temporary,0,13,2025-07-25,2026-08-25,,,CONSTRUCTION$OTHER,,,12,155,,,167,,,,
2025-AAL-1335-NRA,,Studying,,2025-07-25,2025-07-25,,,59.75165833,-154.92118056,4D,,,TW B NE,Iliamna,Lake and Peninsula,164,AK,ILIAMNA,1566,204,Y,Surface Preservation and Marking,TW B SW,New Construction,Temporary,0,13,2025-07-25,2026-08-25,,,CONSTRUCTION$OTHER,,,12,155,,,167,,,,
2025-AAL-1336-NRA,,Studying,,2025-07-25,2025-07-25,,,59.75166667,-154.92154444,4D,,,TW B NW,Iliamna,Lake and Peninsula,164,AK,ILIAMNA,1592,206,Y,Surface Preservation and Marking,TW B SW,New Construction,Temporary,0,13,2025-07-25,2026-08-25,,,CONSTRUCTION$OTHER,,,12,155,,,167,,,,
2025-AAL-1337-NRA,,Studying,,2025-07-25,2025-07-25,,,59.75540278,-154.91165,4D,,,TW A SW,Iliamna,Lake and Peninsula,164,AK,ILIAMNA,1127,93,Y,Surface Preservation and Marking,TW B SW,New Construction,Temporary,0,13,2025-07-25,2026-08-25,,,CONSTRUCTION$OTHER,,,12,155,,,167,,,,
2025-AAL-1338-NRA,,Studying,,2025-07-25,2025-07-25,,,59.75528889,-154.91007778,4D,,,TW A SE,Iliamna,Lake and Peninsula,164,AK,ILIAMNA,1419,94,Y,Surface Preservation and Marking,TW B SW,New Construction,Temporary,0,13,2025-07-25,2026-08-25,,,CONSTRUCTION$OTHER,,,12,155,,,167,,,,
2025-AAL-1339-NRA,,Studying,,2025-07-25,2025-07-25,,,59.75172222,-154.91131944,4D,,,TW C SW,Iliamna,Lake and Peninsula,164,AK,ILIAMNA,1842,140,Y,Surface Preservation and Marking,TW B SW,New Construction,Temporary,0,13,2025-07-25,2026-08-25,,,CONSTRUCTION$OTHER,,,12,155,,,167,,,,
2025-AAL-1340-NRA,,Studying,,2025-07-25,2025-07-25,,,59.75170833,-154.91045556,4D,,,TW C SE,Iliamna,Lake and Peninsula,164,AK,ILIAMNA,1952,136,Y,Surface Preservation and Marking,TW B SW,New Construction,Temporary,0,13,2025-07-25,2026-08-25,,,CONSTRUCTION$OTHER,,,12,155,,,167,,,,
2025-AAL-1341-NRA,,Studying,,2025-07-25,2025-07-25,,,59.75391389,-154.90996944,4D,,,Apron East SW,Iliamna,Lake and Peninsula,164,AK,ILIAMNA,1559,113,Y,Surface Preservation and Marking,TW B SW,New Construction,Temporary,0,13,2025-07-25,2026-08-25,,,CONSTRUCTION$OTHER,,,12,155,,,167,,,,
2025-AAL-1342-NRA,,Studying,,2025-07-25,2025-07-25,,,59.75377222,-154.90838333,4D,,,Apron East SE,Iliamna,Lake and Peninsula,164,AK,ILIAMNA,1850,111,Y,Surface Preservation and Marking,TW B SW,New Construction,Temporary,0,13,2025-07-25,2026-08-25,,,CONSTRUCTION$OTHER,,,12,155,,,167,,,,
2025-AAL-1343-NRA,,Studying,,2025-07-25,2025-07-25,,,59.75795,-154.90706111,4D,,,Apron East NE,Iliamna,Lake and Peninsula,164,AK,ILIAMNA,2154,66,Y,Surface Preservation and Marking,TW B SW,New Construction,Temporary,0,13,2025-07-25,2026-08-25,,,CONSTRUCTION$OTHER,,,12,155,,,167,,,,
2025-AAL-1344-NRA,,Studying,,2025-07-25,2025-07-25,,,59.75803056,-154.90824444,4D,,,Apron East NW,Iliamna,Lake and Peninsula,164,AK,ILIAMNA,1969,63,Y,Surface Preservation and Marking,TW B SW,New Construction,Temporary,0,13,2025-07-25,2026-08-25,,,CONSTRUCTION$OTHER,,,12,155,,,167,,,,
2025-AAL-1345-NRA,,Studying,,2025-07-25,2025-07-25,,,59.75553333,-154.90915,4D,,,TW A NE,Iliamna,Lake and Peninsula,164,AK,ILIAMNA,1587,91,Y,Surface Preservation and Marking,TW B SW,New Construction,Temporary,0,13,2025-07-25,2026-08-25,,,CONSTRUCTION$OTHER,,,12,155,,,167,,,,
2025-AAL-1346-NRA,,Studying,,2025-07-25,2025-07-25,,,59.75578611,-154.91151667,4D,,,TW A NW,Iliamna,Lake and Peninsula,164,AK,ILIAMNA,1152,86,Y,Surface Preservation and Marking,TW B SW,New Construction,Temporary,0,13,2025-07-25,2026-08-25,,,CONSTRUCTION$OTHER,,,12,155,,,167,,,,
2025-AAL-1347-NRA,,Studying,,2025-07-25,2025-07-25,,,59.76256944,-154.90938333,4D,,,18/36 NE,Iliamna,Lake and Peninsula,164,AK,ILIAMNA,2985,31,Y,Surface Preservation and Marking,TW B SW,New Construction,Temporary,0,13,2025-07-25,2026-08-25,,,CONSTRUCTION$OTHER,,,12,155,,,167,,,,
2025-AAL-1348-NRA,,Studying,,2025-07-25,2025-07-25,,,59.76261389,-154.90993333,4D,,,18/36 NW,Iliamna,Lake and Peninsula,164,AK,ILIAMNA,2948,29,Y,Surface Preservation and Marking,TW B SW,New Construction,Temporary,0,13,2025-07-25,2026-08-25,,,CONSTRUCTION$OTHER,,,12,155,,,167,,,,
2025-AAL-1349-NRA,,Studying,,2025-07-25,2025-07-25,,,59.74963056,-154.91401944,4D,,,18/36 SW,Iliamna,Lake and Peninsula,164,AK,ILIAMNA,2280,162,Y,Surface Preservation and Marking,TW B SW,New Construction,Temporary,0,13,2025-07-25,2026-08-25,,,CONSTRUCTION$OTHER,,,12,155,,,167,,,,
2025-AAL-1350-NRA,,Studying,,2025-07-25,2025-07-25,,,59.7496,-154.91349167,4D,,,18/36 SE,Iliamna,Lake and Peninsula,164,AK,ILIAMNA,2322,160,Y,Surface Preservation and Marking,TW B SW,New Construction,Temporary,0,13,2025-07-25,2026-08-25,,,CONSTRUCTION$OTHER,,,12,155,,,167,,,,
2025-AAL-1351-NRA,,Studying,,2025-07-25,2025-07-25,,,59.75114167,-154.89656111,4D,,,8/26 SE,Iliamna,Lake and Peninsula,164,AK,ILIAMNA,4231,113,Y,Surface Preservation and Marking,TW B SW,New Construction,Temporary,0,13,2025-07-25,2026-08-25,,,CONSTRUCTION$OTHER,,,12,155,,,167,,,,
2025-AAL-1352-NRA,,Studying,,2025-07-25,2025-07-25,,,59.75140278,-154.89655278,4D,,,8/26 NE,Iliamna,Lake and Peninsula,164,AK,ILIAMNA,4197,111,Y,Surface Preservation and Marking,TW B SW,New Construction,Temporary,0,13,2025-07-25,2026-08-25,,,CONSTRUCTION$OTHER,,,12,155,,,167,,,,
2025-AAL-1353-NRA,,Studying,,2025-07-25,2025-07-25,,,59.75198333,-154.92410556,4D,,,8/26 NW,Iliamna,Lake and Peninsula,164,AK,ILIAMNA,1761,222,Y,Surface Preservation and Marking,TW B SW,New Construction,Temporary,0,13,2025-07-25,2026-08-25,,,CONSTRUCTION$OTHER,,,12,155,,,167,,,,
2025-AAL-1354-NRA,,Studying,,2025-07-25,2025-07-25,,,59.75171944,-154.92412778,4D,,,8/26 SW,Iliamna,Lake and Peninsula,164,AK,ILIAMNA,1836,220,Y,Surface Preservation and Marking,TW B SW,New Construction,Temporary,0,13,2025-07-25,2026-08-25,,,CONSTRUCTION$OTHER,,,12,155,,,167,,,,
2025-AAL-1355-NRA,,Studying,,2025-07-25,2025-07-25,,,59.750425,-154.92156389,4D,,,FFY25 Iliamna SPM,Iliamna,Lake and Peninsula,164,AK,ILIAMNA,2010,200,Y,Surface Preservation and Marking,TW B SW,New Construction,Temporary,0,13,2025-07-25,2026-08-25,,,CONSTRUCTION$OTHER,,,12,185,,,197,,,,
2025-AAL-1356-NRA,,Studying,,2025-07-25,2025-07-25,,,56.00696111,-161.16918333,4D,,,Stockpile,Nelson Lagoon,Aleutians East,13,AK,NELSON LAGOON,1817,263,Y,Gravel Resurface,Apron NE,New Construction,Temporary,0,4,2026-05-31,2026-09-30,,,CONSTRUCTION$OTHER,,,15,15,,,30,,,,
2025-AAL-1357-NRA,,Studying,,2025-07-25,2025-07-25,,,56.00686111,-161.15061111,4D,,,Runway SE,Nelson Lagoon,Aleutians East,13,AK,NELSON LAGOON,2012,97,Y,Gravel Resurface,Apron NE,New Construction,Temporary,0,4,2026-05-31,2026-09-30,,,CONSTRUCTION$OTHER,,,12,15,,,27,,,,
2025-AAL-1358-NRA,,Studying,,2025-07-25,2025-07-25,,,56.00700278,-161.1506,4D,,,Runway NE,Nelson Lagoon,Aleutians East,13,AK,NELSON LAGOON,2008,96,Y,Gravel Resurface,Apron NE,New Construction,Temporary,0,4,2026-05-31,2026-09-30,,,CONSTRUCTION$OTHER,,,12,15,,,27,,,,
2025-AAL-1359-NRA,,Studying,,2025-07-25,2025-07-25,,,56.00814722,-161.1699,4D,,,Runway NW,Nelson Lagoon,Aleutians East,13,AK,NELSON LAGOON,1964,277,Y,Gravel Resurface,Apron NE,New Construction,Temporary,0,4,2026-05-31,2026-09-30,,,CONSTRUCTION$OTHER,,,12,15,,,27,,,,
2025-AAL-1360-NRA,,Studying,,2025-07-25,2025-07-25,,,56.00801667,-161.16991944,4D,,,Runway SW,Nelson Lagoon,Aleutians East,13,AK,NELSON LAGOON,1963,275,Y,Gravel Resurface,Apron NE,New Construction,Temporary,0,4,2026-05-31,2026-09-30,,,CONSTRUCTION$OTHER,,,12,15,,,27,,,,
2025-AAL-1361-NRA,,Studying,,2025-07-25,2025-07-25,,,56.00783611,-161.167075,4D,,,Taxiway Nw,Nelson Lagoon,Aleutians East,13,AK,NELSON LAGOON,1377,275,Y,Gravel Resurface,Apron NE,New Construction,Temporary,0,4,2026-05-31,2026-09-30,,,CONSTRUCTION$OTHER,,,12,15,,,27,,,,
2025-AAL-1362-NRA,,Studying,,2025-07-25,2025-07-25,,,56.00782778,-161.16688889,4D,,,Taxiway NE,Nelson Lagoon,Aleutians East,13,AK,NELSON LAGOON,1339,275,Y,Gravel Resurface,Apron NE,New Construction,Temporary,0,4,2026-05-31,2026-09-30,,,CONSTRUCTION$OTHER,,,12,15,,,27,,,,
2025-AAL-1363-NRA,,Studying,,2025-07-25,2025-07-25,,,56.00720556,-161.16718056,4D,,,Taxiway SW,Nelson Lagoon,Aleutians East,13,AK,NELSON LAGOON,1400,265,Y,Gravel Resurface,Apron NE,New Construction,Temporary,0,4,2026-05-31,2026-09-30,,,CONSTRUCTION$OTHER,,,12,15,,,27,,,,
2025-AAL-1364-NRA,,Studying,,2025-07-25,2025-07-25,,,56.00719444,-161.16700278,4D,,,Taxiway SE,Nelson Lagoon,Aleutians East,13,AK,NELSON LAGOON,1364,265,Y,Gravel Resurface,Apron NE,New Construction,Temporary,0,4,2026-05-31,2026-09-30,,,CONSTRUCTION$OTHER,,,12,15,,,27,,,,
2025-AAL-1365-NRA,,Studying,,2025-07-25,2025-07-25,,,56.00735,-161.169675,4D,,,Apron NW,Nelson Lagoon,Aleutians East,13,AK,NELSON LAGOON,1906,268,Y,Gravel Resurface,Apron NE,New Construction,Temporary,0,4,2026-05-31,2026-09-30,,,CONSTRUCTION$OTHER,,,12,15,,,27,,,,
2025-AAL-1366-NRA,,Studying,,2025-07-25,2025-07-25,,,56.00688333,-161.16975556,4D,,,Apron SW,Nelson Lagoon,Aleutians East,13,AK,NELSON LAGOON,1936,263,Y,Gravel Resurface,Apron NE,New Construction,Temporary,0,4,2026-05-31,2026-09-30,,,CONSTRUCTION$OTHER,,,12,15,,,27,,,,
2025-AAL-1367-NRA,,Studying,,2025-07-25,2025-07-25,,,56.00668333,-161.166125,4D,,,Apron SE,Nelson Lagoon,Aleutians East,13,AK,NELSON LAGOON,1219,255,Y,Gravel Resurface,Apron NE,New Construction,Temporary,0,4,2026-05-31,2026-09-30,,,CONSTRUCTION$OTHER,,,12,15,,,27,,,,
2025-AAL-1368-NRA,,Studying,,2025-07-25,2025-07-25,,,56.00714444,-161.16597778,4D,,,Nelson Lagoon Gravel Resurface,Nelson Lagoon,Aleutians East,13,AK,NELSON LAGOON,1157,263,Y,Gravel Resurface,Apron NE,New Construction,Temporary,0,4,2026-05-31,2026-09-30,,,CONSTRUCTION$OTHER,,,12,15,,,27,,,,
2025-AAL-1373-NRA,,Studying,,2025-07-29,2025-07-29,,,61.18520278,-149.97215,4D,,,Floating Dock - Floatplane Parking,Anchorage,Anchorage,20,AK,LAKE HOOD,1303,246,Y,Floating U shaped dock approximately 20' x 40' x 20'.,North shore Lake Hood adjacent north ramp.,New Construction,Permanent,,,,,,,PARKING,,,2,67,,,69,,,,
2025-AAL-1375-NRA,2025-AAL-1296-NRA,Studying,,2025-07-31,2025-07-31,,,64.82108378,-147.83030455,4D,,,Solar Panel Install On Existing Hangar,"Fairbanks, AK",Fairbanks North Star,90,AK,FAIRBANKS INTL,4611,63,Y,Install solar panels on roof of existing hangar,Existing Hangar at East Ramp of Fairbanks International Airport,New Construction,Permanent,,,,,,,BUILDING,,,34,435,,,469,,,,
2025-AAL-1377-NRA,,Studying,,2025-08-01,2025-08-01,,,52.21416944,-174.20376667,4D,,,Runway SW,Atka,Aleutians West,16,AK,ATKA,2404,167,Y,Surface markings,Atka Airport,New Construction,Temporary,0,12,2025-08-01,2026-08-01,,,CONSTRUCTION$OTHER,,,12,33,,,45,,,,
2025-AAL-1378-NRA,,Studying,,2025-08-01,2025-08-01,,,52.21423611,-174.20333889,4D,,,Runway SE,Atka,Aleutians West,16,AK,ATKA,2404,165,Y,Surface markings,Atka Airport,New Construction,Temporary,0,12,2025-08-01,2026-08-01,,,CONSTRUCTION$OTHER,,,12,33,,,45,,,,
2025-AAL-1379-NRA,,Studying,,2025-08-01,2025-08-01,,,52.22693611,-174.20881944,4D,,,Runway NE,Atka,Aleutians West,16,AK,ATKA,2142,346,Y,Surface markings,Atka Airport,New Construction,Temporary,0,12,2025-08-01,2026-08-01,,,CONSTRUCTION$OTHER,,,12,33,,,45,,,,
2025-AAL-1380-NRA,,Studying,,2025-08-01,2025-08-01,,,52.22687222,-174.209225,4D,,,Runway NW,Atka,Aleutians West,16,AK,ATKA,2144,343,Y,Surface markings,Atka Airport,New Construction,Temporary,0,12,2025-08-01,2026-08-01,,,CONSTRUCTION$OTHER,,,12,33,,,45,,,,
2025-AAL-1381-NRA,,Studying,,2025-08-01,2025-08-01,,,52.21676944,-174.20651389,4D,,,Taxiway NW,Atka,Aleutians West,16,AK,ATKA,1394,183,Y,Surface markings,Atka Airport,New Construction,Temporary,0,12,2025-08-01,2026-08-01,,,CONSTRUCTION$OTHER,,,12,33,,,45,,,,
2025-AAL-1382-NRA,,Studying,,2025-08-01,2025-08-01,,,52.21639444,-174.20638611,4D,,,Taxiway SW,Atka,Aleutians West,16,AK,ATKA,1530,182,Y,Surface markings,Atka Airport,New Construction,Temporary,0,12,2025-08-01,2026-08-01,,,CONSTRUCTION$OTHER,,,12,33,,,45,,,,
2025-AAL-1383-NRA,,Studying,,2025-08-01,2025-08-01,,,52.21687778,-174.20494444,4D,,,Taxiway SE,Atka,Aleutians West,16,AK,ATKA,1381,168,Y,Surface markings,Atka Airport,New Construction,Temporary,0,12,2025-08-01,2026-08-01,,,CONSTRUCTION$OTHER,,,12,33,,,45,,,,
2025-AAL-1384-NRA,,Studying,,2025-08-01,2025-08-01,,,52.217025,-174.20501111,4D,,,Taxiway NE,Atka,Aleutians West,16,AK,ATKA,1326,168,Y,Surface markings,Atka Airport,New Construction,Temporary,0,12,2025-08-01,2026-08-01,,,CONSTRUCTION$OTHER,,,12,33,,,45,,,,
2025-AAL-1385-NRA,,Studying,,2025-08-01,2025-08-01,,,52.21588611,-174.20748889,4D,,,Apron SW,Atka,Aleutians West,16,AK,ATKA,1739,190,Y,Surface markings,Atka Airport,New Construction,Temporary,0,12,2025-08-01,2026-08-01,,,CONSTRUCTION$OTHER,,,12,33,,,45,,,,
2025-AAL-1386-NRA,,Studying,,2025-08-01,2025-08-01,,,52.21608611,-174.20620833,4D,,,Apron SE,Atka,Aleutians West,16,AK,ATKA,1642,180,Y,Surface markings,Atka Airport,New Construction,Temporary,0,12,2025-08-01,2026-08-01,,,CONSTRUCTION$OTHER,,,12,33,,,45,,,,
2025-AAL-1387-NRA,,Studying,,2025-08-01,2025-08-01,,,52.21665,-174.207825,4D,,,Apron NW Atka,Atka,Aleutians West,16,AK,ATKA,1482,194,Y,Surface markings,Atka Airport,New Construction,Temporary,0,12,2025-08-01,2026-08-01,,,CONSTRUCTION$OTHER,,,12,36,,,48,,,,
2025-AAL-1388-NRA,,Studying,,2025-08-01,2025-08-01,,,52.21685556,-174.20656111,4D,,,Apron NE,Atka,Aleutians West,16,AK,ATKA,1363,183,Y,Surface markings,Atka Airport,New Construction,Temporary,0,12,2025-08-01,2026-08-01,,,CONSTRUCTION$OTHER,,,12,33,,,45,,,,
""
Data as of 08/02/2025 01:19 AM
